Unnamed: 0,"X,Y","""FabLab""
AC:84:C6:3E:EF:51","""Convertidores Estaticos""
20:AA:4B:AE:FD:0A","""linksys""
00:25:9C:98:4B:7D","""Lab ERNC""
00:90:4C:91:00:03","""AP_1612927617""
BC:54:F9:FC:7F:60","""Vibraciones""
50:C7:BF:DD:C3:B3","""SalaEstudioMecanica""
80:2A:A8:D4:F3:58","""Baxter""
EC:22:80:F3:EB:EA","""Sala Dise\xC3\xB1o""
0A:18:D6:CB:01:A4","""Laboratorio de Redes""
48:F8:B3:22:4C:FA","""Docentes FI""
0E:18:D6:CB:01:A4","""Lab Energia Renovable 2""
98:FC:11:54:32:53","""Microondas""
48:F8:B3:22:4D:4B"
0,"(0,0)",-77,-70,-77,-71,-70,-70,-79,-70,-75,-60,-73,-69,-77
1,"(0,0)",-77,-70,-77,-71,-71,-70,-79,-70,-74,-59,-74,-71,-77
2,"(0,0)",-77,-71,-77,-71,-71,-70,-79,-70,-74,-58,-73,-71,-77
3,"(0,0)",-77,-71,-77,-72,-71,-70,-79,-73,-74,-58,-73,-71,-77
4,"(0,0)",-77,-71,-77,-72,-71,-71,-79,-72,-74,-58,-75,-71,-77
5,"(0,0)",-77,-71,-77,-72,-71,-71,-79,-72,-75,-58,-74,-71,-77
6,"(0,0)",-77,-71,-77,-72,-71,-71,-79,-74,-75,-58,-74,-71,-77
7,"(0,0)",-77,-71,-77,-73,-71,-71,-79,-75,-74,-57,-74,-71,-77
8,"(0,0)",-76,-71,-77,-74,-71,-71,-79,-75,-74,-58,-73,-71,-77
9,"(0,0)",-77,-71,-77,-74,-71,-70,-79,-74,-75,-57,-73,-71,-77
10,"(0,0)",-77,-71,-77,-74,-71,-71,-79,-74,-75,-57,-74,-71,-77
11,"(0,0)",-77,-71,-77,-73,-71,-70,-79,-75,-74,-57,-74,-71,-77
12,"(0,0)",-77,-71,-77,-73,-71,-72,-79,-75,-74,-57,-73,-71,-77
13,"(0,0)",-77,-71,-77,-73,-71,-70,-79,-75,-74,-57,-74,-71,-77
14,"(0,0)",-77,-71,-78,-73,-71,-70,-79,-76,-73,-58,-75,-71,-77
15,"(0,0)",-77,-71,-78,-73,-71,-70,-79,-75,-73,-56,-74,-71,-77
16,"(0,0)",-77,-71,-78,-73,-71,-70,-79,-75,-73,-56,-74,-71,-77
17,"(0,0)",-77,-71,-78,-73,-71,-70,-79,-75,-74,-56,-74,-71,-77
18,"(0,0)",-77,-71,-78,-73,-71,-70,-79,-75,-75,-57,-74,-71,-77
19,"(0,0)",-76,-71,-77,-73,-71,-70,-79,-75,-75,-56,-79,-71,-77
20,"(0,0)",-76,-71,-77,-73,-71,-70,-79,-76,-76,-57,-76,-71,-77
21,"(0,0)",-76,-71,-77,-73,-71,-70,-79,-75,-73,-56,-74,-71,-77
22,"(0,0)",-77,-71,-77,-73,-71,-70,-79,-75,-74,-56,-75,-71,-77
23,"(0,0)",-77,-71,-78,-73,-71,-70,-79,-74,-74,-56,-75,-71,-77
24,"(0,0)",-77,-71,-78,-73,-71,-70,-79,-74,-75,-56,-75,-71,-79
25,"(0,0)",-77,-71,-78,-74,-71,-69,-79,-74,-75,-56,-75,-71,-78
26,"(0,0)",-76,-71,-78,-75,-71,-69,-79,-73,-74,-56,-75,-71,-78
27,"(0,0)",-76,-71,-78,-75,-71,-70,-79,-74,-74,-59,-75,-71,-78
28,"(0,0)",-77,-71,-78,-74,-71,-70,-79,-75,-75,-58,-75,-71,-78
29,"(0,0)",-77,-71,-78,-74,-71,-70,-79,-75,-75,-57,-75,-71,-78
30,"(0,0)",-77,-71,-78,-73,-71,-70,-79,-75,-74,-56,-75,-71,-78
31,"(0,0)",-77,-72,-78,-73,-71,-70,-79,-75,-74,-57,-75,-71,-78
32,"(0,0)",-77,-72,-78,-74,-71,-70,-79,-75,-74,-56,-75,-73,-78
33,"(0,0)",-77,-72,-78,-74,-71,-70,-79,-75,-74,-57,-75,-73,-76
34,"(0,0)",-76,-72,-78,-74,-71,-70,-79,-75,-74,-57,-74,-73,-76
35,"(0,0)",-77,-72,-78,-73,-71,-70,-79,-75,-74,-57,-74,-73,-77
36,"(0,0)",-77,-72,-78,-73,-71,-70,-79,-75,-74,-56,-74,-72,-77
37,"(0,0)",-77,-72,-78,-73,-71,-70,-79,-73,-73,-56,-74,-72,-77
38,"(0,0)",-77,-72,-78,-74,-71,-70,-79,-73,-73,-56,-74,-72,-77
39,"(0,0)",-77,-72,-78,-73,-71,-70,-79,-73,-75,-57,-75,-72,-77
40,"(0,0)",-76,-71,-78,-73,-71,-70,-79,-74,-75,-56,-76,-72,-77
41,"(0,0)",-75,-71,-78,-73,-71,-70,-79,-74,-75,-56,-76,-72,-77
42,"(0,0)",-76,-71,-78,-74,-71,-70,-79,-74,-76,-57,-76,-72,-77
43,"(0,0)",-76,-71,-78,-74,-71,-70,-79,-73,-75,-56,-76,-72,-77
44,"(0,0)",-77,-71,-79,-73,-71,-70,-79,-73,-74,-56,-76,-72,-77
45,"(0,0)",-77,-71,-79,-73,-71,-70,-79,-73,-74,-56,-77,-72,-77
46,"(0,0)",-77,-71,-79,-73,-71,-70,-79,-73,-74,-57,-77,-72,-77
47,"(0,0)",-77,-71,-79,-74,-71,-70,-79,-72,-75,-56,-82,-72,-77
48,"(0,0)",-77,-71,-79,-74,-71,-71,-79,-72,-75,-57,-81,-72,-76
49,"(0,0)",-77,-71,-79,-73,-71,-70,-79,-72,-75,-56,-79,-72,-77
50,"(0,0)",-77,-71,-79,-73,-71,-69,-79,-72,-75,-56,-79,-72,-77
51,"(0,0)",-77,-71,-79,-72,-71,-69,-79,-72,-75,-56,-77,-72,-77
52,"(0,0)",-77,-71,-79,-72,-71,-70,-79,-72,-76,-56,-76,-72,-77
53,"(0,0)",-77,-71,-79,-72,-71,-70,-79,-72,-75,-56,-77,-72,-77
54,"(0,0)",-76,-71,-78,-72,-71,-70,-79,-72,-74,-57,-77,-72,-77
55,"(0,0)",-77,-71,-78,-72,-71,-70,-79,-72,-74,-56,-76,-72,-77
56,"(0,0)",-77,-71,-78,-72,-71,-69,-79,-72,-74,-57,-75,-72,-77
57,"(0,0)",-77,-71,-78,-72,-71,-69,-79,-72,-75,-56,-75,-72,-77
58,"(0,0)",-77,-71,-78,-72,-71,-70,-79,-75,-75,-56,-75,-72,-77
59,"(0,0)",-77,-71,-78,-72,-71,-70,-79,-74,-76,-56,-75,-72,-77
60,"(0,0)",-76,-71,-78,-72,-71,-70,-79,-74,-76,-56,-76,-72,-77
61,"(0,0)",-77,-71,-78,-72,-71,-70,-79,-74,-75,-56,-75,-72,-77
62,"(0,0)",-77,-71,-78,-73,-71,-70,-79,-74,-75,-57,-75,-72,-77
63,"(0,0)",-77,-71,-78,-73,-71,-70,-79,-74,-75,-57,-75,-72,-77
64,"(0,0)",-77,-71,-78,-73,-71,-70,-79,-73,-75,-57,-75,-72,-77
65,"(0,0)",-77,-71,-78,-73,-71,-70,-79,-74,-73,-57,-75,-72,-77
66,"(0,0)",-77,-71,-78,-73,-71,-70,-79,-74,-74,-57,-78,-72,-77
67,"(0,0)",-77,-71,-78,-73,-71,-70,-79,-74,-75,-57,-80,-71,-77
68,"(0,0)",-77,-71,-78,-73,-71,-70,-79,-74,-74,-57,-78,-71,-76
69,"(0,0)",-77,-71,-78,-73,-71,-70,-79,-74,-74,-56,-78,-71,-77
70,"(0,0)",-77,-71,-78,-73,-71,-70,-79,-75,-74,-56,-77,-71,-77
71,"(0,0)",-77,-71,-78,-73,-71,-70,-79,-74,-75,-56,-77,-71,-77
72,"(0,0)",-77,-71,-78,-73,-71,-70,-79,-73,-75,-56,-76,-71,-77
73,"(0,0)",-77,-71,-78,-72,-71,-70,-79,-73,-75,-56,-76,-71,-77
74,"(0,0)",-78,-71,-78,-72,-71,-70,-79,-73,-75,-57,-76,-71,-77
75,"(0,0)",-77,-71,-78,-72,-71,-70,-79,-73,-75,-56,-76,-71,-77
76,"(0,0)",-76,-71,-78,-72,-71,-70,-72,-74,-57,-76,-71,-77,-73
77,"(0,0)",-76,-71,-78,-72,-71,-69,-72,-75,-65,-76,-71,-77,-73
78,"(0,0)",-76,-71,-78,-72,-71,-69,-73,-75,-60,-76,-71,-77,-73
79,"(0,0)",-76,-71,-78,-74,-71,-70,-73,-74,-59,-76,-71,-77,-73
80,"(0,0)",-76,-71,-78,-73,-71,-70,-73,-74,-58,-76,-71,-76,-73
81,"(0,0)",-77,-71,-78,-73,-71,-70,-73,-74,-57,-75,-71,-76,-73
82,"(0,0)",-77,-71,-78,-74,-71,-70,-73,-74,-57,-75,-71,-76,-73
83,"(0,0)",-77,-71,-78,-74,-71,-70,-73,-75,-57,-75,-71,-77,-73
84,"(0,0)",-77,-71,-78,-74,-71,-70,-73,-75,-63,-75,-71,-76,-73
85,"(0,0)",-77,-71,-78,-73,-71,-70,-72,-75,-60,-75,-71,-77,-73
86,"(0,0)",-76,-71,-78,-73,-71,-70,-72,-75,-59,-75,-71,-77,-73
87,"(0,0)",-77,-71,-78,-73,-71,-70,-72,-75,-59,-75,-71,-77,-73
88,"(0,0)",-77,-71,-78,-73,-71,-70,-72,-75,-58,-75,-71,-77,-73
89,"(0,0)",-77,-71,-78,-73,-71,-70,-72,-75,-58,-75,-71,-77,-73
90,"(0,0)",-77,-71,-78,-73,-71,-70,-72,-75,-58,-75,-71,-77,-73
91,"(0,0)",-77,-71,-78,-74,-71,-72,-72,-75,-58,-75,-71,-77,-73
92,"(0,0)",-78,-71,-78,-73,-73,-71,-72,-76,-57,-75,-71,-77,-73
93,"(0,0)",-78,-71,-78,-73,-72,-70,-72,-75,-57,-75,-71,-77,-73
94,"(0,0)",-78,-71,-78,-73,-72,-70,-72,-75,-57,-74,-71,-77,-73
95,"(0,0)",-78,-71,-78,-73,-72,-70,-72,-75,-57,-74,-71,-76,-73
96,"(0,0)",-78,-72,-78,-74,-72,-70,-72,-74,-57,-75,-71,-77,-73
97,"(0,0)",-78,-72,-78,-75,-72,-70,-72,-74,-56,-76,-71,-77,-73
98,"(0,0)",-77,-72,-78,-75,-72,-70,-72,-74,-56,-76,-71,-77,-73
99,"(0,0)",-77,-72,-78,-74,-72,-70,-72,-75,-56,-77,-71,-77,-73
1,"(0,1)",-76,-69,-74,-73,-77,-50,-78,-78,-74,-78,-73,-69,-88
0,"(0,1)",-76,-69,-75,-72,-77,-50,-78,-77,-72,-78,-73,-67,-88
1,"(0,1)",-76,-69,-74,-73,-77,-50,-78,-78,-74,-78,-73,-69,-88
2,"(0,1)",-77,-68,-74,-73,-77,-50,-78,-77,-74,-78,-73,-70,-89
3,"(0,1)",-77,-68,-74,-73,-77,-50,-77,-77,-73,-78,-73,-71,-89
4,"(0,1)",-77,-68,-74,-73,-77,-50,-77,-78,-73,-78,-73,-71,-89
5,"(0,1)",-77,-68,-74,-73,-77,-50,-77,-78,-73,-78,-73,-70,-89
6,"(0,1)",-77,-68,-74,-74,-77,-50,-77,-78,-73,-78,-73,-69,-89
7,"(0,1)",-77,-68,-74,-74,-77,-50,-77,-78,-72,-78,-73,-70,-89
8,"(0,1)",-77,-68,-74,-73,-77,-50,-77,-78,-72,-79,-73,-70,-89
9,"(0,1)",-76,-68,-74,-74,-77,-50,-77,-78,-72,-79,-72,-69,-89
10,"(0,1)",-76,-68,-75,-74,-77,-50,-77,-78,-72,-79,-72,-69,-90
11,"(0,1)",-77,-68,-74,-75,-77,-50,-77,-78,-73,-79,-72,-68,-90
12,"(0,1)",-77,-68,-74,-75,-77,-50,-77,-78,-73,-79,-72,-68,-90
13,"(0,1)",-77,-68,-74,-74,-77,-50,-77,-78,-73,-79,-72,-68,-90
14,"(0,1)",-76,-68,-74,-74,-77,-50,-77,-78,-73,-79,-72,-69,-90
15,"(0,1)",-77,-68,-73,-74,-77,-50,-77,-78,-73,-79,-72,-69,-90
16,"(0,1)",-77,-68,-74,-74,-77,-50,-77,-77,-72,-79,-72,-72,-90
17,"(0,1)",-77,-69,-73,-73,-77,-50,-77,-77,-72,-79,-72,-72,-90
18,"(0,1)",-77,-69,-74,-72,-77,-50,-77,-77,-72,-79,-72,-72,-90
19,"(0,1)",-76,-69,-74,-73,-77,-50,-77,-77,-72,-79,-72,-72,-90
20,"(0,1)",-76,-69,-74,-73,-77,-50,-77,-77,-72,-79,-72,-71,-90
21,"(0,1)",-76,-69,-74,-73,-77,-50,-77,-77,-72,-79,-72,-70,-90
22,"(0,1)",-75,-69,-74,-74,-77,-50,-77,-77,-72,-79,-72,-69,-90
23,"(0,1)",-76,-69,-74,-74,-77,-58,-77,-77,-72,-79,-72,-70,-90
24,"(0,1)",-75,-69,-74,-75,-77,-56,-77,-77,-72,-79,-72,-68,-90
25,"(0,1)",-73,-69,-74,-75,-77,-56,-78,-78,-72,-79,-72,-68,-90
26,"(0,1)",-73,-69,-74,-74,-77,-55,-78,-78,-72,-79,-72,-68,-90
27,"(0,1)",-75,-69,-74,-75,-77,-54,-78,-78,-72,-79,-72,-68,-90
28,"(0,1)",-76,-69,-74,-74,-77,-53,-78,-78,-72,-79,-72,-70,-90
29,"(0,1)",-76,-68,-73,-74,-77,-52,-78,-78,-72,-79,-72,-71,-90
30,"(0,1)",-77,-68,-73,-74,-77,-52,-78,-78,-72,-79,-72,-70,-90
31,"(0,1)",-77,-69,-74,-74,-77,-53,-78,-78,-73,-79,-72,-69,-90
32,"(0,1)",-77,-69,-74,-74,-77,-52,-78,-78,-74,-79,-72,-70,-89
33,"(0,1)",-77,-69,-74,-74,-77,-52,-78,-78,-73,-79,-72,-70,-89
34,"(0,1)",-77,-69,-74,-74,-77,-52,-78,-78,-74,-79,-72,-70,-89
35,"(0,1)",-77,-69,-74,-74,-77,-52,-78,-78,-73,-79,-72,-69,-89
36,"(0,1)",-76,-69,-75,-74,-77,-52,-78,-78,-73,-79,-72,-70,-89
37,"(0,1)",-75,-69,-74,-74,-77,-52,-78,-78,-74,-79,-71,-69,-89
38,"(0,1)",-75,-69,-74,-74,-77,-52,-78,-78,-75,-79,-71,-68,-89
39,"(0,1)",-76,-69,-74,-74,-77,-52,-78,-78,-74,-79,-71,-73,-89
40,"(0,1)",-76,-69,-74,-74,-77,-52,-78,-78,-73,-79,-71,-73,-89
41,"(0,1)",-76,-69,-74,-73,-77,-52,-78,-78,-73,-79,-71,-71,-89
42,"(0,1)",-77,-69,-74,-73,-77,-52,-78,-78,-74,-79,-71,-70,-89
43,"(0,1)",-76,-69,-74,-74,-77,-52,-78,-78,-73,-79,-71,-69,-89
44,"(0,1)",-77,-69,-74,-74,-77,-52,-78,-78,-73,-79,-71,-70,-89
45,"(0,1)",-77,-69,-74,-74,-77,-52,-78,-78,-72,-79,-71,-69,-89
46,"(0,1)",-77,-69,-74,-74,-77,-52,-78,-78,-74,-79,-71,-68,-89
47,"(0,1)",-77,-69,-75,-73,-77,-52,-78,-78,-74,-79,-71,-70,-89
48,"(0,1)",-77,-69,-74,-74,-77,-52,-78,-78,-73,-79,-71,-70,-89
49,"(0,1)",-77,-69,-74,-75,-77,-52,-78,-78,-73,-79,-71,-69,-89
50,"(0,1)",-77,-69,-74,-74,-77,-52,-77,-78,-73,-79,-71,-68,-89
51,"(0,1)",-77,-69,-74,-74,-77,-52,-78,-78,-73,-79,-71,-69,-89
52,"(0,1)",-77,-69,-74,-74,-77,-52,-78,-78,-73,-79,-71,-69,-87
53,"(0,1)",-78,-69,-74,-74,-77,-52,-78,-78,-73,-79,-71,-69,-87
54,"(0,1)",-78,-69,-74,-74,-77,-52,-78,-78,-73,-79,-71,-70,-88
55,"(0,1)",-76,-69,-74,-74,-77,-52,-78,-78,-73,-79,-71,-69,-88
56,"(0,1)",-76,-69,-74,-74,-77,-52,-78,-78,-72,-79,-71,-71,-88
57,"(0,1)",-76,-69,-74,-74,-77,-52,-78,-78,-72,-79,-71,-69,-88
58,"(0,1)",-77,-69,-74,-75,-77,-52,-78,-78,-74,-79,-71,-70,-89
59,"(0,1)",-77,-69,-75,-74,-77,-52,-78,-78,-73,-79,-71,-68,-88
60,"(0,1)",-77,-69,-74,-74,-77,-52,-78,-78,-72,-79,-71,-68,-88
61,"(0,1)",-77,-69,-75,-74,-78,-52,-78,-78,-72,-79,-71,-67,-88
62,"(0,1)",-76,-69,-74,-74,-78,-52,-78,-78,-72,-79,-72,-68,-88
63,"(0,1)",-76,-69,-74,-74,-78,-52,-77,-78,-72,-79,-72,-69,-89
64,"(0,1)",-76,-69,-74,-75,-78,-52,-77,-78,-72,-79,-72,-69,-89
65,"(0,1)",-76,-69,-74,-75,-78,-52,-77,-78,-73,-79,-72,-68,-90
66,"(0,1)",-77,-69,-74,-74,-78,-52,-78,-78,-73,-79,-72,-69,-89
67,"(0,1)",-77,-69,-74,-75,-78,-52,-78,-78,-73,-79,-72,-68,-89
68,"(0,1)",-77,-69,-74,-74,-78,-52,-78,-78,-72,-79,-74,-68,-89
69,"(0,1)",-76,-69,-74,-74,-78,-52,-78,-78,-72,-79,-74,-69,-89
70,"(0,1)",-76,-69,-74,-74,-78,-52,-78,-78,-72,-79,-75,-69,-91
71,"(0,1)",-76,-68,-75,-75,-78,-52,-78,-78,-72,-79,-74,-71,-91
72,"(0,1)",-76,-68,-75,-75,-78,-52,-78,-78,-72,-79,-73,-69,-91
73,"(0,1)",-76,-68,-75,-74,-78,-52,-78,-78,-72,-79,-73,-69,-91
74,"(0,1)",-76,-68,-75,-74,-78,-52,-78,-78,-72,-79,-72,-69,-91
75,"(0,1)",-76,-68,-74,-74,-78,-52,-78,-78,-72,-79,-72,-69,-91
76,"(0,1)",-76,-68,-74,-73,-78,-52,-78,-78,-72,-79,-72,-69,-91
77,"(0,1)",-76,-68,-74,-73,-78,-52,-78,-78,-72,-79,-72,-68,-91
78,"(0,1)",-76,-68,-74,-73,-78,-52,-78,-78,-72,-79,-72,-68,-91
79,"(0,1)",-76,-68,-74,-73,-78,-52,-77,-78,-72,-79,-72,-69,-91
80,"(0,1)",-76,-68,-74,-73,-78,-52,-78,-78,-72,-79,-72,-69,-91
81,"(0,1)",-77,-68,-74,-74,-78,-52,-78,-78,-72,-79,-72,-69,-91
82,"(0,1)",-77,-68,-74,-74,-78,-52,-78,-78,-72,-79,-72,-69,-91
83,"(0,1)",-77,-68,-74,-74,-78,-52,-78,-78,-72,-79,-72,-68,-91
84,"(0,1)",-77,-68,-75,-73,-78,-52,-78,-78,-72,-79,-72,-69,-90
85,"(0,1)",-77,-68,-74,-74,-78,-52,-78,-78,-72,-79,-72,-70,-88
86,"(0,1)",-77,-68,-74,-73,-78,-52,-78,-78,-72,-79,-72,-70,-89
87,"(0,1)",-77,-68,-76,-73,-78,-52,-78,-78,-72,-79,-72,-69,-89
88,"(0,1)",-77,-68,-75,-74,-78,-52,-78,-78,-72,-79,-72,-70,-89
89,"(0,1)",-77,-68,-74,-74,-78,-52,-78,-78,-72,-79,-72,-69,-90
90,"(0,1)",-77,-68,-74,-75,-78,-52,-77,-78,-72,-79,-72,-70,-90
91,"(0,1)",-77,-68,-74,-75,-78,-52,-76,-78,-72,-79,-72,-70,-90
92,"(0,1)",-77,-69,-74,-75,-78,-52,-76,-78,-72,-79,-72,-70,-90
93,"(0,1)",-77,-69,-74,-75,-78,-52,-77,-78,-72,-79,-72,-70,-91
94,"(0,1)",-77,-69,-74,-75,-78,-53,-77,-82,-73,-79,-72,-70,-91
95,"(0,1)",-77,-69,-74,-75,-78,-52,-77,-80,-73,-79,-72,-70,-91
96,"(0,1)",-77,-69,-74,-75,-78,-52,-77,-80,-73,-79,-72,-70,-91
97,"(0,1)",-76,-69,-74,-75,-78,-52,-78,-79,-73,-79,-72,-70,-91
98,"(0,1)",-77,-69,-74,-76,-76,-52,-78,-79,-73,-79,-71,-72,-91
99,"(0,1)",-77,-69,-74,-76,-77,-52,-78,-79,-73,-79,-71,-72,-91
1,"(0,2)",-65,-77,-77,-71,-70,-70,-77,-53,-74,-77,-78,-76,-78
0,"(0,2)",-65,-77,-77,-71,-70,-70,-77,-54,-74,-78,-79,-75,-78
1,"(0,2)",-65,-77,-77,-71,-70,-70,-77,-53,-74,-77,-78,-76,-78
2,"(0,2)",-65,-77,-77,-71,-70,-70,-77,-52,-73,-77,-78,-75,-78
3,"(0,2)",-65,-77,-77,-71,-70,-70,-77,-52,-73,-77,-78,-76,-78
4,"(0,2)",-65,-77,-77,-71,-70,-70,-77,-52,-74,-79,-77,-77,-78
5,"(0,2)",-65,-77,-77,-71,-70,-70,-77,-52,-74,-79,-77,-77,-78
6,"(0,2)",-65,-77,-77,-71,-70,-70,-77,-52,-74,-78,-77,-77,-78
7,"(0,2)",-65,-77,-77,-71,-71,-70,-77,-52,-75,-77,-77,-76,-78
8,"(0,2)",-65,-77,-77,-71,-71,-70,-77,-52,-74,-77,-77,-76,-78
9,"(0,2)",-65,-77,-77,-71,-71,-70,-77,-52,-73,-77,-77,-75,-78
10,"(0,2)",-65,-77,-77,-70,-74,-70,-77,-52,-73,-78,-77,-75,-78
11,"(0,2)",-65,-77,-77,-70,-73,-70,-77,-52,-73,-78,-77,-76,-78
12,"(0,2)",-65,-77,-77,-70,-73,-70,-77,-52,-73,-78,-77,-76,-78
13,"(0,2)",-65,-78,-77,-70,-72,-70,-77,-52,-73,-76,-77,-77,-78
14,"(0,2)",-65,-78,-77,-71,-72,-70,-77,-52,-73,-77,-77,-77,-78
15,"(0,2)",-65,-78,-77,-71,-72,-70,-77,-52,-74,-77,-77,-77,-78
16,"(0,2)",-65,-78,-77,-71,-72,-70,-77,-52,-75,-77,-77,-77,-78
17,"(0,2)",-65,-78,-77,-71,-72,-70,-77,-52,-74,-78,-77,-77,-78
18,"(0,2)",-65,-78,-77,-71,-72,-70,-77,-52,-75,-78,-76,-77,-78
19,"(0,2)",-65,-78,-77,-70,-72,-70,-77,-52,-75,-78,-77,-77,-78
20,"(0,2)",-65,-78,-77,-70,-72,-70,-77,-52,-74,-78,-75,-77,-78
21,"(0,2)",-65,-78,-77,-72,-72,-70,-77,-52,-74,-78,-76,-77,-78
22,"(0,2)",-65,-78,-77,-72,-72,-70,-77,-52,-73,-77,-77,-77,-78
23,"(0,2)",-65,-78,-77,-72,-72,-70,-77,-52,-74,-77,-77,-77,-78
24,"(0,2)",-65,-78,-77,-72,-72,-70,-77,-55,-74,-76,-77,-76,-78
25,"(0,2)",-65,-78,-77,-72,-71,-70,-77,-59,-73,-77,-77,-75,-78
26,"(0,2)",-65,-78,-77,-72,-71,-70,-77,-55,-73,-78,-77,-79,-78
27,"(0,2)",-65,-78,-78,-72,-71,-70,-77,-53,-74,-78,-77,-79,-78
28,"(0,2)",-65,-78,-78,-72,-72,-70,-77,-53,-73,-78,-77,-78,-78
29,"(0,2)",-65,-78,-78,-72,-71,-70,-77,-52,-73,-78,-77,-76,-78
30,"(0,2)",-65,-78,-78,-72,-71,-70,-77,-52,-74,-78,-76,-76,-78
31,"(0,2)",-65,-78,-78,-72,-71,-70,-77,-52,-74,-78,-77,-76,-78
32,"(0,2)",-65,-78,-78,-72,-71,-70,-77,-52,-74,-78,-76,-76,-78
33,"(0,2)",-65,-78,-78,-71,-71,-70,-77,-52,-74,-78,-76,-77,-78
34,"(0,2)",-65,-78,-78,-71,-71,-70,-77,-52,-74,-77,-76,-77,-78
35,"(0,2)",-65,-78,-78,-71,-71,-70,-75,-52,-74,-77,-76,-77,-78
36,"(0,2)",-65,-78,-78,-71,-71,-70,-76,-52,-74,-76,-75,-76,-78
37,"(0,2)",-65,-78,-78,-71,-71,-71,-76,-52,-74,-77,-76,-75,-78
38,"(0,2)",-65,-78,-78,-71,-71,-72,-76,-52,-74,-77,-77,-75,-78
39,"(0,2)",-65,-78,-78,-71,-71,-72,-76,-52,-73,-77,-77,-76,-78
40,"(0,2)",-65,-78,-78,-71,-71,-72,-76,-52,-73,-76,-76,-76,-78
41,"(0,2)",-65,-78,-78,-71,-71,-72,-76,-52,-73,-77,-76,-75,-78
42,"(0,2)",-65,-78,-78,-71,-70,-72,-76,-52,-73,-76,-76,-75,-78
43,"(0,2)",-65,-78,-78,-71,-70,-72,-76,-52,-76,-77,-76,-76,-78
44,"(0,2)",-65,-78,-78,-71,-70,-71,-76,-52,-74,-76,-76,-76,-78
45,"(0,2)",-65,-78,-78,-70,-70,-71,-76,-52,-75,-77,-76,-77,-78
46,"(0,2)",-65,-78,-78,-70,-70,-71,-77,-52,-75,-78,-77,-76,-78
47,"(0,2)",-65,-78,-78,-70,-70,-71,-77,-52,-74,-78,-76,-76,-78
48,"(0,2)",-65,-78,-78,-70,-71,-71,-77,-52,-74,-78,-76,-76,-78
49,"(0,2)",-65,-78,-78,-70,-71,-70,-77,-52,-74,-77,-76,-77,-78
50,"(0,2)",-65,-78,-78,-70,-70,-71,-77,-52,-74,-78,-76,-77,-78
51,"(0,2)",-65,-78,-78,-72,-70,-71,-77,-52,-73,-78,-76,-76,-78
52,"(0,2)",-65,-78,-78,-72,-72,-71,-77,-52,-73,-78,-77,-75,-78
53,"(0,2)",-65,-78,-78,-71,-72,-71,-77,-52,-73,-78,-77,-75,-78
54,"(0,2)",-65,-78,-78,-71,-72,-71,-77,-52,-73,-78,-77,-74,-78
55,"(0,2)",-65,-78,-78,-71,-72,-71,-77,-52,-74,-78,-77,-76,-78
56,"(0,2)",-65,-78,-78,-70,-72,-71,-77,-52,-73,-78,-77,-79,-78
57,"(0,2)",-65,-78,-78,-70,-72,-71,-77,-52,-73,-78,-76,-78,-78
58,"(0,2)",-65,-78,-78,-70,-72,-71,-77,-52,-75,-78,-76,-78,-78
59,"(0,2)",-65,-78,-78,-70,-70,-71,-77,-52,-75,-78,-77,-78,-78
60,"(0,2)",-65,-78,-78,-70,-70,-71,-77,-52,-74,-78,-77,-78,-78
61,"(0,2)",-65,-78,-78,-70,-70,-71,-77,-52,-74,-78,-77,-77,-78
62,"(0,2)",-65,-78,-78,-70,-71,-70,-77,-52,-73,-78,-76,-77,-78
63,"(0,2)",-65,-78,-78,-70,-71,-70,-77,-52,-73,-77,-76,-77,-78
64,"(0,2)",-65,-78,-78,-70,-71,-70,-77,-52,-73,-80,-76,-77,-78
65,"(0,2)",-65,-78,-78,-70,-71,-70,-77,-52,-74,-78,-77,-76,-78
66,"(0,2)",-65,-78,-78,-70,-70,-70,-77,-52,-74,-78,-77,-76,-78
67,"(0,2)",-65,-78,-78,-70,-70,-70,-77,-56,-74,-78,-77,-76,-78
68,"(0,2)",-65,-78,-78,-70,-70,-70,-77,-54,-74,-77,-76,-75,-78
69,"(0,2)",-65,-78,-78,-70,-70,-70,-77,-53,-73,-77,-77,-76,-81
70,"(0,2)",-65,-78,-78,-70,-70,-70,-77,-53,-73,-77,-77,-76,-80
71,"(0,2)",-65,-78,-78,-71,-70,-70,-77,-52,-75,-77,-77,-77,-80
72,"(0,2)",-65,-78,-78,-71,-70,-70,-75,-52,-74,-77,-77,-77,-79
73,"(0,2)",-65,-78,-78,-71,-71,-70,-75,-52,-75,-78,-77,-77,-79
74,"(0,2)",-65,-78,-78,-71,-71,-70,-76,-52,-75,-78,-77,-76,-79
75,"(0,2)",-65,-78,-78,-71,-71,-70,-76,-52,-75,-78,-76,-75,-79
76,"(0,2)",-65,-78,-78,-71,-70,-70,-76,-52,-75,-77,-76,-76,-79
77,"(0,2)",-65,-78,-78,-71,-70,-71,-76,-61,-74,-77,-76,-76,-79
78,"(0,2)",-65,-78,-78,-71,-70,-71,-76,-62,-75,-78,-76,-76,-79
79,"(0,2)",-65,-78,-78,-70,-70,-71,-76,-57,-75,-78,-76,-76,-79
80,"(0,2)",-65,-78,-78,-70,-70,-71,-76,-55,-74,-77,-77,-77,-79
81,"(0,2)",-65,-78,-78,-70,-70,-71,-76,-54,-74,-78,-77,-77,-79
82,"(0,2)",-65,-78,-78,-70,-70,-71,-76,-53,-74,-78,-77,-76,-79
83,"(0,2)",-65,-78,-78,-70,-70,-70,-76,-52,-74,-78,-76,-77,-79
84,"(0,2)",-65,-78,-78,-70,-70,-70,-76,-52,-74,-78,-77,-77,-79
85,"(0,2)",-65,-78,-78,-70,-70,-70,-76,-52,-74,-78,-77,-77,-79
86,"(0,2)",-65,-78,-78,-70,-70,-70,-77,-52,-74,-79,-77,-77,-79
87,"(0,2)",-65,-78,-78,-70,-70,-70,-76,-52,-74,-79,-77,-77,-79
88,"(0,2)",-65,-78,-78,-70,-70,-70,-75,-52,-74,-79,-76,-77,-79
89,"(0,2)",-65,-78,-78,-70,-70,-70,-76,-52,-74,-78,-77,-77,-79
90,"(0,2)",-65,-78,-78,-70,-70,-70,-76,-52,-74,-78,-77,-77,-79
91,"(0,2)",-65,-78,-78,-70,-71,-70,-77,-52,-74,-78,-77,-77,-79
92,"(0,2)",-65,-78,-78,-70,-71,-70,-77,-52,-75,-78,-77,-77,-79
93,"(0,2)",-65,-78,-78,-70,-71,-70,-77,-52,-74,-78,-76,-77,-79
94,"(0,2)",-65,-78,-78,-70,-71,-70,-77,-52,-74,-78,-76,-77,-79
95,"(0,2)",-65,-78,-78,-70,-71,-70,-77,-52,-73,-78,-76,-76,-79
96,"(0,2)",-65,-78,-78,-70,-71,-70,-77,-52,-73,-78,-76,-75,-79
97,"(0,2)",-65,-78,-78,-70,-71,-70,-77,-52,-73,-78,-76,-76,-79
98,"(0,2)",-65,-78,-78,-70,-71,-70,-76,-52,-73,-76,-75,-75,-79
99,"(0,2)",-65,-78,-78,-70,-71,-70,-76,-52,-73,-76,-75,-75,-79
1,"(1,0)",-59,-57,-55,-57,-71,-77,-79,-39,-75,-69,-59,-61,-61
0,"(1,0)",-59,-61,-55,-57,-69,-79,-79,-39,-75,-71,-61,-59,-63
1,"(1,0)",-59,-57,-55,-57,-71,-77,-79,-39,-75,-69,-59,-61,-61
2,"(1,0)",-59,-59,-51,-57,-69,-77,-77,-37,-75,-71,-59,-61,-61
3,"(1,0)",-55,-57,-55,-59,-69,-79,-77,-31,-73,-73,-61,-61,-63
4,"(1,0)",-59,-57,-55,-57,-69,-79,-77,-39,-75,-69,-59,-61,-63
5,"(1,0)",-59,-57,-55,-57,-71,-79,-79,-39,-75,-69,-61,-61,-63
6,"(1,0)",-59,-71,-51,-57,-71,-79,-79,-33,-73,-69,-61,-61,-63
7,"(1,0)",-59,-71,-55,-57,-71,-81,-79,-31,-73,-71,-59,-59,-61
8,"(1,0)",-59,-57,-55,-57,-71,-81,-79,-31,-73,-71,-59,-59,-61
9,"(1,0)",-59,-57,-53,-59,-67,-81,-79,-39,-73,-69,-59,-61,-63
10,"(1,0)",-59,-61,-55,-55,-65,-79,-77,-39,-73,-71,-59,-61,-63
11,"(1,0)",-61,-57,-53,-57,-71,-81,-79,-39,-73,-71,-65,-61,-59
12,"(1,0)",-59,-61,-53,-57,-71,-79,-77,-33,-65,-71,-65,-61,-59
13,"(1,0)",-61,-85,-55,-57,-67,-81,-77,-31,-71,-71,-65,-61,-59
14,"(1,0)",-59,-57,-53,-55,-69,-81,-77,-31,-71,-69,-61,-61,-59
15,"(1,0)",-61,-71,-53,-57,-69,-77,-79,-37,-63,-71,-61,-61,-61
16,"(1,0)",-59,-59,-53,-57,-59,-77,-79,-31,-73,-71,-59,-61,-61
17,"(1,0)",-61,-57,-53,-57,-69,-77,-79,-31,-75,-71,-59,-61,-61
18,"(1,0)",-61,-61,-53,-57,-71,-79,-79,-31,-75,-71,-61,-61,-61
19,"(1,0)",-59,-59,-53,-57,-67,-81,-79,-31,-73,-71,-61,-61,-63
20,"(1,0)",-59,-61,-51,-59,-67,-81,-77,-31,-75,-71,-59,-59,-63
21,"(1,0)",-59,-55,-51,-57,-69,-81,-79,-37,-75,-73,-61,-61,-63
22,"(1,0)",-57,-57,-51,-57,-69,-81,-77,-39,-75,-71,-59,-65,-63
23,"(1,0)",-59,-57,-55,-57,-71,-77,-71,-33,-75,-71,-61,-61,-61
24,"(1,0)",-59,-57,-53,-57,-69,-77,-71,-31,-75,-71,-61,-59,-63
25,"(1,0)",-59,-61,-53,-57,-69,-77,-77,-37,-75,-71,-59,-61,-61
26,"(1,0)",-59,-57,-55,-57,-65,-81,-79,-37,-75,-71,-61,-61,-63
27,"(1,0)",-61,-55,-53,-57,-71,-77,-79,-33,-75,-71,-61,-61,-63
28,"(1,0)",-59,-59,-51,-55,-65,-81,-79,-33,-75,-73,-59,-59,-61
29,"(1,0)",-59,-57,-51,-59,-69,-81,-79,-37,-75,-71,-61,-61,-63
30,"(1,0)",-61,-61,-51,-57,-69,-77,-77,-37,-75,-71,-59,-59,-63
31,"(1,0)",-61,-59,-55,-59,-61,-77,-77,-33,-75,-71,-59,-59,-63
32,"(1,0)",-61,-55,-51,-57,-57,-77,-77,-39,-75,-71,-85,-59,-63
33,"(1,0)",-59,-57,-53,-57,-69,-77,-81,-37,-75,-71,-85,-59,-61
34,"(1,0)",-59,-61,-51,-57,-69,-77,-79,-31,-75,-71,-85,-59,-61
35,"(1,0)",-61,-55,-53,-57,-67,-77,-77,-31,-75,-73,-59,-59,-61
36,"(1,0)",-61,-57,-55,-57,-67,-79,-79,-37,-75,-73,-61,-61,-61
37,"(1,0)",-61,-59,-79,-59,-71,-79,-79,-39,-73,-71,-85,-59,-61
38,"(1,0)",-59,-59,-53,-57,-67,-79,-79,-37,-75,-71,-85,-61,-61
39,"(1,0)",-59,-61,-53,-59,-69,-79,-79,-33,-71,-71,-85,-61,-61
40,"(1,0)",-59,-57,-53,-57,-69,-79,-79,-31,-75,-71,-85,-61,-61
41,"(1,0)",-53,-61,-53,-57,-71,-77,-79,-31,-67,-71,-59,-59,-61
42,"(1,0)",-59,-61,-51,-57,-59,-79,-79,-33,-73,-71,-59,-61,-61
43,"(1,0)",-59,-55,-51,-57,-69,-81,-79,-39,-75,-71,-59,-59,-63
44,"(1,0)",-59,-55,-55,-59,-69,-79,-79,-37,-75,-71,-59,-59,-61
45,"(1,0)",-61,-55,-55,-59,-71,-79,-79,-37,-75,-71,-61,-59,-61
46,"(1,0)",-59,-61,-51,-57,-71,-81,-79,-37,-73,-71,-61,-61,-63
47,"(1,0)",-61,-61,-53,-59,-71,-81,-79,-33,-73,-71,-61,-61,-63
48,"(1,0)",-59,-61,-51,-57,-71,-81,-79,-37,-73,-69,-59,-61,-63
49,"(1,0)",-53,-71,-55,-59,-71,-81,-69,-31,-73,-71,-59,-59,-61
50,"(1,0)",-55,-61,-55,-57,-67,-79,-77,-39,-75,-71,-59,-61,-63
51,"(1,0)",-61,-61,-53,-59,-69,-79,-79,-33,-75,-71,-61,-61,-63
52,"(1,0)",-55,-55,-53,-59,-69,-81,-79,-37,-75,-71,-65,-61,-63
53,"(1,0)",-59,-57,-53,-57,-71,-81,-79,-37,-75,-71,-61,-61,-63
54,"(1,0)",-59,-57,-55,-57,-67,-81,-79,-39,-75,-67,-59,-59,-63
55,"(1,0)",-55,-61,-55,-57,-69,-81,-79,-39,-73,-71,-61,-65,-61
56,"(1,0)",-61,-59,-55,-57,-69,-77,-73,-55,-73,-71,-61,-61,-63
57,"(1,0)",-59,-55,-53,-59,-69,-83,-73,-39,-75,-71,-61,-61,-63
58,"(1,0)",-61,-57,-55,-59,-71,-83,-73,-37,-75,-71,-61,-61,-63
59,"(1,0)",-61,-61,-53,-57,-69,-83,-73,-37,-75,-71,-61,-61,-63
60,"(1,0)",-59,-59,-49,-57,-71,-79,-73,-33,-73,-71,-59,-59,-63
61,"(1,0)",-59,-57,-53,-57,-69,-81,-79,-37,-73,-73,-59,-59,-61
62,"(1,0)",-57,-61,-73,-59,-69,-79,-79,-69,-75,-73,-59,-61,-61
63,"(1,0)",-59,-61,-55,-57,-69,-81,-79,-39,-75,-73,-59,-61,-61
64,"(1,0)",-61,-57,-55,-57,-69,-81,-79,-39,-65,-71,-61,-61,-63
65,"(1,0)",-61,-57,-55,-57,-69,-77,-71,-37,-65,-73,-61,-59,-63
66,"(1,0)",-55,-61,-51,-57,-69,-73,-71,-39,-65,-71,-59,-59,-61
67,"(1,0)",-59,-59,-79,-57,-67,-81,-79,-37,-75,-71,-59,-59,-63
68,"(1,0)",-59,-63,-53,-59,-69,-81,-79,-37,-75,-71,-61,-61,-63
69,"(1,0)",-55,-85,-53,-57,-69,-81,-79,-33,-75,-73,-61,-61,-65
70,"(1,0)",-55,-85,-51,-57,-69,-75,-79,-33,-75,-73,-59,-59,-59
71,"(1,0)",-59,-57,-51,-59,-71,-79,-77,-33,-75,-71,-59,-59,-61
72,"(1,0)",-57,-61,-55,-57,-69,-75,-77,-37,-75,-71,-59,-59,-61
73,"(1,0)",-59,-61,-55,-57,-69,-77,-79,-39,-73,-71,-59,-61,-61
74,"(1,0)",-59,-59,-51,-57,-69,-77,-79,-39,-73,-69,-59,-61,-65
75,"(1,0)",-61,-61,-53,-57,-71,-75,-79,-39,-73,-71,-59,-61,-61
76,"(1,0)",-63,-57,-55,-59,-69,-81,-79,-71,-71,-73,-61,-61,-63
77,"(1,0)",-63,-59,-55,-57,-71,-79,-79,-39,-71,-71,-59,-59,-61
78,"(1,0)",-61,-55,-53,-59,-69,-75,-79,-33,-75,-73,-61,-61,-63
79,"(1,0)",-61,-61,-53,-59,-67,-75,-79,-31,-75,-69,-85,-61,-63
80,"(1,0)",-61,-59,-55,-59,-71,-83,-79,-33,-71,-67,-61,-59,-61
81,"(1,0)",-57,-57,-55,-59,-69,-79,-79,-37,-75,-71,-61,-59,-61
82,"(1,0)",-65,-53,-55,-57,-71,-77,-77,-33,-73,-71,-61,-59,-61
83,"(1,0)",-69,-59,-55,-61,-75,-77,-77,-31,-73,-71,-61,-59,-61
84,"(1,0)",-67,-59,-55,-59,-71,-77,-79,-37,-73,-71,-61,-59,-61
85,"(1,0)",-71,-83,-51,-59,-71,-75,-83,-37,-73,-71,-61,-59,-63
86,"(1,0)",-61,-61,-53,-57,-73,-83,-79,-69,-73,-69,-61,-59,-63
87,"(1,0)",-59,-59,-53,-57,-73,-81,-81,-31,-61,-69,-61,-59,-63
88,"(1,0)",-61,-59,-55,-57,-73,-77,-81,-31,-73,-67,-59,-59,-61
89,"(1,0)",-59,-59,-57,-59,-71,-73,-81,-33,-73,-71,-61,-59,-61
90,"(1,0)",-57,-59,-81,-55,-69,-79,-79,-39,-77,-69,-59,-59,-63
91,"(1,0)",-59,-59,-49,-57,-71,-79,-81,-39,-73,-69,-61,-59,-61
92,"(1,0)",-63,-61,-57,-57,-71,-79,-81,-31,-73,-69,-61,-61,-63
93,"(1,0)",-59,-55,-55,-59,-71,-77,-77,-37,-73,-69,-61,-61,-73
94,"(1,0)",-55,-55,-53,-57,-71,-75,-79,-77,-71,-69,-61,-61,-73
95,"(1,0)",-63,-57,-55,-55,-71,-77,-79,-33,-73,-71,-63,-61,-61
96,"(1,0)",-63,-61,-55,-55,-73,-75,-79,-39,-73,-69,-85,-61,-63
97,"(1,0)",-63,-55,-53,-57,-73,-79,-79,-37,-73,-69,-61,-61,-63
98,"(1,0)",-61,-57,-55,-57,-67,-79,-79,-35,-71,-71,-61,-61,-61
99,"(1,0)",-61,-61,-55,-57,-69,-79,-79,-35,-71,-77,-61,-61,-61
1,"(1,1)",-73,-43,-63,-65,-63,-51,-83,-73,-65,-65,-79,-67,-79
0,"(1,1)",-75,-33,-65,-65,-65,-53,-83,-73,-61,-69,-79,-65,-73
1,"(1,1)",-73,-43,-63,-65,-63,-51,-83,-73,-65,-65,-79,-67,-79
2,"(1,1)",-73,-33,-65,-65,-63,-59,-85,-69,-65,-71,-83,-65,-79
3,"(1,1)",-73,-33,-63,-65,-63,-53,-83,-73,-65,-65,-79,-67,-79
4,"(1,1)",-71,-35,-63,-65,-65,-77,-83,-75,-65,-71,-79,-65,-73
5,"(1,1)",-75,-35,-63,-65,-63,-51,-81,-73,-63,-71,-79,-67,-77
6,"(1,1)",-73,-33,-65,-65,-63,-53,-83,-73,-63,-71,-79,-67,-73
7,"(1,1)",-75,-35,-59,-65,-63,-51,-83,-73,-63,-65,-79,-65,-73
8,"(1,1)",-73,-35,-65,-63,-65,-53,-83,-73,-63,-69,-79,-65,-73
9,"(1,1)",-75,-43,-63,-65,-63,-53,-85,-73,-63,-65,-79,-65,-73
10,"(1,1)",-75,-35,-65,-63,-63,-59,-83,-73,-65,-65,-79,-65,-77
11,"(1,1)",-59,-43,-65,-65,-63,-51,-83,-73,-65,-65,-79,-65,-75
12,"(1,1)",-59,-43,-65,-65,-65,-55,-83,-71,-65,-61,-79,-65,-75
13,"(1,1)",-75,-33,-65,-65,-63,-61,-81,-73,-65,-65,-81,-67,-75
14,"(1,1)",-73,-33,-63,-67,-65,-53,-83,-73,-63,-63,-79,-67,-75
15,"(1,1)",-73,-35,-65,-65,-63,-53,-83,-71,-65,-71,-79,-67,-75
16,"(1,1)",-73,-35,-67,-65,-63,-59,-83,-73,-63,-67,-77,-65,-77
17,"(1,1)",-75,-33,-65,-65,-63,-61,-85,-73,-63,-67,-83,-67,-77
18,"(1,1)",-75,-43,-65,-65,-65,-59,-81,-73,-65,-67,-79,-65,-71
19,"(1,1)",-71,-33,-63,-67,-65,-51,-83,-73,-63,-61,-79,-67,-79
20,"(1,1)",-75,-33,-65,-65,-65,-53,-85,-71,-65,-67,-79,-65,-73
21,"(1,1)",-75,-33,-65,-65,-65,-51,-83,-73,-61,-69,-77,-67,-73
22,"(1,1)",-75,-33,-65,-65,-65,-53,-83,-73,-63,-71,-81,-67,-73
23,"(1,1)",-73,-33,-63,-65,-65,-59,-83,-73,-63,-61,-79,-65,-73
24,"(1,1)",-73,-33,-63,-63,-65,-59,-81,-75,-63,-67,-79,-65,-73
25,"(1,1)",-73,-35,-65,-65,-65,-59,-81,-71,-63,-73,-79,-65,-73
26,"(1,1)",-75,-35,-67,-63,-65,-53,-83,-73,-63,-69,-79,-65,-67
27,"(1,1)",-61,-35,-65,-63,-65,-61,-83,-73,-63,-71,-79,-65,-67
28,"(1,1)",-75,-35,-65,-67,-65,-61,-83,-73,-65,-71,-79,-67,-77
29,"(1,1)",-75,-33,-61,-65,-63,-61,-83,-73,-65,-63,-81,-65,-77
30,"(1,1)",-75,-41,-63,-65,-65,-51,-85,-71,-65,-63,-79,-65,-77
31,"(1,1)",-75,-35,-65,-63,-65,-57,-83,-73,-65,-71,-79,-65,-77
32,"(1,1)",-73,-43,-63,-63,-65,-51,-85,-71,-67,-71,-79,-65,-77
33,"(1,1)",-77,-35,-65,-63,-63,-53,-83,-73,-65,-65,-79,-65,-77
34,"(1,1)",-73,-33,-63,-65,-65,-51,-83,-73,-65,-63,-77,-65,-73
35,"(1,1)",-75,-33,-63,-65,-63,-57,-85,-71,-65,-65,-85,-65,-73
36,"(1,1)",-73,-43,-65,-63,-65,-51,-85,-73,-67,-69,-79,-67,-73
37,"(1,1)",-73,-43,-65,-65,-63,-53,-83,-73,-65,-69,-79,-65,-73
38,"(1,1)",-71,-43,-65,-67,-63,-53,-81,-73,-67,-69,-77,-65,-73
39,"(1,1)",-71,-43,-63,-65,-63,-59,-81,-75,-65,-65,-81,-65,-75
40,"(1,1)",-73,-41,-63,-63,-63,-53,-81,-73,-65,-65,-79,-65,-71
41,"(1,1)",-75,-43,-65,-65,-65,-53,-83,-69,-73,-65,-79,-65,-71
42,"(1,1)",-73,-43,-63,-65,-63,-61,-83,-73,-65,-65,-79,-65,-77
43,"(1,1)",-73,-43,-63,-65,-63,-59,-83,-73,-65,-65,-77,-65,-77
44,"(1,1)",-75,-33,-65,-65,-63,-53,-85,-73,-65,-73,-79,-65,-77
45,"(1,1)",-73,-43,-59,-65,-65,-61,-85,-73,-65,-65,-77,-65,-65
46,"(1,1)",-75,-43,-65,-65,-63,-59,-83,-73,-65,-61,-79,-65,-65
47,"(1,1)",-75,-43,-59,-65,-63,-61,-83,-73,-63,-65,-79,-65,-75
48,"(1,1)",-75,-41,-63,-65,-65,-59,-85,-73,-65,-71,-79,-65,-73
49,"(1,1)",-75,-41,-65,-67,-65,-59,-83,-73,-65,-65,-77,-67,-73
50,"(1,1)",-75,-43,-65,-65,-65,-61,-83,-85,-65,-65,-77,-67,-73
51,"(1,1)",-75,-33,-63,-65,-65,-61,-85,-73,-65,-69,-77,-65,-79
52,"(1,1)",-75,-33,-63,-65,-65,-51,-83,-73,-65,-65,-77,-65,-67
53,"(1,1)",-75,-41,-63,-65,-65,-51,-83,-73,-65,-73,-79,-65,-67
54,"(1,1)",-75,-33,-65,-65,-65,-51,-85,-73,-63,-73,-79,-65,-75
55,"(1,1)",-73,-43,-65,-65,-65,-59,-81,-73,-67,-71,-77,-65,-71
56,"(1,1)",-73,-43,-63,-65,-63,-51,-83,-73,-65,-65,-79,-65,-71
57,"(1,1)",-73,-33,-65,-67,-63,-53,-83,-71,-65,-71,-77,-65,-71
58,"(1,1)",-75,-73,-65,-65,-65,-51,-83,-73,-65,-65,-77,-67,-71
59,"(1,1)",-75,-73,-65,-65,-65,-53,-85,-73,-67,-65,-77,-65,-83
60,"(1,1)",-75,-41,-65,-65,-65,-53,-83,-75,-65,-71,-73,-67,-83
61,"(1,1)",-73,-35,-65,-65,-65,-59,-81,-73,-63,-71,-77,-65,-75
62,"(1,1)",-75,-33,-63,-67,-63,-61,-83,-73,-65,-71,-79,-67,-79
63,"(1,1)",-69,-33,-63,-65,-75,-51,-85,-73,-65,-69,-77,-67,-79
64,"(1,1)",-73,-33,-63,-65,-65,-59,-83,-71,-63,-63,-77,-65,-79
65,"(1,1)",-75,-35,-59,-65,-65,-51,-83,-73,-65,-65,-77,-65,-79
66,"(1,1)",-73,-43,-65,-63,-65,-53,-85,-73,-67,-71,-77,-65,-79
67,"(1,1)",-75,-33,-65,-67,-63,-59,-83,-71,-65,-63,-79,-67,-81
68,"(1,1)",-73,-33,-65,-67,-63,-59,-83,-71,-67,-65,-79,-67,-85
69,"(1,1)",-75,-41,-63,-67,-63,-53,-83,-73,-65,-65,-79,-65,-77
70,"(1,1)",-75,-41,-65,-65,-63,-65,-81,-73,-65,-65,-77,-67,-77
71,"(1,1)",-77,-33,-63,-67,-63,-65,-83,-75,-65,-65,-77,-67,-77
72,"(1,1)",-75,-33,-65,-65,-65,-59,-83,-73,-65,-73,-77,-65,-71
73,"(1,1)",-75,-33,-63,-65,-65,-53,-83,-69,-63,-69,-77,-67,-77
74,"(1,1)",-73,-35,-65,-65,-65,-53,-83,-75,-65,-65,-79,-65,-77
75,"(1,1)",-75,-33,-63,-65,-63,-51,-83,-73,-63,-69,-79,-65,-77
76,"(1,1)",-77,-35,-63,-67,-63,-53,-85,-73,-63,-69,-75,-67,-71
77,"(1,1)",-75,-35,-63,-67,-65,-59,-85,-73,-65,-65,-75,-67,-65
78,"(1,1)",-75,-33,-65,-63,-63,-59,-85,-73,-63,-65,-75,-67,-67
79,"(1,1)",-75,-43,-63,-65,-65,-61,-83,-75,-67,-65,-79,-65,-67
80,"(1,1)",-73,-43,-63,-65,-63,-61,-81,-69,-63,-73,-79,-65,-67
81,"(1,1)",-71,-41,-63,-65,-63,-59,-83,-73,-65,-63,-79,-65,-79
82,"(1,1)",-73,-33,-63,-65,-63,-51,-83,-73,-65,-73,-79,-65,-79
83,"(1,1)",-75,-35,-65,-65,-63,-53,-83,-69,-65,-69,-79,-67,-71
84,"(1,1)",-75,-43,-65,-65,-65,-55,-83,-69,-65,-65,-77,-65,-71
85,"(1,1)",-73,-35,-65,-65,-65,-59,-79,-71,-63,-59,-79,-67,-77
86,"(1,1)",-73,-35,-63,-65,-65,-53,-83,-71,-65,-65,-79,-65,-77
87,"(1,1)",-75,-33,-65,-65,-65,-59,-81,-73,-65,-65,-77,-67,-73
88,"(1,1)",-73,-33,-65,-65,-65,-53,-83,-73,-65,-63,-79,-65,-73
89,"(1,1)",-73,-43,-65,-65,-65,-57,-83,-73,-65,-63,-79,-65,-77
90,"(1,1)",-73,-43,-65,-65,-65,-59,-83,-73,-63,-63,-79,-65,-77
91,"(1,1)",-73,-35,-65,-63,-65,-53,-89,-73,-65,-71,-75,-65,-77
92,"(1,1)",-75,-43,-63,-65,-63,-61,-85,-75,-63,-65,-79,-65,-77
93,"(1,1)",-73,-33,-63,-65,-63,-53,-85,-71,-63,-71,-77,-67,-77
94,"(1,1)",-73,-33,-63,-65,-63,-53,-83,-71,-63,-67,-79,-67,-77
95,"(1,1)",-77,-35,-65,-67,-65,-59,-83,-75,-67,-65,-79,-65,-71
96,"(1,1)",-75,-41,-65,-65,-63,-59,-85,-75,-63,-63,-79,-65,-79
97,"(1,1)",-75,-63,-65,-65,-65,-53,-83,-71,-65,-71,-77,-65,-79
98,"(1,1)",-75,-43,-63,-65,-65,-53,-83,-73,-65,-63,-79,-67,-79
99,"(1,1)",-75,-33,-63,-65,-65,-53,-81,-77,-65,-63,-77,-65,-69
1,"(1,2)",-63,-65,-51,-67,-55,-61,-69,-67,-67,-61,-69,-85,-35
0,"(1,2)",-63,-65,-51,-69,-57,-61,-73,-67,-67,-61,-69,-75,-35
1,"(1,2)",-63,-65,-51,-67,-55,-61,-69,-67,-67,-61,-69,-85,-35
2,"(1,2)",-65,-65,-51,-69,-57,-61,-73,-75,-67,-61,-75,-79,-37
3,"(1,2)",-63,-61,-61,-63,-55,-61,-73,-73,-69,-61,-75,-81,-35
4,"(1,2)",-65,-65,-51,-65,-57,-61,-73,-75,-69,-61,-75,-81,-35
5,"(1,2)",-63,-61,-51,-71,-57,-61,-69,-75,-69,-57,-69,-81,-37
6,"(1,2)",-65,-59,-51,-71,-57,-61,-69,-75,-69,-67,-73,-79,-37
7,"(1,2)",-65,-69,-51,-69,-57,-61,-65,-73,-69,-65,-71,-83,-37
8,"(1,2)",-65,-69,-51,-69,-57,-63,-73,-67,-67,-57,-71,-81,-37
9,"(1,2)",-65,-65,-51,-69,-57,-61,-73,-73,-67,-63,-71,-81,-37
10,"(1,2)",-65,-65,-51,-69,-51,-59,-65,-71,-67,-55,-73,-89,-37
11,"(1,2)",-63,-63,-51,-65,-59,-63,-67,-67,-67,-63,-71,-89,-37
12,"(1,2)",-65,-63,-51,-69,-57,-61,-71,-67,-67,-63,-71,-83,-33
13,"(1,2)",-63,-65,-51,-69,-49,-63,-71,-69,-67,-63,-67,-83,-33
14,"(1,2)",-63,-65,-51,-69,-59,-61,-71,-67,-61,-63,-67,-83,-35
15,"(1,2)",-63,-63,-51,-67,-59,-63,-71,-75,-67,-67,-75,-83,-35
16,"(1,2)",-63,-63,-51,-69,-59,-59,-67,-73,-67,-67,-73,-83,-35
17,"(1,2)",-65,-63,-51,-73,-59,-61,-67,-73,-67,-59,-75,-83,-35
18,"(1,2)",-63,-63,-51,-65,-55,-61,-73,-73,-67,-65,-73,-79,-39
19,"(1,2)",-63,-65,-51,-65,-57,-61,-69,-67,-65,-67,-73,-81,-39
20,"(1,2)",-65,-65,-53,-69,-51,-59,-73,-73,-65,-67,-73,-81,-39
21,"(1,2)",-65,-63,-53,-67,-55,-61,-71,-73,-65,-67,-71,-83,-37
22,"(1,2)",-65,-65,-51,-69,-57,-61,-71,-75,-65,-67,-73,-81,-37
23,"(1,2)",-65,-63,-51,-69,-57,-61,-73,-67,-67,-63,-73,-83,-37
24,"(1,2)",-63,-65,-53,-67,-83,-57,-73,-75,-67,-63,-73,-83,-37
25,"(1,2)",-61,-65,-51,-65,-55,-57,-73,-73,-67,-57,-63,-83,-35
26,"(1,2)",-63,-65,-51,-69,-57,-61,-73,-75,-65,-67,-71,-81,-37
27,"(1,2)",-63,-65,-51,-69,-59,-63,-71,-67,-61,-61,-73,-81,-37
28,"(1,2)",-65,-65,-49,-69,-57,-63,-71,-73,-59,-65,-71,-81,-37
29,"(1,2)",-63,-59,-51,-65,-59,-61,-71,-71,-67,-63,-75,-81,-35
30,"(1,2)",-63,-65,-51,-67,-57,-61,-69,-73,-65,-63,-75,-83,-35
31,"(1,2)",-63,-65,-51,-69,-57,-61,-69,-73,-69,-89,-75,-79,-35
32,"(1,2)",-61,-65,-51,-69,-57,-59,-69,-73,-67,-89,-73,-83,-33
33,"(1,2)",-65,-69,-51,-69,-57,-63,-73,-71,-65,-63,-75,-83,-37
34,"(1,2)",-63,-63,-49,-67,-57,-61,-73,-73,-67,-67,-73,-75,-35
35,"(1,2)",-63,-63,-51,-59,-53,-61,-71,-69,-65,-67,-75,-81,-37
36,"(1,2)",-63,-65,-51,-65,-57,-61,-73,-73,-65,-63,-71,-75,-37
37,"(1,2)",-63,-65,-51,-67,-57,-61,-69,-73,-65,-67,-75,-85,-39
38,"(1,2)",-63,-65,-51,-69,-51,-61,-73,-73,-67,-65,-75,-85,-37
39,"(1,2)",-65,-63,-51,-67,-59,-63,-73,-73,-61,-65,-75,-85,-37
40,"(1,2)",-65,-63,-51,-71,-55,-63,-73,-73,-65,-63,-73,-81,-35
41,"(1,2)",-63,-69,-51,-71,-57,-63,-73,-73,-67,-61,-73,-83,-35
42,"(1,2)",-65,-69,-51,-71,-59,-63,-73,-73,-67,-61,-75,-83,-35
43,"(1,2)",-65,-69,-51,-71,-59,-61,-71,-77,-67,-61,-73,-77,-35
44,"(1,2)",-63,-61,-51,-71,-55,-63,-73,-75,-67,-67,-61,-79,-35
45,"(1,2)",-65,-61,-51,-69,-51,-63,-73,-67,-67,-63,-61,-77,-37
46,"(1,2)",-63,-61,-51,-69,-57,-63,-71,-75,-67,-61,-61,-77,-35
47,"(1,2)",-65,-61,-51,-69,-53,-63,-71,-75,-67,-67,-61,-77,-37
48,"(1,2)",-67,-67,-51,-83,-59,-61,-73,-73,-67,-65,-61,-77,-35
49,"(1,2)",-63,-65,-51,-69,-57,-61,-69,-67,-67,-65,-71,-81,-39
50,"(1,2)",-63,-65,-49,-67,-53,-63,-71,-67,-67,-61,-73,-81,-39
51,"(1,2)",-63,-61,-51,-67,-57,-63,-75,-67,-67,-63,-69,-81,-39
52,"(1,2)",-63,-67,-51,-69,-55,-63,-73,-75,-67,-61,-69,-79,-35
53,"(1,2)",-65,-67,-51,-69,-57,-63,-69,-77,-65,-63,-63,-81,-35
54,"(1,2)",-63,-69,-51,-69,-57,-61,-73,-75,-67,-63,-63,-81,-39
55,"(1,2)",-63,-65,-51,-69,-57,-59,-67,-73,-69,-61,-71,-81,-35
56,"(1,2)",-65,-65,-49,-69,-59,-61,-67,-73,-69,-65,-71,-81,-37
57,"(1,2)",-63,-63,-51,-67,-53,-57,-67,-75,-65,-61,-73,-81,-37
58,"(1,2)",-63,-65,-51,-65,-59,-55,-69,-75,-67,-55,-73,-81,-37
59,"(1,2)",-65,-65,-51,-67,-59,-63,-69,-75,-67,-63,-73,-81,-35
60,"(1,2)",-63,-65,-51,-67,-57,-59,-73,-75,-67,-59,-69,-81,-35
61,"(1,2)",-65,-65,-51,-65,-59,-61,-71,-71,-63,-65,-69,-81,-37
62,"(1,2)",-65,-63,-51,-71,-59,-61,-73,-67,-67,-61,-73,-81,-35
63,"(1,2)",-63,-69,-51,-69,-57,-61,-73,-67,-65,-65,-63,-81,-35
64,"(1,2)",-65,-61,-53,-67,-59,-59,-71,-67,-65,-67,-63,-81,-35
65,"(1,2)",-65,-65,-49,-69,-57,-61,-71,-73,-65,-63,-73,-81,-37
66,"(1,2)",-65,-65,-51,-69,-59,-61,-71,-67,-67,-63,-71,-81,-35
67,"(1,2)",-65,-65,-51,-69,-55,-61,-71,-67,-67,-65,-61,-81,-37
68,"(1,2)",-63,-65,-51,-67,-59,-61,-73,-67,-65,-65,-73,-37,-63
69,"(1,2)",-63,-65,-51,-69,-51,-61,-73,-73,-65,-61,-71,-33,-63
70,"(1,2)",-65,-65,-51,-69,-57,-63,-71,-73,-65,-67,-71,-35,-67
71,"(1,2)",-63,-65,-53,-65,-57,-61,-71,-77,-65,-69,-73,-39,-61
72,"(1,2)",-63,-83,-53,-71,-51,-63,-71,-67,-67,-63,-73,-39,-67
73,"(1,2)",-63,-83,-51,-69,-59,-61,-73,-73,-67,-67,-73,-39,-67
74,"(1,2)",-65,-63,-51,-69,-59,-63,-67,-73,-67,-67,-65,-69,-69
75,"(1,2)",-65,-67,-51,-69,-57,-57,-71,-69,-65,-67,-73,-39,-61
76,"(1,2)",-65,-67,-51,-67,-55,-61,-71,-73,-65,-63,-73,-37,-61
77,"(1,2)",-63,-65,-51,-69,-53,-61,-73,-73,-65,-63,-61,-83,-63
78,"(1,2)",-65,-65,-51,-69,-51,-61,-71,-71,-65,-65,-61,-37,-67
79,"(1,2)",-63,-59,-51,-69,-51,-61,-73,-71,-67,-63,-73,-33,-67
80,"(1,2)",-63,-63,-51,-69,-53,-61,-69,-71,-67,-67,-69,-67,-67
81,"(1,2)",-63,-61,-51,-67,-59,-61,-73,-67,-67,-67,-69,-67,-63
82,"(1,2)",-65,-61,-51,-65,-51,-63,-73,-69,-67,-63,-73,-35,-69
83,"(1,2)",-65,-63,-51,-71,-85,-61,-73,-67,-69,-63,-71,-37,-63
84,"(1,2)",-65,-69,-51,-69,-51,-61,-73,-73,-67,-63,-73,-35,-63
85,"(1,2)",-63,-69,-51,-69,-57,-63,-71,-71,-67,-63,-73,-35,-65
86,"(1,2)",-65,-69,-49,-69,-59,-61,-71,-71,-67,-63,-73,-35,-67
87,"(1,2)",-65,-69,-51,-67,-57,-63,-71,-75,-67,-63,-71,-35,-69
88,"(1,2)",-63,-67,-51,-65,-53,-89,-73,-75,-67,-63,-71,-35,-63
89,"(1,2)",-65,-67,-51,-69,-53,-61,-73,-75,-67,-63,-71,-35,-67
90,"(1,2)",-65,-63,-51,-69,-53,-61,-71,-73,-67,-67,-71,-39,-69
91,"(1,2)",-65,-67,-51,-69,-57,-61,-71,-67,-67,-67,-71,-35,-69
92,"(1,2)",-65,-67,-51,-69,-57,-59,-69,-67,-67,-67,-73,-37,-63
93,"(1,2)",-63,-65,-51,-69,-57,-61,-63,-67,-67,-67,-73,-37,-69
94,"(1,2)",-65,-65,-51,-65,-59,-61,-71,-67,-67,-67,-73,-37,-63
95,"(1,2)",-65,-67,-51,-69,-59,-55,-71,-73,-67,-63,-71,-33,-69
96,"(1,2)",-65,-69,-51,-69,-53,-61,-71,-67,-67,-63,-73,-37,-69
97,"(1,2)",-65,-69,-51,-69,-59,-61,-71,-69,-67,-63,-73,-35,-67
98,"(1,2)",-65,-69,-51,-69,-59,-63,-71,-73,-67,-63,-73,-33,-67
99,"(1,2)",-63,-63,-51,-69,-53,-61,-71,-71,-63,-65,-63,-35,-63
1,"(2,0)",-57,-51,-67,-61,-61,-71,-63,-57,-73,-67,-63,-65,-65
0,"(2,0)",-57,-51,-61,-63,-61,-73,-67,-57,-67,-63,-63,-61,-67
1,"(2,0)",-57,-51,-67,-61,-61,-71,-63,-57,-73,-67,-63,-65,-65
2,"(2,0)",-57,-51,-69,-61,-61,-71,-63,-61,-73,-67,-63,-63,-65
3,"(2,0)",-57,-53,-63,-61,-59,-71,-63,-61,-67,-69,-63,-63,-65
4,"(2,0)",-57,-51,-69,-61,-61,-73,-67,-55,-67,-67,-63,-63,-61
5,"(2,0)",-51,-53,-61,-63,-59,-73,-65,-57,-67,-69,-65,-65,-67
6,"(2,0)",-57,-53,-67,-63,-59,-73,-65,-57,-75,-65,-65,-65,-67
7,"(2,0)",-57,-59,-75,-61,-61,-73,-67,-61,-73,-69,-65,-65,-65
8,"(2,0)",-55,-85,-67,-61,-61,-73,-67,-59,-69,-69,-63,-63,-65
9,"(2,0)",-57,-57,-63,-61,-59,-73,-67,-57,-67,-67,-63,-63,-67
10,"(2,0)",-55,-57,-65,-61,-59,-73,-67,-57,-77,-61,-63,-61,-65
11,"(2,0)",-57,-57,-67,-61,-59,-73,-67,-57,-69,-61,-65,-59,-67
12,"(2,0)",-51,-61,-67,-61,-59,-73,-65,-57,-69,-61,-65,-59,-65
13,"(2,0)",-55,-57,-67,-63,-61,-75,-67,-57,-73,-63,-63,-59,-65
14,"(2,0)",-55,-61,-63,-63,-61,-75,-63,-59,-69,-67,-59,-61,-65
15,"(2,0)",-55,-53,-61,-61,-61,-73,-67,-59,-73,-61,-59,-63,-63
16,"(2,0)",-57,-61,-61,-61,-61,-75,-67,-57,-67,-63,-67,-63,-65
17,"(2,0)",-55,-57,-69,-61,-61,-73,-65,-57,-67,-59,-63,-63,-63
18,"(2,0)",-55,-51,-63,-61,-61,-73,-67,-59,-67,-69,-63,-63,-65
19,"(2,0)",-49,-51,-67,-61,-61,-73,-67,-55,-67,-69,-65,-63,-65
20,"(2,0)",-57,-55,-69,-63,-61,-73,-65,-59,-67,-59,-63,-63,-65
21,"(2,0)",-55,-55,-65,-63,-61,-73,-65,-59,-69,-59,-63,-63,-67
22,"(2,0)",-55,-59,-67,-63,-61,-73,-65,-55,-73,-67,-67,-63,-65
23,"(2,0)",-57,-59,-67,-61,-61,-75,-69,-57,-73,-61,-63,-63,-65
24,"(2,0)",-57,-57,-67,-61,-67,-75,-65,-57,-67,-67,-63,-63,-67
25,"(2,0)",-57,-51,-67,-61,-63,-75,-65,-57,-67,-69,-63,-63,-67
26,"(2,0)",-59,-57,-67,-61,-61,-73,-69,-55,-75,-67,-63,-63,-65
27,"(2,0)",-57,-53,-67,-61,-61,-71,-67,-57,-67,-67,-63,-59,-65
28,"(2,0)",-57,-51,-67,-61,-63,-71,-67,-57,-73,-67,-63,-79,-65
29,"(2,0)",-57,-55,-63,-61,-61,-75,-67,-57,-75,-67,-63,-79,-65
30,"(2,0)",-55,-87,-71,-61,-61,-73,-67,-57,-75,-69,-65,-79,-65
31,"(2,0)",-57,-53,-67,-61,-61,-69,-67,-57,-73,-69,-61,-79,-63
32,"(2,0)",-57,-51,-67,-61,-61,-73,-65,-57,-67,-61,-65,-79,-67
33,"(2,0)",-55,-59,-67,-63,-61,-73,-65,-57,-75,-67,-65,-65,-67
34,"(2,0)",-55,-55,-61,-61,-61,-73,-65,-57,-75,-63,-65,-65,-65
35,"(2,0)",-57,-51,-63,-61,-61,-73,-67,-55,-67,-59,-61,-65,-65
36,"(2,0)",-57,-59,-63,-61,-63,-75,-67,-55,-73,-67,-65,-59,-63
37,"(2,0)",-53,-59,-67,-61,-63,-75,-63,-57,-73,-69,-63,-59,-65
38,"(2,0)",-55,-53,-69,-61,-61,-75,-73,-59,-75,-63,-63,-59,-67
39,"(2,0)",-49,-55,-75,-61,-61,-75,-69,-55,-67,-67,-65,-63,-67
40,"(2,0)",-57,-57,-67,-61,-59,-73,-61,-57,-67,-67,-63,-59,-65
41,"(2,0)",-55,-59,-63,-61,-61,-71,-61,-57,-75,-69,-63,-59,-67
42,"(2,0)",-57,-57,-67,-61,-61,-73,-63,-57,-75,-69,-65,-61,-65
43,"(2,0)",-55,-57,-61,-61,-61,-73,-65,-57,-67,-61,-63,-61,-67
44,"(2,0)",-55,-47,-61,-61,-63,-75,-67,-57,-67,-69,-65,-63,-65
45,"(2,0)",-57,-55,-67,-63,-61,-73,-67,-57,-65,-69,-65,-63,-67
46,"(2,0)",-57,-59,-65,-61,-61,-75,-67,-57,-77,-61,-65,-63,-65
47,"(2,0)",-57,-53,-63,-63,-61,-73,-67,-57,-69,-67,-65,-63,-65
48,"(2,0)",-57,-73,-63,-61,-61,-73,-67,-57,-67,-61,-61,-63,-65
49,"(2,0)",-57,-57,-63,-61,-61,-73,-67,-57,-73,-59,-69,-65,-65
50,"(2,0)",-57,-61,-69,-61,-57,-73,-69,-57,-67,-59,-63,-59,-67
51,"(2,0)",-57,-59,-69,-61,-61,-73,-63,-55,-67,-61,-63,-61,-65
52,"(2,0)",-53,-57,-79,-61,-61,-73,-65,-59,-67,-63,-65,-61,-65
53,"(2,0)",-55,-55,-63,-61,-63,-73,-65,-59,-67,-61,-63,-63,-67
54,"(2,0)",-57,-61,-75,-61,-61,-73,-79,-55,-65,-59,-63,-63,-67
55,"(2,0)",-57,-53,-67,-61,-61,-73,-75,-59,-75,-67,-65,-63,-65
56,"(2,0)",-55,-53,-69,-63,-61,-73,-75,-57,-69,-59,-65,-63,-63
57,"(2,0)",-57,-51,-61,-61,-61,-73,-63,-59,-75,-61,-63,-63,-65
58,"(2,0)",-57,-61,-63,-61,-61,-73,-63,-59,-67,-69,-63,-63,-65
59,"(2,0)",-57,-49,-67,-61,-61,-73,-63,-57,-67,-67,-65,-61,-67
60,"(2,0)",-57,-55,-69,-61,-61,-73,-65,-57,-77,-61,-63,-61,-65
61,"(2,0)",-57,-51,-63,-61,-63,-73,-65,-57,-67,-69,-61,-59,-67
62,"(2,0)",-55,-61,-65,-63,-61,-75,-65,-57,-67,-69,-65,-63,-65
63,"(2,0)",-57,-53,-63,-61,-61,-73,-65,-57,-75,-61,-63,-63,-65
64,"(2,0)",-55,-53,-65,-61,-61,-69,-69,-57,-69,-61,-65,-59,-67
65,"(2,0)",-55,-55,-67,-61,-63,-73,-67,-57,-75,-55,-63,-61,-65
66,"(2,0)",-57,-57,-69,-61,-61,-75,-63,-57,-75,-61,-65,-61,-67
67,"(2,0)",-57,-59,-69,-59,-63,-73,-65,-65,-67,-69,-65,-63,-67
68,"(2,0)",-57,-55,-67,-61,-61,-73,-69,-57,-77,-61,-63,-59,-65
69,"(2,0)",-55,-61,-67,-61,-61,-73,-61,-55,-75,-69,-63,-63,-61
70,"(2,0)",-55,-59,-67,-61,-61,-73,-61,-59,-71,-71,-65,-63,-61
71,"(2,0)",-57,-59,-67,-61,-61,-73,-67,-57,-69,-59,-63,-67,-67
72,"(2,0)",-57,-49,-67,-63,-61,-73,-63,-59,-67,-59,-63,-63,-65
73,"(2,0)",-57,-51,-67,-61,-61,-75,-69,-57,-75,-69,-67,-61,-61
74,"(2,0)",-57,-53,-63,-61,-61,-75,-69,-57,-67,-69,-63,-61,-65
75,"(2,0)",-55,-53,-63,-61,-61,-67,-67,-55,-67,-69,-63,-61,-67
76,"(2,0)",-57,-61,-69,-59,-61,-73,-67,-57,-67,-67,-63,-61,-67
77,"(2,0)",-57,-53,-67,-59,-61,-73,-67,-57,-67,-59,-65,-61,-67
78,"(2,0)",-57,-57,-67,-61,-61,-73,-67,-57,-73,-61,-63,-61,-65
79,"(2,0)",-51,-55,-69,-61,-61,-73,-65,-57,-73,-69,-67,-85,-67
80,"(2,0)",-57,-51,-69,-61,-61,-73,-69,-55,-77,-67,-63,-85,-65
81,"(2,0)",-57,-61,-67,-61,-63,-73,-69,-57,-77,-61,-65,-63,-65
82,"(2,0)",-57,-53,-67,-61,-61,-73,-69,-57,-77,-61,-65,-59,-67
83,"(2,0)",-55,-53,-61,-59,-61,-73,-67,-59,-67,-59,-63,-59,-67
84,"(2,0)",-57,-51,-65,-61,-63,-73,-67,-57,-75,-67,-63,-63,-67
85,"(2,0)",-57,-61,-65,-61,-63,-73,-67,-57,-75,-69,-63,-63,-67
86,"(2,0)",-57,-61,-63,-71,-61,-73,-69,-57,-75,-85,-63,-61,-65
87,"(2,0)",-55,-57,-67,-63,-63,-73,-67,-61,-67,-59,-63,-61,-65
88,"(2,0)",-57,-57,-61,-63,-61,-73,-67,-59,-75,-59,-63,-61,-67
89,"(2,0)",-57,-55,-63,-61,-59,-73,-69,-55,-71,-59,-63,-61,-67
90,"(2,0)",-57,-59,-67,-61,-61,-73,-63,-57,-69,-69,-65,-61,-67
91,"(2,0)",-57,-49,-69,-63,-61,-73,-67,-57,-67,-61,-63,-63,-65
92,"(2,0)",-57,-57,-67,-61,-61,-73,-67,-57,-67,-61,-65,-63,-65
93,"(2,0)",-57,-55,-67,-61,-59,-73,-63,-57,-75,-69,-65,-65,-67
94,"(2,0)",-49,-53,-67,-61,-61,-73,-63,-57,-67,-71,-63,-65,-67
95,"(2,0)",-57,-49,-63,-61,-63,-73,-67,-55,-75,-61,-65,-65,-67
96,"(2,0)",-57,-49,-69,-61,-61,-73,-67,-61,-67,-61,-63,-65,-53
97,"(2,0)",-55,-61,-67,-61,-63,-73,-65,-55,-67,-61,-63,-59,-63
98,"(2,0)",-57,-57,-67,-63,-61,-73,-67,-55,-67,-61,-63,-61,-63
99,"(2,0)",-57,-49,-67,-61,-61,-73,-69,-55,-75,-67,-63,-61,-65
1,"(2,1)",-67,-61,-61,-59,-65,-65,-85,-57,-51,-67,-63,-63,-55
0,"(2,1)",-67,-61,-61,-59,-65,-69,-83,-69,-51,-69,-59,-63,-85
1,"(2,1)",-67,-61,-61,-59,-65,-65,-85,-57,-51,-67,-63,-63,-55
2,"(2,1)",-69,-61,-61,-55,-67,-65,-83,-69,-39,-67,-61,-63,-53
3,"(2,1)",-69,-61,-61,-59,-65,-65,-81,-69,-39,-67,-61,-63,-49
4,"(2,1)",-69,-61,-61,-59,-65,-65,-83,-69,-49,-67,-61,-63,-49
5,"(2,1)",-69,-61,-61,-59,-65,-65,-83,-67,-39,-69,-61,-63,-49
6,"(2,1)",-69,-63,-63,-57,-65,-65,-83,-69,-39,-69,-61,-65,-55
7,"(2,1)",-69,-61,-61,-59,-65,-65,-83,-67,-39,-69,-61,-65,-49
8,"(2,1)",-69,-61,-61,-59,-65,-67,-81,-69,-51,-67,-61,-63,-51
9,"(2,1)",-67,-61,-61,-59,-65,-65,-83,-65,-37,-69,-61,-63,-49
10,"(2,1)",-67,-61,-55,-57,-65,-59,-75,-69,-49,-67,-61,-59,-51
11,"(2,1)",-67,-61,-63,-57,-65,-63,-83,-67,-39,-67,-61,-59,-53
12,"(2,1)",-67,-63,-61,-59,-63,-65,-83,-69,-49,-67,-61,-63,-53
13,"(2,1)",-69,-85,-61,-57,-63,-67,-83,-69,-51,-67,-61,-63,-51
14,"(2,1)",-69,-61,-61,-59,-65,-67,-81,-69,-37,-69,-61,-83,-55
15,"(2,1)",-69,-61,-61,-57,-65,-65,-83,-69,-39,-65,-61,-61,-51
16,"(2,1)",-69,-61,-61,-59,-63,-65,-81,-69,-39,-69,-61,-63,-53
17,"(2,1)",-69,-61,-61,-59,-65,-65,-81,-67,-49,-65,-61,-59,-51
18,"(2,1)",-69,-61,-61,-59,-65,-65,-83,-67,-37,-69,-61,-63,-51
19,"(2,1)",-69,-87,-63,-57,-65,-65,-83,-69,-37,-71,-61,-63,-51
20,"(2,1)",-67,-61,-61,-55,-65,-65,-79,-67,-49,-69,-61,-63,-53
21,"(2,1)",-69,-63,-61,-59,-63,-65,-83,-69,-49,-69,-61,-63,-51
22,"(2,1)",-65,-61,-61,-59,-63,-63,-83,-69,-49,-69,-61,-63,-49
23,"(2,1)",-65,-61,-47,-61,-65,-67,-83,-67,-49,-67,-63,-63,-55
24,"(2,1)",-67,-61,-61,-61,-65,-65,-83,-69,-49,-69,-61,-59,-49
25,"(2,1)",-69,-63,-61,-61,-65,-65,-83,-69,-49,-69,-63,-63,-55
26,"(2,1)",-69,-61,-63,-61,-67,-67,-77,-69,-37,-71,-63,-61,-51
27,"(2,1)",-65,-63,-61,-57,-61,-65,-79,-69,-37,-67,-61,-61,-55
28,"(2,1)",-69,-61,-61,-55,-61,-63,-81,-65,-39,-67,-63,-63,-55
29,"(2,1)",-69,-61,-63,-57,-61,-65,-81,-69,-39,-69,-61,-63,-53
30,"(2,1)",-67,-61,-61,-61,-65,-65,-83,-61,-49,-69,-63,-63,-53
31,"(2,1)",-69,-63,-63,-59,-65,-67,-83,-69,-51,-69,-61,-63,-49
32,"(2,1)",-67,-61,-61,-61,-59,-63,-83,-69,-39,-67,-63,-63,-55
33,"(2,1)",-69,-61,-47,-55,-59,-63,-77,-69,-51,-69,-61,-63,-55
34,"(2,1)",-69,-61,-63,-55,-63,-63,-83,-63,-51,-69,-63,-63,-55
35,"(2,1)",-65,-61,-47,-59,-63,-65,-83,-67,-49,-67,-59,-63,-51
36,"(2,1)",-67,-61,-61,-61,-65,-63,-83,-69,-39,-69,-57,-81,-53
37,"(2,1)",-67,-61,-55,-61,-63,-63,-83,-69,-79,-69,-61,-63,-49
38,"(2,1)",-67,-61,-61,-61,-65,-65,-83,-63,-79,-69,-63,-63,-77
39,"(2,1)",-67,-61,-61,-55,-65,-65,-83,-63,-37,-67,-59,-63,-51
40,"(2,1)",-69,-61,-45,-55,-65,-65,-83,-67,-49,-67,-61,-63,-51
41,"(2,1)",-67,-61,-59,-57,-65,-63,-81,-67,-51,-69,-65,-63,-51
42,"(2,1)",-69,-61,-61,-61,-65,-63,-83,-67,-51,-71,-65,-63,-49
43,"(2,1)",-69,-61,-61,-61,-65,-65,-81,-67,-37,-69,-63,-63,-51
44,"(2,1)",-67,-63,-61,-57,-65,-63,-83,-69,-51,-67,-59,-63,-55
45,"(2,1)",-69,-61,-61,-55,-65,-63,-83,-67,-39,-67,-61,-63,-51
46,"(2,1)",-67,-61,-61,-59,-65,-65,-81,-69,-51,-69,-61,-63,-51
47,"(2,1)",-69,-61,-61,-59,-61,-65,-81,-69,-49,-69,-61,-63,-55
48,"(2,1)",-69,-63,-63,-61,-65,-65,-83,-65,-49,-67,-63,-63,-53
49,"(2,1)",-71,-61,-63,-55,-67,-65,-79,-65,-39,-69,-61,-63,-55
50,"(2,1)",-65,-61,-61,-57,-65,-65,-79,-69,-51,-69,-61,-59,-49
51,"(2,1)",-67,-61,-61,-57,-65,-65,-83,-69,-51,-71,-59,-63,-89
52,"(2,1)",-69,-61,-61,-59,-65,-63,-83,-65,-51,-69,-61,-63,-53
53,"(2,1)",-71,-61,-61,-55,-67,-63,-83,-73,-39,-67,-59,-63,-53
54,"(2,1)",-69,-63,-61,-57,-65,-63,-81,-69,-37,-69,-59,-65,-53
55,"(2,1)",-69,-61,-61,-59,-61,-67,-83,-65,-37,-69,-59,-65,-53
56,"(2,1)",-69,-61,-61,-57,-65,-65,-83,-69,-39,-67,-61,-65,-55
57,"(2,1)",-67,-61,-61,-55,-65,-65,-85,-69,-39,-69,-61,-63,-51
58,"(2,1)",-67,-61,-55,-55,-63,-67,-85,-69,-39,-65,-61,-63,-53
59,"(2,1)",-69,-63,-61,-57,-65,-67,-83,-69,-39,-69,-75,-63,-57
60,"(2,1)",-69,-61,-63,-83,-61,-67,-83,-67,-49,-69,-61,-63,-57
61,"(2,1)",-65,-63,-61,-55,-65,-67,-83,-67,-37,-71,-61,-63,-85
62,"(2,1)",-65,-61,-61,-55,-65,-65,-81,-65,-37,-67,-61,-63,-53
63,"(2,1)",-67,-61,-61,-55,-65,-65,-85,-69,-51,-69,-63,-65,-49
64,"(2,1)",-65,-63,-63,-55,-65,-67,-85,-69,-39,-69,-61,-65,-55
65,"(2,1)",-67,-61,-61,-55,-61,-65,-85,-69,-39,-67,-61,-61,-55
66,"(2,1)",-67,-61,-61,-57,-65,-65,-85,-65,-39,-69,-63,-63,-51
67,"(2,1)",-67,-61,-63,-57,-65,-81,-83,-65,-39,-69,-85,-63,-55
68,"(2,1)",-67,-61,-61,-57,-65,-65,-81,-69,-51,-69,-61,-63,-55
69,"(2,1)",-67,-63,-63,-55,-63,-65,-81,-69,-53,-67,-61,-63,-53
70,"(2,1)",-65,-63,-63,-61,-65,-65,-81,-65,-39,-71,-61,-63,-51
71,"(2,1)",-65,-63,-61,-59,-63,-65,-83,-65,-37,-69,-61,-63,-51
72,"(2,1)",-67,-61,-61,-59,-63,-65,-83,-65,-37,-69,-61,-63,-55
73,"(2,1)",-71,-61,-61,-59,-61,-65,-79,-71,-39,-65,-61,-61,-49
74,"(2,1)",-67,-61,-61,-55,-61,-67,-83,-67,-39,-69,-63,-63,-53
75,"(2,1)",-69,-61,-61,-59,-63,-63,-83,-69,-51,-69,-63,-63,-53
76,"(2,1)",-67,-63,-63,-59,-65,-63,-81,-69,-51,-69,-63,-65,-53
77,"(2,1)",-63,-63,-63,-57,-65,-63,-81,-67,-37,-69,-61,-63,-55
78,"(2,1)",-67,-61,-61,-55,-61,-65,-81,-67,-49,-69,-61,-63,-53
79,"(2,1)",-67,-63,-61,-55,-61,-67,-83,-69,-39,-71,-61,-65,-49
80,"(2,1)",-67,-61,-61,-57,-65,-65,-83,-65,-39,-71,-61,-63,-57
81,"(2,1)",-67,-63,-57,-57,-63,-65,-83,-69,-39,-69,-63,-63,-53
82,"(2,1)",-63,-63,-61,-59,-65,-63,-81,-65,-39,-69,-61,-63,-53
83,"(2,1)",-67,-63,-61,-57,-65,-65,-81,-69,-39,-69,-61,-63,-53
84,"(2,1)",-65,-61,-63,-65,-63,-65,-83,-65,-39,-69,-59,-61,-53
85,"(2,1)",-67,-61,-61,-57,-63,-65,-83,-65,-39,-67,-61,-63,-51
86,"(2,1)",-67,-63,-63,-57,-63,-67,-83,-65,-39,-71,-61,-65,-57
87,"(2,1)",-67,-85,-61,-57,-61,-65,-85,-69,-39,-71,-63,-63,-53
88,"(2,1)",-67,-63,-61,-53,-63,-65,-85,-69,-51,-69,-63,-59,-55
89,"(2,1)",-67,-63,-61,-57,-65,-61,-83,-67,-49,-69,-61,-59,-49
90,"(2,1)",-63,-61,-61,-55,-65,-63,-83,-69,-39,-69,-63,-63,-49
91,"(2,1)",-67,-61,-61,-57,-65,-63,-81,-69,-39,-69,-61,-63,-53
92,"(2,1)",-67,-63,-61,-55,-65,-63,-83,-69,-39,-67,-61,-63,-55
93,"(2,1)",-67,-63,-63,-57,-63,-63,-85,-69,-49,-69,-61,-59,-51
94,"(2,1)",-69,-61,-63,-57,-65,-63,-85,-65,-39,-69,-61,-63,-53
95,"(2,1)",-67,-61,-61,-57,-65,-65,-83,-67,-37,-71,-61,-63,-55
96,"(2,1)",-65,-61,-61,-55,-65,-63,-81,-65,-39,-69,-63,-63,-53
97,"(2,1)",-67,-61,-61,-57,-65,-67,-81,-65,-39,-69,-61,-63,-55
98,"(2,1)",-67,-61,-63,-55,-65,-67,-81,-69,-51,-67,-63,-63,-51
99,"(2,1)",-69,-63,-63,-55,-65,-65,-85,-69,-39,-69,-63,-63,-57
1,"(2,2)",-55,-55,-55,-65,-55,-53,-73,-43,-57,-57,-65,-69,-67
0,"(2,2)",-55,-53,-55,-67,-55,-53,-73,-43,-61,-57,-65,-65,-65
1,"(2,2)",-55,-55,-55,-65,-55,-53,-73,-43,-57,-57,-65,-69,-67
2,"(2,2)",-53,-53,-53,-67,-55,-53,-75,-63,-61,-57,-57,-67,-67
3,"(2,2)",-53,-53,-53,-65,-55,-53,-75,-39,-61,-57,-57,-71,-67
4,"(2,2)",-53,-53,-53,-65,-53,-53,-75,-37,-61,-57,-63,-71,-65
5,"(2,2)",-53,-53,-57,-61,-55,-53,-69,-37,-61,-55,-63,-63,-67
6,"(2,2)",-53,-53,-53,-65,-55,-53,-73,-37,-59,-55,-63,-67,-69
7,"(2,2)",-53,-53,-51,-65,-55,-53,-71,-75,-59,-55,-63,-67,-67
8,"(2,2)",-55,-53,-57,-65,-55,-53,-73,-43,-59,-55,-63,-67,-67
9,"(2,2)",-53,-53,-53,-65,-55,-55,-73,-39,-59,-57,-65,-67,-67
10,"(2,2)",-53,-53,-53,-67,-55,-53,-75,-43,-59,-55,-65,-65,-67
11,"(2,2)",-53,-53,-53,-57,-55,-53,-73,-39,-59,-55,-65,-67,-67
12,"(2,2)",-53,-53,-53,-57,-55,-53,-73,-39,-59,-55,-65,-67,-67
13,"(2,2)",-53,-55,-75,-57,-53,-53,-73,-43,-61,-67,-73,-67,-67
14,"(2,2)",-53,-51,-51,-57,-53,-53,-73,-43,-61,-55,-75,-67,-65
15,"(2,2)",-53,-53,-57,-51,-55,-53,-75,-43,-59,-57,-75,-65,-59
16,"(2,2)",-53,-55,-51,-55,-55,-53,-73,-39,-57,-57,-75,-65,-65
17,"(2,2)",-53,-53,-53,-59,-55,-51,-71,-43,-57,-55,-65,-71,-67
18,"(2,2)",-53,-53,-51,-65,-69,-53,-75,-43,-57,-55,-57,-69,-67
19,"(2,2)",-53,-53,-57,-61,-53,-51,-71,-71,-57,-57,-63,-67,-67
20,"(2,2)",-53,-53,-53,-59,-55,-53,-75,-43,-57,-55,-57,-67,-65
21,"(2,2)",-53,-53,-57,-65,-55,-53,-75,-43,-67,-53,-57,-67,-65
22,"(2,2)",-53,-53,-57,-59,-55,-53,-75,-39,-57,-53,-57,-69,-65
23,"(2,2)",-53,-53,-57,-65,-53,-53,-75,-39,-57,-53,-65,-67,-65
24,"(2,2)",-55,-53,-55,-59,-55,-53,-71,-45,-57,-53,-65,-67,-65
25,"(2,2)",-53,-53,-57,-59,-55,-53,-75,-43,-57,-53,-65,-67,-67
26,"(2,2)",-53,-55,-49,-59,-55,-53,-75,-43,-57,-57,-65,-67,-65
27,"(2,2)",-53,-53,-53,-59,-55,-53,-73,-39,-57,-57,-65,-65,-67
28,"(2,2)",-53,-55,-55,-67,-55,-53,-73,-43,-57,-57,-63,-67,-67
29,"(2,2)",-53,-53,-51,-61,-55,-53,-73,-43,-57,-57,-63,-71,-65
30,"(2,2)",-53,-53,-83,-65,-55,-53,-71,-43,-57,-55,-65,-69,-65
31,"(2,2)",-51,-53,-53,-61,-57,-53,-71,-39,-57,-55,-65,-67,-65
32,"(2,2)",-51,-51,-55,-67,-57,-53,-73,-39,-59,-55,-65,-67,-67
33,"(2,2)",-47,-53,-53,-65,-55,-51,-71,-39,-57,-55,-67,-67,-67
34,"(2,2)",-53,-53,-53,-67,-55,-53,-71,-43,-59,-55,-67,-67,-67
35,"(2,2)",-53,-55,-51,-69,-55,-55,-75,-41,-57,-55,-67,-69,-67
36,"(2,2)",-53,-53,-55,-69,-55,-53,-73,-39,-57,-57,-63,-65,-67
37,"(2,2)",-53,-51,-55,-61,-55,-53,-75,-39,-57,-57,-63,-67,-69
38,"(2,2)",-45,-51,-51,-55,-55,-53,-71,-39,-61,-55,-57,-67,-69
39,"(2,2)",-53,-53,-53,-67,-55,-53,-75,-43,-61,-57,-57,-67,-69
40,"(2,2)",-53,-53,-55,-65,-55,-55,-71,-41,-57,-55,-57,-67,-69
41,"(2,2)",-53,-53,-53,-67,-55,-55,-73,-43,-59,-55,-65,-67,-69
42,"(2,2)",-53,-53,-53,-67,-55,-53,-73,-39,-55,-55,-65,-67,-69
43,"(2,2)",-53,-55,-57,-69,-55,-53,-75,-39,-57,-57,-65,-67,-69
44,"(2,2)",-53,-81,-53,-67,-55,-53,-75,-43,-57,-57,-65,-67,-69
45,"(2,2)",-53,-53,-51,-65,-55,-53,-75,-39,-59,-55,-65,-69,-67
46,"(2,2)",-53,-53,-61,-65,-55,-53,-73,-43,-59,-55,-67,-65,-63
47,"(2,2)",-51,-53,-53,-67,-53,-53,-75,-43,-57,-55,-67,-71,-67
48,"(2,2)",-55,-53,-51,-59,-55,-53,-75,-43,-57,-55,-65,-65,-57
49,"(2,2)",-53,-55,-73,-65,-55,-53,-73,-43,-57,-55,-61,-65,-57
50,"(2,2)",-53,-51,-53,-65,-53,-53,-71,-39,-61,-57,-65,-67,-65
51,"(2,2)",-55,-53,-57,-61,-55,-53,-75,-43,-57,-57,-65,-65,-69
52,"(2,2)",-53,-49,-53,-67,-55,-53,-71,-43,-57,-55,-67,-67,-69
53,"(2,2)",-53,-55,-49,-65,-55,-53,-75,-37,-57,-55,-57,-67,-69
54,"(2,2)",-53,-53,-51,-65,-55,-53,-71,-39,-61,-57,-65,-71,-67
55,"(2,2)",-53,-71,-55,-61,-55,-53,-73,-39,-57,-55,-67,-67,-69
56,"(2,2)",-53,-53,-55,-65,-55,-53,-73,-43,-59,-55,-65,-71,-69
57,"(2,2)",-53,-53,-51,-59,-53,-53,-73,-43,-59,-55,-63,-65,-69
58,"(2,2)",-53,-91,-57,-67,-55,-53,-73,-43,-59,-65,-63,-65,-67
59,"(2,2)",-53,-53,-77,-67,-55,-53,-73,-41,-55,-57,-57,-65,-67
60,"(2,2)",-53,-53,-55,-65,-55,-53,-71,-43,-59,-55,-61,-67,-67
61,"(2,2)",-53,-53,-55,-59,-55,-53,-69,-43,-59,-55,-67,-65,-67
62,"(2,2)",-53,-53,-57,-67,-55,-53,-71,-43,-59,-55,-57,-65,-67
63,"(2,2)",-53,-55,-87,-67,-55,-53,-73,-43,-61,-55,-57,-67,-69
64,"(2,2)",-53,-53,-57,-51,-55,-53,-75,-43,-57,-55,-57,-65,-69
65,"(2,2)",-51,-53,-53,-67,-55,-53,-75,-43,-59,-55,-63,-67,-69
66,"(2,2)",-51,-53,-49,-55,-55,-53,-73,-39,-55,-57,-67,-67,-69
67,"(2,2)",-53,-55,-53,-61,-55,-53,-71,-39,-55,-57,-63,-67,-65
68,"(2,2)",-53,-87,-51,-61,-53,-53,-73,-39,-61,-57,-63,-69,-67
69,"(2,2)",-53,-53,-55,-65,-55,-53,-75,-39,-59,-57,-63,-71,-67
70,"(2,2)",-47,-53,-53,-65,-55,-53,-71,-39,-59,-57,-67,-71,-67
71,"(2,2)",-51,-53,-51,-67,-55,-53,-75,-43,-59,-55,-65,-67,-65
72,"(2,2)",-51,-51,-53,-65,-55,-53,-75,-39,-59,-57,-55,-67,-65
73,"(2,2)",-53,-53,-53,-59,-55,-53,-69,-37,-59,-55,-63,-67,-65
74,"(2,2)",-53,-53,-57,-61,-55,-53,-75,-37,-59,-55,-63,-65,-65
75,"(2,2)",-47,-53,-51,-55,-55,-55,-75,-39,-59,-55,-63,-69,-67
76,"(2,2)",-53,-53,-53,-59,-55,-53,-71,-43,-59,-55,-57,-69,-67
77,"(2,2)",-53,-53,-51,-61,-55,-53,-75,-43,-57,-55,-57,-65,-67
78,"(2,2)",-53,-53,-55,-57,-55,-53,-69,-37,-59,-55,-57,-67,-67
79,"(2,2)",-53,-53,-53,-61,-55,-53,-75,-43,-57,-55,-57,-71,-67
80,"(2,2)",-53,-53,-55,-61,-55,-53,-73,-43,-57,-55,-57,-71,-69
81,"(2,2)",-53,-53,-55,-65,-55,-53,-71,-45,-59,-55,-57,-67,-69
82,"(2,2)",-55,-53,-71,-61,-55,-53,-71,-39,-59,-57,-63,-67,-69
83,"(2,2)",-53,-53,-53,-67,-55,-53,-75,-39,-61,-57,-65,-69,-67
84,"(2,2)",-53,-51,-51,-67,-53,-53,-75,-43,-57,-57,-57,-67,-67
85,"(2,2)",-53,-53,-53,-67,-55,-53,-75,-55,-59,-55,-57,-67,-65
86,"(2,2)",-55,-53,-51,-67,-55,-53,-75,-43,-57,-55,-57,-67,-67
87,"(2,2)",-53,-53,-53,-67,-55,-53,-75,-45,-57,-55,-57,-67,-67
88,"(2,2)",-53,-51,-51,-67,-55,-53,-73,-43,-57,-55,-57,-67,-67
89,"(2,2)",-53,-53,-51,-59,-55,-53,-71,-43,-61,-57,-63,-67,-67
90,"(2,2)",-53,-53,-51,-59,-53,-53,-71,-41,-61,-57,-61,-67,-63
91,"(2,2)",-53,-53,-51,-59,-57,-53,-75,-43,-61,-55,-73,-65,-65
92,"(2,2)",-53,-51,-49,-61,-53,-53,-77,-43,-59,-55,-73,-67,-69
93,"(2,2)",-55,-53,-51,-61,-55,-53,-71,-39,-59,-55,-63,-65,-69
94,"(2,2)",-53,-55,-49,-65,-55,-53,-75,-43,-61,-55,-63,-71,-69
95,"(2,2)",-53,-53,-51,-59,-55,-53,-73,-43,-61,-55,-67,-71,-69
96,"(2,2)",-53,-53,-77,-59,-57,-53,-73,-43,-59,-55,-63,-67,-69
97,"(2,2)",-55,-51,-53,-67,-55,-53,-75,-41,-61,-55,-57,-67,-69
98,"(2,2)",-53,-51,-57,-67,-55,-53,-73,-39,-59,-55,-57,-65,-69
99,"(2,2)",-53,-51,-53,-61,-57,-53,-67,-43,-59,-55,-63,-69,-67
