1,"(2,2)",-55,-55,-55,-65,-55,-53,-73,-43,-57,-57,-65,-69,-67,-67,-79,-83,-71,-71,-53,-53,-63,-91
0,"(2,2)",-55,-53,-55,-67,-55,-53,-73,-43,-61,-57,-65,-65,-65,-65,-79,-83,-69,-71,-53,-53,-65,-91
1,"(2,2)",-55,-55,-55,-65,-55,-53,-73,-43,-57,-57,-65,-69,-67,-67,-79,-83,-71,-71,-53,-53,-63,-91
2,"(2,2)",-53,-53,-53,-67,-55,-53,-75,-63,-61,-57,-57,-67,-67,-67,-79,-83,-69,-71,-53,-53,-63,-91
3,"(2,2)",-53,-53,-53,-65,-55,-53,-75,-39,-61,-57,-57,-71,-67,-67,-79,-83,-65,-71,-53,-53,-63,-91
4,"(2,2)",-53,-53,-53,-65,-53,-53,-75,-37,-61,-57,-63,-71,-65,-67,-79,-83,-69,-71,-53,-53,-65,-91
5,"(2,2)",-53,-53,-57,-61,-55,-53,-69,-37,-61,-55,-63,-63,-67,-67,-79,-81,-69,-71,-53,-53,-65,-91
6,"(2,2)",-53,-53,-53,-65,-55,-53,-73,-37,-59,-55,-63,-67,-69,-67,-79,-81,-69,-71,-53,-53,-63,-91
7,"(2,2)",-53,-53,-51,-65,-55,-53,-71,-75,-59,-55,-63,-67,-67,-67,-79,-81,-69,-71,-53,-53,-63,-91
8,"(2,2)",-55,-53,-57,-65,-55,-53,-73,-43,-59,-55,-63,-67,-67,-67,-79,-81,-69,-71,-53,-51,-65,-91
9,"(2,2)",-53,-53,-53,-65,-55,-55,-73,-39,-59,-57,-65,-67,-67,-65,-79,-81,-69,-71,-53,-51,-63,-87
10,"(2,2)",-53,-53,-53,-67,-55,-53,-75,-43,-59,-55,-65,-65,-67,-67,-79,-81,-69,-71,-51,-53,-65,-87
11,"(2,2)",-53,-53,-53,-57,-55,-53,-73,-39,-59,-55,-65,-67,-67,-67,-79,-81,-67,-71,-51,-53,-63,-87
12,"(2,2)",-53,-53,-53,-57,-55,-53,-73,-39,-59,-55,-65,-67,-67,-69,-79,-81,-69,-71,-51,-53,-57,-87
13,"(2,2)",-53,-55,-75,-57,-53,-53,-73,-43,-61,-67,-73,-67,-67,-53,-79,-81,-69,-69,-67,-53,-67,-87
14,"(2,2)",-53,-51,-51,-57,-53,-53,-73,-43,-61,-55,-75,-67,-65,-69,-79,-79,-69,-69,-51,-53,-63,-87
15,"(2,2)",-53,-53,-57,-51,-55,-53,-75,-43,-59,-57,-75,-65,-59,-67,-79,-79,-69,-69,-51,-53,-53,-87
16,"(2,2)",-53,-55,-51,-55,-55,-53,-73,-39,-57,-57,-75,-65,-65,-65,-79,-79,-65,-73,-51,-53,-53,-87
17,"(2,2)",-53,-53,-53,-59,-55,-51,-71,-43,-57,-55,-65,-71,-67,-65,-79,-79,-69,-73,-53,-53,-63,-87
18,"(2,2)",-53,-53,-51,-65,-69,-53,-75,-43,-57,-55,-57,-69,-67,-65,-73,-79,-65,-73,-53,-53,-63,-87
19,"(2,2)",-53,-53,-57,-61,-53,-51,-71,-71,-57,-57,-63,-67,-67,-65,-73,-79,-67,-73,-51,-53,-63,-87
20,"(2,2)",-53,-53,-53,-59,-55,-53,-75,-43,-57,-55,-57,-67,-65,-65,-73,-79,-65,-69,-53,-51,-57,-87
21,"(2,2)",-53,-53,-57,-65,-55,-53,-75,-43,-67,-53,-57,-67,-65,-65,-73,-65,-71,-53,-51,-63,-89,-85
22,"(2,2)",-53,-53,-57,-59,-55,-53,-75,-39,-57,-53,-57,-69,-65,-65,-73,-65,-71,-53,-51,-63,-89,-85
23,"(2,2)",-53,-53,-57,-65,-53,-53,-75,-39,-57,-53,-65,-67,-65,-67,-73,-69,-71,-53,-51,-63,-87,-85
24,"(2,2)",-55,-53,-55,-59,-55,-53,-71,-45,-57,-53,-65,-67,-65,-67,-73,-69,-71,-53,-53,-57,-87,-85
25,"(2,2)",-53,-53,-57,-59,-55,-53,-75,-43,-57,-53,-65,-67,-67,-65,-73,-63,-69,-53,-53,-65,-87,-85
26,"(2,2)",-53,-55,-49,-59,-55,-53,-75,-43,-57,-57,-65,-67,-65,-67,-73,-63,-69,-53,-51,-61,-87,-85
27,"(2,2)",-53,-53,-53,-59,-55,-53,-73,-39,-57,-57,-65,-65,-67,-67,-73,-65,-69,-53,-51,-61,-87,-85
28,"(2,2)",-53,-55,-55,-67,-55,-53,-73,-43,-57,-57,-63,-67,-67,-67,-73,-67,-69,-51,-51,-61,-85,-85
29,"(2,2)",-53,-53,-51,-61,-55,-53,-73,-43,-57,-57,-63,-71,-65,-65,-73,-67,-71,-51,-51,-63,-85,-85
30,"(2,2)",-53,-53,-83,-65,-55,-53,-71,-43,-57,-55,-65,-69,-65,-67,-73,-65,-71,-53,-51,-63,-85,-85
31,"(2,2)",-51,-53,-53,-61,-57,-53,-71,-39,-57,-55,-65,-67,-65,-67,-73,-67,-71,-53,-53,-67,-87,-87
32,"(2,2)",-51,-51,-55,-67,-57,-53,-73,-39,-59,-55,-65,-67,-67,-65,-73,-65,-71,-51,-51,-67,-87,-89
33,"(2,2)",-47,-53,-53,-65,-55,-51,-71,-39,-57,-55,-67,-67,-67,-65,-75,-69,-71,-51,-51,-73,-87,-89
34,"(2,2)",-53,-53,-53,-67,-55,-53,-71,-43,-59,-55,-67,-67,-67,-65,-75,-69,-71,-53,-51,-63,-87,-89
35,"(2,2)",-53,-55,-51,-69,-55,-55,-75,-41,-57,-55,-67,-69,-67,-65,-75,-71,-71,-53,-51,-63,-87,-89
36,"(2,2)",-53,-53,-55,-69,-55,-53,-73,-39,-57,-57,-63,-65,-67,-65,-77,-69,-71,-51,-53,-63,-87,-89
37,"(2,2)",-53,-51,-55,-61,-55,-53,-75,-39,-57,-57,-63,-67,-69,-65,-77,-69,-71,-51,-53,-63,-87,-89
38,"(2,2)",-45,-51,-51,-55,-55,-53,-71,-39,-61,-55,-57,-67,-69,-65,-77,-67,-67,-51,-53,-65,-87,-89
39,"(2,2)",-53,-53,-53,-67,-55,-53,-75,-43,-61,-57,-57,-67,-69,-65,-77,-65,-67,-53,-53,-63,-87,-89
40,"(2,2)",-53,-53,-55,-65,-55,-55,-71,-41,-57,-55,-57,-67,-69,-65,-77,-67,-69,-53,-53,-63,-87,-89
41,"(2,2)",-53,-53,-53,-67,-55,-55,-73,-43,-59,-55,-65,-67,-69,-65,-77,-71,-69,-53,-53,-63,-87,-87
42,"(2,2)",-53,-53,-53,-67,-55,-53,-73,-39,-55,-55,-65,-67,-69,-65,-77,-65,-69,-53,-53,-67,-85,-87
43,"(2,2)",-53,-55,-57,-69,-55,-53,-75,-39,-57,-57,-65,-67,-69,-63,-79,-67,-69,-53,-53,-67,-85,-85
44,"(2,2)",-53,-81,-53,-67,-55,-53,-75,-43,-57,-57,-65,-67,-69,-65,-77,-67,-69,-53,-53,-67,-87,-85
45,"(2,2)",-53,-53,-51,-65,-55,-53,-75,-39,-59,-55,-65,-69,-67,-65,-77,-65,-69,-53,-53,-63,-87,-85
46,"(2,2)",-53,-53,-61,-65,-55,-53,-73,-43,-59,-55,-67,-65,-63,-65,-79,-71,-69,-53,-53,-63,-87,-85
47,"(2,2)",-51,-53,-53,-67,-53,-53,-75,-43,-57,-55,-67,-71,-67,-65,-79,-65,-69,-53,-51,-55,-87,-85
48,"(2,2)",-55,-53,-51,-59,-55,-53,-75,-43,-57,-55,-65,-65,-57,-67,-73,-67,-69,-53,-51,-55,-89,-85
49,"(2,2)",-53,-55,-73,-65,-55,-53,-73,-43,-57,-55,-61,-65,-57,-67,-73,-63,-71,-53,-53,-57,-89,-87
50,"(2,2)",-53,-51,-53,-65,-53,-53,-71,-39,-61,-57,-65,-67,-65,-65,-73,-67,-71,-53,-53,-63,-89,-87
51,"(2,2)",-55,-53,-57,-61,-55,-53,-75,-43,-57,-57,-65,-65,-69,-65,-73,-69,-69,-53,-51,-63,-87,-85
52,"(2,2)",-53,-49,-53,-67,-55,-53,-71,-43,-57,-55,-67,-67,-69,-65,-73,-67,-71,-53,-53,-63,-87,-85
53,"(2,2)",-53,-55,-49,-65,-55,-53,-75,-37,-57,-55,-57,-67,-69,-65,-71,-65,-69,-53,-53,-65,-87,-85
54,"(2,2)",-53,-53,-51,-65,-55,-53,-71,-39,-61,-57,-65,-71,-67,-65,-71,-67,-69,-53,-53,-65,-87,-85
55,"(2,2)",-53,-71,-55,-61,-55,-53,-73,-39,-57,-55,-67,-67,-69,-65,-71,-65,-69,-53,-51,-63,-87,-87
56,"(2,2)",-53,-53,-55,-65,-55,-53,-73,-43,-59,-55,-65,-71,-69,-65,-71,-69,-69,-53,-51,-63,-87,-87
57,"(2,2)",-53,-53,-51,-59,-53,-53,-73,-43,-59,-55,-63,-65,-69,-65,-71,-65,-69,-53,-51,-63,-87,-87
58,"(2,2)",-53,-91,-57,-67,-55,-53,-73,-43,-59,-65,-63,-65,-67,-65,-71,-63,-71,-53,-53,-63,-87,-87
59,"(2,2)",-53,-53,-77,-67,-55,-53,-73,-41,-55,-57,-57,-65,-67,-63,-71,-63,-69,-53,-53,-65,-89,-83
60,"(2,2)",-53,-53,-55,-65,-55,-53,-71,-43,-59,-55,-61,-67,-67,-63,-71,-67,-69,-51,-53,-65,-87,-85
61,"(2,2)",-53,-53,-55,-59,-55,-53,-69,-43,-59,-55,-67,-65,-67,-63,-71,-69,-69,-53,-53,-65,-87,-85
62,"(2,2)",-53,-53,-57,-67,-55,-53,-71,-43,-59,-55,-57,-65,-67,-63,-71,-71,-69,-53,-51,-61,-87,-85
63,"(2,2)",-53,-55,-87,-67,-55,-53,-73,-43,-61,-55,-57,-67,-69,-63,-71,-65,-69,-53,-53,-57,-87,-85
64,"(2,2)",-53,-53,-57,-51,-55,-53,-75,-43,-57,-55,-57,-65,-69,-69,-71,-67,-71,-53,-53,-57,-87,-85
65,"(2,2)",-51,-53,-53,-67,-55,-53,-75,-43,-59,-55,-63,-67,-69,-69,-73,-65,-71,-53,-53,-57,-87,-89
66,"(2,2)",-51,-53,-49,-55,-55,-53,-73,-39,-55,-57,-67,-67,-69,-65,-73,-67,-71,-51,-53,-63,-87,-83
67,"(2,2)",-53,-55,-53,-61,-55,-53,-71,-39,-55,-57,-63,-67,-65,-65,-73,-65,-71,-89,-53,-59,-87,-83
68,"(2,2)",-53,-87,-51,-61,-53,-53,-73,-39,-61,-57,-63,-69,-67,-65,-73,-69,-71,-51,-53,-65,-87,-83
69,"(2,2)",-53,-53,-55,-65,-55,-53,-75,-39,-59,-57,-63,-71,-67,-65,-73,-65,-71,-51,-53,-63,-87,-83
70,"(2,2)",-47,-53,-53,-65,-55,-53,-71,-39,-59,-57,-67,-71,-67,-65,-73,-67,-71,-51,-53,-63,-87,-83
71,"(2,2)",-51,-53,-51,-67,-55,-53,-75,-43,-59,-55,-65,-67,-65,-69,-73,-65,-71,-53,-51,-63,-87,-87
72,"(2,2)",-51,-51,-53,-65,-55,-53,-75,-39,-59,-57,-55,-67,-65,-69,-73,-67,-71,-51,-53,-63,-89,-87
73,"(2,2)",-53,-53,-53,-59,-55,-53,-69,-37,-59,-55,-63,-67,-65,-69,-73,-67,-71,-53,-51,-65,-89,-85
74,"(2,2)",-53,-53,-57,-61,-55,-53,-75,-37,-59,-55,-63,-65,-65,-63,-73,-67,-71,-53,-51,-57,-89,-85
75,"(2,2)",-47,-53,-51,-55,-55,-55,-75,-39,-59,-55,-63,-69,-67,-67,-73,-67,-69,-53,-51,-57,-89,-85
76,"(2,2)",-53,-53,-53,-59,-55,-53,-71,-43,-59,-55,-57,-69,-67,-65,-73,-67,-69,-53,-51,-57,-89,-85
77,"(2,2)",-53,-53,-51,-61,-55,-53,-75,-43,-57,-55,-57,-65,-67,-67,-73,-69,-69,-53,-51,-65,-89,-85
78,"(2,2)",-53,-53,-55,-57,-55,-53,-69,-37,-59,-55,-57,-67,-67,-67,-73,-69,-71,-53,-51,-65,-89,-87
79,"(2,2)",-53,-53,-53,-61,-55,-53,-75,-43,-57,-55,-57,-71,-67,-67,-73,-67,-73,-53,-51,-65,-89,-87
80,"(2,2)",-53,-53,-55,-61,-55,-53,-73,-43,-57,-55,-57,-71,-69,-67,-73,-69,-71,-53,-51,-65,-89,-87
81,"(2,2)",-53,-53,-55,-65,-55,-53,-71,-45,-59,-55,-57,-67,-69,-67,-75,-69,-69,-53,-53,-63,-87,-81
82,"(2,2)",-55,-53,-71,-61,-55,-53,-71,-39,-59,-57,-63,-67,-69,-65,-75,-67,-69,-53,-53,-63,-85,-81
83,"(2,2)",-53,-53,-53,-67,-55,-53,-75,-39,-61,-57,-65,-69,-67,-67,-75,-65,-69,-53,-53,-63,-87,-79
84,"(2,2)",-53,-51,-51,-67,-53,-53,-75,-43,-57,-57,-57,-67,-67,-67,-71,-65,-69,-53,-53,-63,-85,-79
85,"(2,2)",-53,-53,-53,-67,-55,-53,-75,-55,-59,-55,-57,-67,-65,-65,-71,-67,-69,-53,-53,-63,-85,-79
86,"(2,2)",-55,-53,-51,-67,-55,-53,-75,-43,-57,-55,-57,-67,-67,-65,-75,-65,-69,-51,-51,-63,-85,-79
87,"(2,2)",-53,-53,-53,-67,-55,-53,-75,-45,-57,-55,-57,-67,-67,-65,-75,-67,-69,-51,-51,-63,-85,-79
88,"(2,2)",-53,-51,-51,-67,-55,-53,-73,-43,-57,-55,-57,-67,-67,-65,-75,-69,-71,-51,-51,-63,-85,-79
89,"(2,2)",-53,-53,-51,-59,-55,-53,-71,-43,-61,-57,-63,-67,-67,-65,-75,-67,-71,-53,-53,-63,-83,-79
90,"(2,2)",-53,-53,-51,-59,-53,-53,-71,-41,-61,-57,-61,-67,-63,-65,-75,-67,-73,-53,-53,-63,-83,-79
91,"(2,2)",-53,-53,-51,-59,-57,-53,-75,-43,-61,-55,-73,-65,-65,-65,-75,-69,-73,-53,-51,-57,-83,-81
92,"(2,2)",-53,-51,-49,-61,-53,-53,-77,-43,-59,-55,-73,-67,-69,-65,-75,-69,-73,-53,-51,-63,-83,-79
93,"(2,2)",-55,-53,-51,-61,-55,-53,-71,-39,-59,-55,-63,-65,-69,-69,-75,-65,-73,-83,-51,-65,-83,-61
94,"(2,2)",-53,-55,-49,-65,-55,-53,-75,-43,-61,-55,-63,-71,-69,-69,-75,-67,-71,-83,-51,-65,-83,-61
95,"(2,2)",-53,-53,-51,-59,-55,-53,-73,-43,-61,-55,-67,-71,-69,-67,-75,-67,-71,-51,-53,-71,-85,-61
96,"(2,2)",-53,-53,-77,-59,-57,-53,-73,-43,-59,-55,-63,-67,-69,-69,-75,-67,-71,-53,-53,-71,-85,-81
97,"(2,2)",-55,-51,-53,-67,-55,-53,-75,-41,-61,-55,-57,-67,-69,-69,-75,-67,-71,-53,-53,-65,-87,-81
98,"(2,2)",-53,-51,-57,-67,-55,-53,-73,-39,-59,-55,-57,-65,-69,-69,-75,-61,-69,-51,-53,-63,-87,-79
99,"(2,2)",-53,-51,-53,-61,-57,-53,-67,-43,-59,-55,-63,-69,-67,-65,-75,-67,-71,-51,-53,-65,-85,-79
100,"(2,2)",-53,-55,-55,-59,-55,-53,-73,-43,-59,-55,-63,-67,-67,-67,-75,-65,-73,-53,-51,-63,-87,-79
101,"(2,2)",-53,-53,-53,-57,-55,-53,-69,-43,-61,-55,-63,-65,-67,-67,-75,-69,-73,-51,-53,-59,-87,-79
102,"(2,2)",-53,-73,-53,-57,-55,-53,-73,-43,-57,-55,-63,-67,-67,-67,-75,-65,-71,-51,-53,-59,-87,-79
103,"(2,2)",-55,-53,-57,-57,-55,-53,-75,-39,-61,-55,-59,-65,-63,-65,-75,-67,-71,-53,-53,-63,-83,-79
104,"(2,2)",-53,-55,-53,-59,-55,-53,-75,-37,-61,-55,-57,-71,-61,-65,-75,-67,-71,-53,-53,-61,-83,-79
105,"(2,2)",-53,-53,-55,-57,-55,-53,-75,-43,-61,-55,-63,-65,-67,-65,-73,-65,-69,-53,-51,-61,-83,-79
106,"(2,2)",-53,-53,-57,-67,-55,-53,-75,-39,-57,-55,-65,-69,-63,-63,-73,-67,-69,-53,-51,-61,-83,-79
107,"(2,2)",-55,-53,-55,-67,-55,-53,-73,-43,-57,-57,-65,-65,-61,-63,-73,-67,-69,-53,-53,-63,-83,-83
108,"(2,2)",-55,-53,-53,-67,-53,-55,-75,-43,-57,-55,-57,-65,-67,-63,-79,-67,-71,-85,-53,-63,-89,-83
109,"(2,2)",-53,-53,-53,-57,-55,-53,-71,-43,-61,-55,-57,-69,-67,-63,-79,-67,-71,-53,-51,-63,-85,-79
110,"(2,2)",-53,-53,-53,-67,-57,-53,-73,-39,-61,-55,-57,-69,-67,-65,-71,-67,-71,-53,-53,-63,-87,-79
111,"(2,2)",-53,-53,-55,-65,-53,-55,-73,-39,-57,-55,-59,-65,-67,-65,-77,-65,-71,-53,-53,-63,-87,-77
112,"(2,2)",-45,-53,-51,-65,-55,-53,-75,-43,-57,-55,-59,-69,-67,-63,-77,-65,-71,-53,-53,-61,-89,-81
113,"(2,2)",-53,-53,-51,-61,-55,-53,-71,-43,-57,-55,-59,-65,-67,-69,-77,-63,-71,-53,-53,-63,-81,-79
114,"(2,2)",-53,-53,-53,-61,-55,-55,-71,-39,-59,-55,-61,-69,-67,-69,-77,-65,-71,-51,-51,-63,-81,-79
115,"(2,2)",-53,-53,-51,-67,-55,-53,-71,-43,-57,-55,-57,-69,-67,-67,-77,-67,-71,-51,-53,-63,-81,-79
116,"(2,2)",-53,-53,-53,-61,-55,-53,-69,-43,-59,-55,-63,-69,-65,-67,-79,-67,-71,-51,-53,-65,-81,-79
117,"(2,2)",-51,-53,-51,-61,-53,-53,-75,-43,-57,-55,-63,-71,-65,-63,-75,-65,-71,-51,-53,-65,-81,-75
118,"(2,2)",-51,-47,-53,-61,-55,-53,-71,-43,-57,-55,-63,-71,-65,-67,-75,-65,-71,-51,-53,-63,-81,-75
119,"(2,2)",-53,-53,-53,-55,-55,-53,-73,-43,-57,-55,-55,-65,-63,-67,-73,-65,-71,-53,-51,-63,-83,-79
120,"(2,2)",-51,-53,-53,-67,-55,-53,-73,-43,-59,-55,-55,-65,-67,-67,-73,-67,-71,-53,-51,-67,-83,-77
121,"(2,2)",-53,-55,-53,-67,-55,-53,-75,-79,-59,-55,-63,-65,-67,-65,-77,-67,-71,-53,-51,-67,-85,-79
122,"(2,2)",-53,-53,-57,-59,-55,-53,-75,-41,-61,-55,-63,-65,-67,-63,-77,-65,-71,-53,-51,-67,-83,-79
123,"(2,2)",-53,-53,-51,-65,-55,-51,-75,-43,-57,-55,-57,-69,-65,-69,-77,-67,-71,-53,-51,-67,-83,-81
124,"(2,2)",-55,-53,-51,-55,-53,-53,-71,-43,-79,-55,-57,-67,-65,-67,-77,-69,-71,-53,-51,-63,-83,-73
125,"(2,2)",-53,-53,-51,-63,-55,-53,-73,-43,-59,-55,-57,-67,-65,-63,-73,-65,-71,-53,-51,-63,-83,-79
126,"(2,2)",-53,-53,-53,-65,-55,-53,-73,-43,-59,-55,-57,-67,-65,-67,-71,-67,-71,-53,-51,-63,-85,-75
127,"(2,2)",-53,-53,-53,-59,-55,-53,-73,-37,-59,-55,-57,-67,-63,-67,-77,-65,-71,-53,-53,-63,-85,-75
128,"(2,2)",-53,-53,-51,-67,-55,-53,-75,-43,-57,-55,-63,-63,-67,-67,-75,-69,-65,-51,-53,-65,-85,-75
129,"(2,2)",-53,-53,-57,-65,-55,-53,-75,-43,-59,-55,-63,-63,-67,-67,-75,-65,-65,-51,-53,-67,-87,-79
130,"(2,2)",-53,-55,-53,-67,-55,-53,-73,-37,-57,-55,-63,-63,-65,-67,-75,-69,-69,-51,-53,-65,-87,-79
131,"(2,2)",-53,-53,-51,-59,-55,-51,-75,-39,-57,-51,-63,-67,-67,-67,-75,-69,-75,-53,-51,-65,-87,-79
132,"(2,2)",-53,-53,-55,-65,-55,-53,-75,-43,-55,-51,-63,-65,-67,-65,-75,-67,-75,-51,-51,-65,-87,-79
133,"(2,2)",-55,-73,-57,-61,-55,-53,-71,-43,-59,-55,-63,-65,-67,-67,-75,-65,-75,-51,-51,-65,-83,-77
134,"(2,2)",-53,-53,-53,-61,-55,-53,-75,-79,-59,-55,-65,-69,-65,-67,-73,-67,-75,-53,-51,-65,-83,-77
135,"(2,2)",-53,-53,-53,-61,-55,-53,-71,-43,-59,-55,-63,-69,-65,-67,-73,-65,-75,-85,-53,-65,-85,-77
136,"(2,2)",-53,-51,-51,-79,-55,-53,-71,-43,-59,-53,-57,-69,-65,-67,-73,-65,-71,-53,-53,-63,-87,-77
137,"(2,2)",-55,-55,-57,-57,-55,-53,-71,-43,-61,-53,-57,-71,-65,-63,-73,-65,-71,-53,-53,-63,-87,-79
138,"(2,2)",-53,-53,-51,-59,-55,-53,-73,-43,-61,-53,-57,-69,-65,-69,-73,-65,-71,-53,-51,-63,-87,-79
139,"(2,2)",-55,-53,-51,-53,-55,-53,-75,-39,-51,-55,-57,-67,-65,-63,-77,-65,-71,-53,-53,-63,-87,-79
140,"(2,2)",-55,-53,-51,-59,-55,-53,-73,-43,-61,-55,-63,-67,-65,-63,-77,-65,-71,-51,-53,-65,-87,-79
141,"(2,2)",-53,-53,-57,-59,-55,-53,-75,-43,-57,-55,-63,-67,-65,-67,-77,-69,-71,-51,-53,-65,-85,-79
142,"(2,2)",-53,-53,-57,-59,-55,-53,-75,-73,-57,-55,-65,-67,-65,-67,-75,-69,-71,-53,-53,-65,-85,-81
143,"(2,2)",-53,-53,-57,-59,-55,-53,-75,-39,-57,-53,-65,-65,-67,-65,-75,-67,-71,-53,-53,-63,-87,-79
144,"(2,2)",-53,-53,-57,-67,-53,-53,-75,-41,-61,-53,-65,-65,-67,-65,-73,-67,-71,-53,-53,-63,-87,-79
145,"(2,2)",-53,-53,-53,-59,-55,-53,-75,-39,-57,-55,-59,-69,-65,-65,-73,-65,-71,-53,-53,-63,-87,-79
146,"(2,2)",-53,-53,-57,-67,-53,-53,-73,-43,-57,-57,-65,-67,-67,-65,-73,-69,-71,-53,-53,-63,-87,-79
147,"(2,2)",-53,-53,-57,-67,-55,-53,-73,-43,-59,-57,-65,-69,-67,-65,-73,-67,-71,-85,-53,-63,-87,-81
148,"(2,2)",-53,-53,-49,-67,-55,-53,-73,-45,-59,-55,-65,-67,-67,-65,-73,-63,-71,-53,-53,-65,-89,-81
149,"(2,2)",-45,-53,-57,-75,-55,-53,-75,-37,-59,-55,-63,-65,-69,-65,-73,-67,-71,-53,-53,-63,-89,-81
150,"(2,2)",-55,-53,-57,-59,-55,-53,-75,-41,-61,-55,-63,-67,-65,-65,-79,-65,-73,-53,-53,-63,-85,-79
151,"(2,2)",-55,-53,-51,-61,-55,-53,-75,-37,-57,-55,-63,-67,-65,-65,-79,-65,-73,-51,-53,-63,-89,-77
152,"(2,2)",-53,-63,-57,-67,-63,-53,-75,-55,-57,-55,-67,-69,-67,-65,-71,-67,-73,-51,-53,-63,-89,-77
153,"(2,2)",-53,-53,-53,-59,-55,-53,-75,-53,-59,-57,-65,-67,-67,-65,-73,-69,-71,-51,-53,-67,-89,-77
154,"(2,2)",-51,-53,-53,-65,-55,-53,-73,-43,-59,-57,-65,-67,-65,-61,-73,-65,-71,-51,-53,-65,-89,-77
155,"(2,2)",-53,-53,-73,-59,-55,-53,-73,-73,-61,-55,-59,-69,-69,-61,-73,-65,-69,-53,-51,-65,-87,-79
156,"(2,2)",-53,-51,-51,-67,-53,-53,-69,-43,-59,-55,-59,-67,-61,-63,-73,-65,-69,-53,-53,-65,-85,-81
157,"(2,2)",-53,-51,-53,-59,-55,-53,-75,-43,-57,-55,-55,-67,-67,-63,-73,-71,-71,-53,-51,-63,-87,-79
158,"(2,2)",-53,-53,-55,-61,-55,-51,-75,-43,-57,-55,-63,-69,-61,-63,-73,-65,-71,-53,-51,-63,-87,-77
159,"(2,2)",-51,-53,-53,-61,-55,-53,-75,-43,-59,-57,-67,-71,-67,-67,-77,-71,-71,-53,-51,-63,-87,-77
160,"(2,2)",-53,-53,-53,-55,-59,-53,-75,-39,-61,-55,-67,-65,-67,-65,-77,-69,-71,-53,-53,-63,-87,-81
161,"(2,2)",-53,-53,-55,-59,-59,-55,-75,-39,-61,-55,-67,-67,-67,-65,-77,-69,-71,-53,-53,-65,-87,-81
162,"(2,2)",-53,-53,-57,-59,-55,-53,-73,-43,-61,-55,-67,-65,-67,-65,-73,-67,-85,-53,-53,-65,-85,-79
163,"(2,2)",-53,-53,-49,-59,-55,-53,-73,-37,-61,-55,-67,-69,-69,-67,-73,-67,-85,-53,-53,-63,-85,-79
164,"(2,2)",-55,-53,-53,-59,-55,-53,-73,-37,-57,-55,-67,-67,-67,-67,-77,-65,-71,-53,-53,-63,-85,-79
165,"(2,2)",-55,-53,-57,-61,-55,-53,-73,-39,-59,-55,-61,-67,-67,-67,-77,-67,-71,-51,-53,-63,-85,-79
166,"(2,2)",-55,-51,-51,-59,-55,-53,-75,-39,-59,-55,-65,-71,-65,-67,-79,-69,-71,-51,-53,-63,-85,-79
167,"(2,2)",-53,-53,-55,-61,-55,-53,-75,-43,-59,-55,-65,-71,-53,-65,-79,-69,-73,-53,-53,-63,-85,-79
168,"(2,2)",-53,-53,-55,-67,-71,-53,-77,-39,-61,-55,-65,-65,-69,-65,-79,-65,-69,-53,-51,-63,-87,-79
169,"(2,2)",-53,-53,-55,-67,-55,-53,-75,-43,-59,-57,-63,-65,-65,-65,-79,-67,-69,-53,-53,-63,-87,-77
170,"(2,2)",-53,-53,-51,-67,-55,-53,-75,-43,-61,-55,-63,-65,-67,-65,-79,-67,-69,-51,-53,-65,-87,-77
171,"(2,2)",-53,-53,-55,-65,-55,-53,-75,-37,-59,-55,-63,-69,-67,-65,-79,-71,-71,-51,-51,-63,-87,-81
172,"(2,2)",-53,-49,-79,-65,-55,-53,-75,-43,-57,-57,-63,-69,-67,-65,-77,-71,-71,-53,-53,-63,-85,-81
173,"(2,2)",-53,-53,-51,-65,-57,-53,-75,-55,-57,-57,-63,-67,-69,-65,-77,-71,-71,-53,-53,-63,-85,-81
174,"(2,2)",-53,-53,-49,-67,-55,-53,-73,-43,-59,-57,-65,-69,-69,-67,-77,-71,-71,-53,-53,-57,-85,-79
175,"(2,2)",-55,-55,-51,-67,-55,-53,-75,-39,-57,-55,-63,-69,-67,-67,-79,-69,-71,-51,-51,-67,-85,-81
176,"(2,2)",-53,-53,-53,-67,-57,-55,-75,-43,-61,-55,-67,-69,-67,-67,-79,-63,-71,-53,-53,-67,-85,-81
177,"(2,2)",-53,-55,-55,-61,-55,-53,-73,-43,-61,-55,-67,-65,-67,-67,-79,-71,-71,-53,-53,-67,-85,-79
178,"(2,2)",-53,-51,-79,-57,-55,-53,-75,-41,-61,-57,-63,-67,-63,-63,-79,-69,-67,-53,-53,-67,-85,-79
179,"(2,2)",-53,-53,-53,-59,-55,-53,-73,-43,-59,-55,-63,-69,-65,-65,-79,-69,-67,-53,-51,-67,-85,-79
180,"(2,2)",-53,-53,-53,-61,-55,-53,-73,-43,-59,-55,-63,-67,-67,-65,-79,-69,-67,-53,-51,-65,-85,-73
181,"(2,2)",-53,-51,-57,-61,-55,-55,-73,-39,-57,-55,-63,-71,-69,-65,-79,-69,-67,-53,-51,-65,-85,-79
182,"(2,2)",-53,-53,-53,-67,-55,-53,-75,-43,-61,-55,-63,-67,-61,-67,-79,-69,-67,-53,-53,-65,-87,-79
183,"(2,2)",-53,-53,-55,-59,-55,-53,-75,-43,-61,-55,-63,-67,-67,-67,-79,-69,-71,-51,-51,-63,-85,-77
184,"(2,2)",-53,-53,-53,-59,-55,-55,-75,-43,-61,-55,-57,-69,-67,-67,-79,-69,-71,-51,-89,-67,-85,-79
185,"(2,2)",-53,-53,-53,-67,-53,-53,-75,-43,-57,-55,-63,-67,-63,-67,-79,-69,-71,-53,-53,-63,-87,-79
186,"(2,2)",-47,-53,-53,-67,-57,-53,-73,-43,-57,-55,-61,-65,-65,-65,-79,-69,-71,-53,-53,-63,-87,-81
187,"(2,2)",-55,-51,-87,-67,-55,-53,-75,-43,-61,-55,-61,-67,-67,-63,-79,-67,-69,-85,-53,-63,-87,-77
188,"(2,2)",-55,-55,-51,-67,-55,-53,-75,-39,-57,-55,-61,-67,-67,-69,-79,-71,-71,-53,-53,-63,-85,-79
189,"(2,2)",-53,-55,-57,-61,-55,-53,-75,-39,-57,-55,-57,-67,-67,-67,-79,-69,-71,-53,-53,-63,-85,-79
190,"(2,2)",-53,-53,-51,-67,-55,-55,-71,-43,-59,-55,-57,-65,-69,-67,-79,-69,-71,-53,-53,-63,-85,-81
191,"(2,2)",-53,-55,-51,-67,-53,-53,-75,-37,-61,-55,-57,-69,-67,-67,-79,-65,-71,-53,-53,-55,-85,-79
192,"(2,2)",-53,-53,-55,-67,-55,-53,-75,-37,-61,-55,-65,-69,-67,-67,-79,-65,-71,-53,-53,-55,-85,-77
193,"(2,2)",-53,-55,-57,-57,-53,-53,-75,-43,-59,-57,-65,-69,-67,-63,-75,-65,-69,-53,-53,-63,-83,-79
194,"(2,2)",-53,-53,-87,-73,-55,-53,-75,-43,-59,-55,-63,-65,-67,-63,-75,-65,-73,-51,-51,-63,-83,-79
195,"(2,2)",-53,-53,-51,-67,-55,-53,-73,-69,-57,-57,-55,-67,-57,-65,-73,-65,-73,-53,-53,-63,-81,-81
196,"(2,2)",-55,-53,-57,-67,-55,-53,-73,-43,-61,-57,-55,-67,-57,-65,-73,-63,-73,-77,-53,-63,-81,-77
197,"(2,2)",-51,-53,-57,-61,-53,-53,-71,-43,-57,-57,-65,-67,-67,-63,-71,-65,-73,-53,-53,-67,-81,-79
198,"(2,2)",-53,-55,-55,-67,-55,-53,-75,-41,-57,-55,-65,-67,-65,-63,-73,-65,-71,-51,-51,-67,-87,-79
199,"(2,2)",-45,-53,-51,-67,-55,-53,-73,-43,-59,-55,-57,-67,-65,-61,-73,-65,-71,-51,-51,-65,-87,-79
200,"(2,2)",-55,-53,-51,-61,-55,-53,-73,-39,-59,-57,-57,-65,-65,-69,-73,-63,-73,-53,-53,-67,-85,-79
201,"(2,2)",-53,-55,-53,-67,-55,-53,-73,-39,-59,-55,-57,-67,-67,-69,-81,-65,-73,-51,-53,-65,-85,-77
202,"(2,2)",-53,-51,-53,-67,-55,-53,-73,-41,-57,-55,-57,-67,-65,-67,-81,-65,-73,-53,-53,-57,-85,-77
203,"(2,2)",-55,-87,-55,-61,-55,-53,-73,-43,-61,-55,-57,-67,-65,-67,-81,-67,-71,-53,-51,-67,-85,-79
204,"(2,2)",-53,-53,-55,-61,-55,-51,-73,-39,-57,-55,-63,-67,-67,-69,-77,-67,-71,-53,-51,-65,-87,-79
205,"(2,2)",-53,-53,-59,-57,-53,-51,-71,-43,-59,-57,-63,-67,-67,-67,-79,-69,-71,-53,-51,-63,-89,-79
206,"(2,2)",-53,-53,-55,-67,-53,-51,-73,-43,-57,-57,-63,-67,-65,-67,-79,-67,-71,-53,-51,-55,-89,-81
207,"(2,2)",-53,-53,-53,-67,-55,-53,-71,-43,-57,-57,-63,-71,-65,-65,-79,-65,-69,-53,-51,-55,-89,-79
208,"(2,2)",-53,-53,-53,-67,-55,-53,-75,-43,-59,-57,-57,-67,-67,-69,-75,-65,-69,-53,-53,-55,-85,-77
209,"(2,2)",-51,-51,-51,-65,-55,-55,-75,-39,-59,-55,-57,-71,-67,-69,-75,-71,-69,-53,-53,-67,-85,-79
210,"(2,2)",-53,-53,-53,-67,-55,-55,-73,-67,-61,-55,-57,-67,-67,-67,-75,-65,-73,-53,-53,-67,-85,-77
211,"(2,2)",-55,-55,-73,-67,-55,-53,-75,-37,-61,-57,-65,-69,-67,-67,-75,-65,-73,-53,-53,-67,-87,-79
212,"(2,2)",-53,-53,-73,-67,-55,-53,-73,-43,-57,-55,-61,-71,-59,-65,-75,-69,-73,-53,-53,-63,-85,-79
213,"(2,2)",-53,-55,-53,-67,-55,-53,-73,-43,-59,-57,-61,-69,-59,-65,-75,-67,-73,-53,-53,-63,-85,-79
214,"(2,2)",-55,-53,-51,-67,-55,-53,-73,-43,-63,-57,-57,-65,-67,-65,-75,-65,-73,-53,-53,-63,-85,-81
215,"(2,2)",-55,-53,-53,-67,-55,-53,-65,-39,-63,-57,-57,-67,-67,-67,-75,-65,-73,-51,-51,-63,-85,-77
216,"(2,2)",-53,-53,-57,-67,-55,-53,-79,-43,-59,-55,-65,-67,-69,-67,-73,-67,-73,-53,-53,-63,-87,-81
217,"(2,2)",-53,-53,-57,-67,-55,-53,-69,-43,-61,-55,-57,-67,-67,-67,-73,-69,-73,-53,-51,-63,-87,-79
218,"(2,2)",-51,-53,-51,-61,-55,-53,-75,-39,-59,-55,-57,-67,-67,-65,-73,-67,-69,-53,-51,-63,-87,-83
219,"(2,2)",-53,-53,-53,-67,-55,-53,-73,-43,-59,-55,-57,-67,-67,-65,-77,-69,-69,-53,-53,-57,-87,-83
220,"(2,2)",-53,-53,-51,-67,-55,-53,-71,-43,-57,-55,-57,-65,-67,-65,-73,-65,-71,-53,-53,-57,-87,-79
221,"(2,2)",-75,-53,-55,-57,-55,-53,-71,-43,-57,-55,-57,-65,-67,-63,-75,-65,-71,-53,-53,-57,-87,-79
222,"(2,2)",-53,-53,-51,-53,-53,-53,-75,-43,-57,-55,-63,-69,-67,-63,-75,-65,-71,-53,-53,-57,-85,-79
223,"(2,2)",-53,-53,-53,-57,-55,-55,-77,-39,-57,-55,-63,-69,-67,-65,-75,-65,-71,-53,-53,-57,-89,-79
224,"(2,2)",-53,-53,-53,-67,-73,-53,-71,-41,-57,-55,-63,-69,-53,-65,-75,-69,-71,-53,-53,-67,-89,-77
225,"(2,2)",-47,-53,-51,-61,-53,-53,-75,-43,-57,-57,-63,-67,-63,-65,-71,-67,-67,-53,-53,-67,-89,-81
226,"(2,2)",-55,-61,-57,-61,-55,-53,-75,-43,-57,-55,-57,-67,-67,-65,-85,-67,-71,-53,-53,-67,-87,-79
227,"(2,2)",-53,-53,-51,-61,-55,-53,-75,-43,-59,-55,-57,-71,-65,-65,-73,-67,-71,-51,-51,-63,-85,-79
228,"(2,2)",-53,-51,-53,-61,-55,-53,-75,-41,-57,-55,-57,-67,-67,-65,-73,-69,-71,-51,-51,-63,-85,-79
229,"(2,2)",-53,-53,-53,-69,-55,-53,-75,-53,-57,-57,-65,-67,-67,-65,-79,-65,-71,-53,-53,-65,-85,-77
230,"(2,2)",-53,-53,-55,-65,-55,-53,-75,-43,-59,-57,-67,-65,-69,-69,-79,-71,-73,-53,-53,-75,-85,-77
231,"(2,2)",-51,-53,-49,-61,-55,-53,-75,-39,-59,-57,-63,-65,-69,-69,-79,-71,-73,-53,-53,-65,-85,-79
232,"(2,2)",-53,-75,-57,-67,-55,-53,-75,-45,-57,-51,-59,-67,-69,-69,-81,-69,-67,-51,-53,-57,-85,-79
233,"(2,2)",-53,-51,-57,-59,-55,-53,-75,-37,-59,-57,-63,-69,-67,-69,-77,-69,-71,-53,-53,-57,-87,-77
234,"(2,2)",-53,-53,-53,-67,-55,-55,-73,-43,-61,-55,-63,-69,-65,-69,-79,-69,-67,-51,-53,-63,-85,-81
235,"(2,2)",-53,-53,-51,-61,-55,-55,-75,-41,-59,-55,-63,-69,-67,-67,-79,-65,-71,-53,-51,-63,-85,-81
236,"(2,2)",-53,-53,-53,-67,-55,-53,-75,-39,-57,-55,-63,-67,-67,-65,-69,-65,-71,-53,-51,-65,-87,-79
237,"(2,2)",-53,-53,-51,-57,-55,-53,-75,-39,-59,-55,-63,-67,-69,-65,-69,-69,-71,-53,-51,-63,-87,-79
238,"(2,2)",-53,-53,-53,-67,-55,-53,-75,-43,-59,-55,-63,-77,-69,-67,-79,-69,-73,-51,-53,-63,-87,-79
239,"(2,2)",-55,-53,-53,-59,-55,-51,-75,-39,-59,-55,-63,-67,-67,-69,-79,-67,-73,-51,-53,-65,-87,-75
240,"(2,2)",-53,-53,-57,-59,-55,-53,-75,-43,-61,-55,-73,-67,-67,-65,-79,-69,-73,-51,-57,-63,-77,-79
241,"(2,2)",-53,-53,-85,-67,-55,-53,-73,-37,-57,-55,-73,-71,-65,-65,-79,-69,-71,-51,-53,-63,-77,-79
242,"(2,2)",-55,-53,-57,-67,-55,-53,-73,-37,-57,-55,-73,-69,-67,-65,-77,-65,-73,-53,-53,-61,-87,-79
243,"(2,2)",-55,-53,-75,-67,-73,-53,-75,-43,-57,-55,-73,-67,-69,-69,-77,-69,-73,-53,-53,-67,-87,-79
244,"(2,2)",-53,-53,-51,-59,-55,-53,-73,-43,-61,-53,-65,-65,-67,-81,-77,-69,-71,-53,-51,-61,-87,-77
245,"(2,2)",-53,-85,-53,-77,-55,-53,-73,-43,-57,-53,-63,-67,-69,-81,-77,-67,-71,-53,-51,-63,-87,-77
246,"(2,2)",-53,-51,-53,-67,-55,-53,-73,-43,-57,-55,-63,-67,-67,-65,-77,-69,-71,-53,-53,-63,-87,-75
247,"(2,2)",-53,-53,-55,-59,-57,-55,-75,-39,-61,-55,-63,-77,-67,-65,-77,-71,-71,-53,-53,-79,-87,-75
248,"(2,2)",-53,-55,-55,-59,-55,-53,-75,-39,-59,-55,-65,-67,-67,-65,-77,-69,-71,-53,-53,-63,-87,-75
249,"(2,2)",-53,-51,-47,-57,-55,-53,-75,-39,-57,-55,-65,-65,-67,-69,-77,-69,-71,-53,-53,-63,-87,-79
250,"(2,2)",-53,-53,-55,-69,-55,-53,-71,-43,-59,-55,-65,-67,-69,-67,-73,-67,-71,-53,-53,-63,-87,-79
251,"(2,2)",-55,-53,-87,-67,-55,-53,-75,-39,-59,-55,-65,-69,-67,-69,-77,-69,-71,-51,-53,-63,-87,-79
252,"(2,2)",-53,-53,-55,-55,-55,-69,-73,-39,-57,-55,-65,-69,-63,-69,-77,-69,-71,-53,-53,-63,-87,-79
253,"(2,2)",-53,-53,-57,-59,-55,-69,-75,-43,-57,-55,-57,-67,-67,-69,-77,-69,-71,-51,-51,-63,-79,-75
254,"(2,2)",-55,-53,-53,-61,-55,-53,-75,-37,-57,-55,-67,-69,-69,-63,-75,-67,-71,-51,-53,-63,-79,-77
255,"(2,2)",-53,-53,-51,-61,-55,-53,-69,-37,-61,-55,-67,-67,-65,-67,-75,-71,-71,-53,-53,-57,-79,-71
256,"(2,2)",-53,-53,-51,-59,-55,-53,-73,-43,-61,-55,-65,-69,-67,-67,-79,-67,-71,-53,-53,-57,-79,-75
257,"(2,2)",-55,-53,-51,-59,-55,-53,-75,-39,-57,-55,-61,-69,-67,-67,-79,-69,-71,-51,-53,-59,-79,-75
258,"(2,2)",-55,-53,-57,-69,-55,-53,-75,-43,-59,-55,-61,-69,-69,-67,-79,-67,-71,-51,-53,-65,-81,-75
259,"(2,2)",-53,-53,-51,-67,-55,-53,-89,-43,-61,-55,-61,-65,-67,-65,-79,-65,-71,-51,-53,-63,-81,-75
260,"(2,2)",-55,-53,-53,-61,-55,-53,-71,-43,-59,-55,-65,-67,-65,-65,-79,-69,-71,-53,-53,-61,-77,-77
261,"(2,2)",-55,-53,-53,-73,-55,-53,-77,-43,-59,-57,-65,-69,-69,-63,-79,-67,-71,-53,-53,-65,-79,-77
262,"(2,2)",-53,-55,-53,-67,-57,-53,-77,-43,-57,-57,-65,-69,-67,-63,-79,-67,-71,-51,-53,-65,-79,-77
263,"(2,2)",-53,-53,-57,-67,-73,-53,-77,-39,-57,-57,-63,-65,-67,-63,-79,-71,-71,-53,-53,-57,-63,-77
264,"(2,2)",-53,-53,-55,-69,-73,-53,-75,-39,-57,-57,-63,-65,-67,-69,-79,-69,-71,-53,-53,-57,-75,-75
265,"(2,2)",-53,-53,-55,-67,-73,-53,-75,-43,-59,-57,-63,-65,-67,-65,-79,-69,-71,-53,-79,-65,-79,-77
266,"(2,2)",-53,-53,-55,-59,-55,-53,-75,-43,-59,-55,-63,-69,-67,-61,-79,-67,-71,-51,-51,-65,-79,-77
267,"(2,2)",-53,-53,-51,-61,-55,-55,-75,-41,-59,-55,-63,-67,-67,-61,-79,-67,-71,-53,-53,-55,-81,-77
268,"(2,2)",-53,-53,-53,-65,-55,-53,-75,-39,-61,-55,-57,-67,-67,-61,-79,-69,-71,-53,-53,-61,-81,-77
269,"(2,2)",-53,-53,-53,-55,-55,-53,-75,-39,-59,-55,-57,-67,-63,-67,-77,-65,-71,-53,-51,-61,-73,-77
270,"(2,2)",-53,-53,-73,-67,-55,-51,-67,-43,-57,-55,-65,-69,-67,-69,-77,-65,-71,-53,-51,-63,-73,-77
271,"(2,2)",-55,-65,-55,-67,-55,-53,-75,-39,-59,-57,-65,-69,-69,-65,-77,-69,-71,-53,-53,-63,-79,-77
272,"(2,2)",-53,-53,-61,-59,-55,-53,-75,-73,-59,-55,-65,-67,-69,-65,-77,-67,-73,-53,-53,-63,-79,-77
273,"(2,2)",-53,-53,-57,-59,-55,-57,-73,-43,-57,-55,-59,-67,-69,-65,-77,-69,-71,-53,-53,-63,-79,-77
274,"(2,2)",-53,-53,-51,-61,-55,-55,-73,-43,-57,-55,-59,-65,-67,-69,-77,-67,-71,-51,-51,-63,-79,-75
275,"(2,2)",-53,-53,-53,-67,-55,-51,-73,-43,-57,-55,-59,-67,-69,-65,-77,-65,-71,-53,-53,-65,-79,-71
276,"(2,2)",-53,-53,-51,-59,-55,-53,-75,-41,-59,-55,-59,-69,-65,-65,-77,-65,-71,-51,-53,-63,-81,-73
277,"(2,2)",-53,-53,-51,-55,-55,-53,-75,-39,-61,-55,-63,-69,-65,-65,-77,-67,-71,-53,-53,-63,-81,-73
278,"(2,2)",-53,-53,-57,-55,-55,-53,-75,-39,-57,-55,-63,-65,-67,-65,-77,-69,-71,-51,-53,-63,-81,-71
279,"(2,2)",-55,-53,-51,-61,-55,-67,-75,-39,-61,-57,-63,-65,-69,-65,-77,-69,-71,-53,-53,-63,-81,-77
280,"(2,2)",-53,-49,-53,-53,-55,-67,-75,-41,-57,-57,-65,-67,-69,-65,-77,-69,-71,-53,-53,-63,-81,-77
281,"(2,2)",-53,-53,-55,-67,-55,-53,-75,-41,-57,-55,-65,-65,-67,-65,-77,-67,-71,-53,-53,-65,-81,-77
282,"(2,2)",-53,-55,-51,-67,-55,-53,-73,-41,-61,-55,-65,-65,-65,-65,-77,-71,-71,-53,-53,-65,-81,-75
283,"(2,2)",-53,-55,-53,-59,-55,-53,-75,-43,-61,-55,-57,-65,-69,-67,-77,-71,-73,-53,-53,-63,-81,-77
284,"(2,2)",-53,-53,-53,-59,-53,-53,-73,-75,-57,-55,-57,-67,-67,-67,-77,-69,-71,-51,-51,-63,-79,-77
285,"(2,2)",-53,-51,-53,-67,-55,-53,-73,-39,-57,-55,-65,-69,-67,-67,-77,-65,-71,-51,-53,-63,-79,-71
286,"(2,2)",-53,-53,-57,-63,-53,-53,-71,-37,-57,-55,-65,-69,-67,-69,-77,-69,-71,-51,-53,-61,-79,-77
287,"(2,2)",-53,-55,-73,-63,-53,-53,-75,-39,-59,-57,-63,-69,-69,-69,-77,-69,-71,-51,-53,-61,-79,-77
288,"(2,2)",-55,-51,-53,-61,-55,-53,-71,-43,-53,-55,-63,-67,-67,-69,-77,-69,-71,-51,-53,-61,-79,-75
289,"(2,2)",-53,-53,-55,-67,-53,-55,-75,-43,-57,-55,-63,-69,-51,-69,-69,-71,-51,-51,-61,-79,-77,-75
290,"(2,2)",-53,-53,-53,-67,-73,-53,-73,-43,-59,-55,-63,-69,-67,-69,-69,-71,-53,-53,-61,-79,-73,-75
291,"(2,2)",-53,-77,-53,-67,-55,-53,-87,-43,-59,-55,-63,-65,-67,-69,-69,-71,-53,-53,-63,-79,-77,-75
292,"(2,2)",-53,-53,-51,-69,-55,-55,-73,-43,-59,-55,-63,-65,-67,-61,-69,-71,-53,-51,-65,-79,-77,-79
293,"(2,2)",-53,-53,-53,-67,-55,-53,-73,-43,-61,-55,-57,-65,-67,-65,-67,-71,-53,-53,-65,-81,-77,-79
294,"(2,2)",-53,-53,-55,-67,-47,-55,-73,-43,-61,-55,-65,-71,-67,-67,-67,-71,-53,-51,-63,-81,-69,-79
295,"(2,2)",-51,-73,-53,-65,-55,-53,-73,-43,-59,-57,-61,-69,-69,-69,-69,-71,-51,-51,-63,-81,-75,-79
296,"(2,2)",-55,-53,-53,-67,-55,-53,-75,-43,-59,-55,-61,-69,-65,-61,-69,-71,-53,-51,-63,-81,-75,-79
297,"(2,2)",-53,-53,-51,-61,-55,-53,-73,-43,-57,-55,-65,-65,-69,-63,-69,-71,-51,-51,-57,-79,-77,-79
298,"(2,2)",-53,-53,-55,-61,-55,-53,-73,-43,-57,-55,-65,-67,-67,-65,-69,-71,-51,-51,-63,-79,-77,-79
299,"(2,2)",-53,-53,-51,-67,-55,-53,-75,-43,-57,-55,-65,-65,-67,-65,-69,-71,-53,-53,-63,-79,-77,-79
300,"(2,2)",-55,-53,-53,-67,-55,-53,-75,-43,-57,-55,-65,-69,-69,-65,-69,-71,-51,-53,-63,-79,-77,-79
301,"(2,2)",-55,-53,-51,-67,-55,-55,-75,-43,-57,-55,-65,-67,-67,-65,-65,-71,-51,-53,-61,-79,-75,-79
302,"(2,2)",-53,-53,-55,-61,-55,-53,-73,-43,-57,-55,-63,-67,-67,-65,-67,-73,-53,-53,-59,-79,-77,-79
303,"(2,2)",-53,-53,-51,-55,-55,-55,-73,-43,-59,-55,-63,-69,-69,-65,-67,-73,-53,-51,-59,-79,-77,-79
304,"(2,2)",-53,-55,-49,-57,-53,-53,-73,-75,-61,-55,-63,-65,-65,-67,-69,-73,-53,-53,-59,-79,-77,-79
305,"(2,2)",-53,-53,-51,-61,-55,-53,-75,-43,-61,-55,-63,-65,-65,-65,-65,-73,-51,-53,-59,-81,-75,-77
306,"(2,2)",-53,-55,-53,-69,-53,-53,-73,-43,-61,-55,-61,-67,-69,-65,-71,-67,-53,-51,-59,-79,-75,-77
307,"(2,2)",-53,-53,-53,-67,-55,-53,-75,-43,-61,-57,-61,-65,-63,-65,-69,-67,-53,-53,-63,-79,-75,-79
308,"(2,2)",-53,-75,-57,-65,-55,-53,-75,-43,-59,-57,-55,-67,-67,-65,-69,-67,-53,-53,-67,-79,-77,-79
309,"(2,2)",-53,-53,-51,-55,-53,-55,-75,-43,-59,-57,-63,-67,-67,-63,-67,-73,-53,-53,-57,-79,-75,-79
310,"(2,2)",-53,-91,-53,-55,-57,-53,-75,-37,-59,-55,-65,-67,-67,-69,-71,-73,-51,-53,-77,-79,-77,-79
311,"(2,2)",-53,-55,-53,-67,-55,-53,-73,-43,-59,-55,-63,-67,-67,-69,-69,-73,-53,-53,-77,-79,-77,-79
312,"(2,2)",-53,-53,-51,-59,-55,-53,-73,-39,-59,-55,-65,-65,-67,-69,-69,-71,-53,-53,-67,-79,-77,-79
313,"(2,2)",-53,-55,-53,-59,-53,-53,-77,-43,-57,-55,-63,-67,-67,-69,-65,-71,-53,-53,-67,-79,-75,-79
314,"(2,2)",-53,-53,-51,-59,-55,-55,-77,-43,-57,-57,-57,-67,-67,-69,-71,-73,-53,-53,-67,-79,-77,-79
315,"(2,2)",-53,-53,-51,-61,-55,-53,-75,-43,-59,-55,-63,-65,-67,-65,-69,-71,-51,-53,-65,-81,-77,-79
316,"(2,2)",-53,-53,-55,-59,-55,-53,-73,-43,-59,-55,-67,-69,-67,-65,-69,-71,-53,-51,-65,-81,-77,-79
317,"(2,2)",-53,-53,-53,-59,-53,-53,-75,-39,-57,-55,-63,-69,-67,-65,-69,-71,-53,-51,-67,-81,-75,-79
318,"(2,2)",-55,-51,-53,-67,-55,-53,-73,-39,-59,-55,-63,-65,-67,-65,-69,-71,-53,-51,-67,-81,-75,-79
319,"(2,2)",-53,-53,-51,-61,-55,-53,-73,-39,-57,-55,-63,-67,-57,-65,-71,-71,-53,-53,-67,-81,-75,-79
320,"(2,2)",-53,-53,-53,-61,-55,-53,-73,-43,-59,-55,-63,-61,-67,-63,-71,-71,-53,-51,-63,-81,-77,-79
321,"(2,2)",-53,-53,-55,-61,-55,-53,-75,-41,-59,-53,-65,-67,-67,-63,-69,-71,-53,-51,-63,-75,-75,-63
322,"(2,2)",-55,-53,-55,-67,-65,-53,-73,-81,-59,-55,-65,-69,-65,-65,-69,-69,-53,-53,-63,-79,-75,-63
323,"(2,2)",-53,-53,-51,-67,-55,-53,-75,-43,-59,-55,-65,-67,-65,-65,-69,-71,-53,-53,-65,-85,-67,-63
324,"(2,2)",-53,-53,-57,-63,-55,-53,-73,-43,-61,-55,-65,-65,-67,-65,-69,-71,-53,-53,-65,-77,-77,-63
325,"(2,2)",-53,-51,-75,-75,-55,-53,-75,-43,-59,-55,-65,-67,-69,-65,-69,-67,-53,-51,-65,-77,-71,-79
326,"(2,2)",-53,-53,-55,-65,-53,-53,-69,-43,-61,-55,-65,-67,-67,-65,-69,-71,-51,-53,-65,-83,-77,-79
327,"(2,2)",-55,-53,-51,-59,-55,-51,-73,-39,-57,-79,-65,-69,-65,-65,-69,-71,-53,-53,-63,-79,-71,-79
328,"(2,2)",-53,-53,-51,-69,-55,-53,-75,-43,-61,-55,-57,-69,-65,-65,-69,-71,-51,-51,-63,-81,-77,-79
329,"(2,2)",-55,-51,-51,-67,-55,-53,-73,-43,-59,-57,-67,-69,-69,-69,-69,-71,-53,-53,-65,-81,-77,-79
330,"(2,2)",-53,-53,-53,-61,-53,-53,-73,-43,-59,-57,-67,-65,-67,-69,-65,-71,-53,-85,-65,-81,-75,-79
331,"(2,2)",-53,-53,-49,-61,-55,-53,-75,-43,-57,-57,-65,-65,-67,-69,-67,-71,-51,-51,-65,-81,-75,-79
332,"(2,2)",-53,-53,-51,-61,-55,-51,-71,-43,-59,-55,-55,-69,-67,-63,-67,-71,-53,-51,-57,-79,-73,-79
333,"(2,2)",-55,-53,-75,-61,-53,-53,-75,-39,-57,-55,-63,-67,-67,-65,-69,-71,-53,-53,-59,-79,-77,-79
334,"(2,2)",-53,-53,-57,-59,-55,-55,-75,-39,-61,-55,-59,-71,-69,-65,-69,-67,-53,-53,-63,-79,-75,-79
335,"(2,2)",-53,-53,-57,-67,-55,-53,-75,-39,-57,-53,-59,-65,-67,-67,-65,-67,-53,-51,-65,-79,-73,-79
336,"(2,2)",-55,-55,-85,-59,-53,-83,-75,-43,-61,-55,-59,-67,-67,-63,-69,-73,-53,-53,-65,-79,-75,-79
337,"(2,2)",-55,-55,-51,-59,-55,-53,-73,-43,-57,-55,-57,-67,-69,-63,-67,-73,-53,-53,-59,-79,-71,-79
338,"(2,2)",-53,-53,-51,-67,-73,-53,-73,-39,-59,-55,-57,-67,-67,-69,-69,-71,-53,-53,-65,-79,-75,-79
339,"(2,2)",-55,-55,-53,-57,-75,-53,-73,-43,-57,-55,-57,-67,-65,-65,-69,-71,-53,-53,-65,-79,-77,-79
340,"(2,2)",-53,-53,-51,-67,-53,-53,-73,-39,-57,-55,-65,-69,-67,-65,-65,-73,-53,-53,-75,-79,-77,-79
341,"(2,2)",-55,-53,-51,-67,-55,-53,-75,-39,-57,-57,-65,-69,-67,-65,-65,-73,-53,-51,-75,-79,-77,-79
342,"(2,2)",-55,-51,-51,-79,-55,-53,-73,-37,-59,-57,-65,-69,-67,-67,-65,-73,-53,-51,-75,-79,-77,-79
343,"(2,2)",-53,-53,-51,-67,-55,-53,-75,-43,-59,-55,-65,-65,-65,-67,-63,-69,-53,-53,-75,-77,-77,-79
344,"(2,2)",-53,-49,-73,-57,-53,-53,-75,-43,-59,-83,-65,-69,-67,-67,-69,-69,-53,-53,-75,-81,-75,-79
345,"(2,2)",-53,-53,-57,-57,-55,-53,-73,-43,-59,-55,-65,-71,-67,-67,-65,-73,-53,-51,-63,-77,-77,-79
346,"(2,2)",-53,-53,-55,-67,-55,-53,-73,-43,-57,-53,-65,-65,-69,-63,-69,-69,-53,-51,-63,-77,-77,-77
347,"(2,2)",-55,-55,-55,-61,-55,-53,-75,-43,-57,-53,-63,-69,-67,-67,-67,-67,-53,-51,-63,-77,-79,-77
348,"(2,2)",-53,-53,-53,-55,-55,-53,-75,-43,-59,-53,-63,-69,-67,-67,-69,-67,-53,-51,-63,-77,-77,-77
349,"(2,2)",-53,-53,-87,-59,-55,-53,-73,-43,-57,-55,-59,-67,-67,-67,-69,-67,-53,-53,-63,-79,-77,-77
350,"(2,2)",-55,-51,-55,-59,-55,-55,-75,-45,-57,-55,-59,-69,-67,-63,-69,-67,-53,-53,-59,-79,-73,-77
351,"(2,2)",-53,-53,-57,-61,-55,-53,-75,-45,-61,-55,-57,-67,-67,-61,-71,-71,-67,-53,-65,-81,-77,-83
352,"(2,2)",-53,-53,-55,-57,-55,-53,-71,-43,-57,-53,-63,-67,-69,-65,-69,-71,-51,-51,-65,-83,-75,-83
353,"(2,2)",-53,-53,-55,-63,-55,-55,-71,-43,-57,-55,-63,-67,-69,-65,-69,-71,-53,-53,-65,-79,-77,-83
354,"(2,2)",-53,-53,-49,-59,-53,-53,-73,-39,-71,-57,-63,-71,-65,-63,-67,-71,-53,-53,-69,-77,-75,-83
355,"(2,2)",-53,-55,-51,-59,-55,-55,-75,-41,-57,-57,-63,-67,-67,-63,-69,-71,-53,-51,-69,-77,-77,-79
356,"(2,2)",-53,-53,-55,-59,-55,-53,-75,-41,-57,-55,-65,-67,-67,-65,-63,-69,-53,-51,-69,-79,-77,-79
357,"(2,2)",-53,-51,-53,-67,-55,-53,-75,-43,-59,-55,-65,-71,-65,-65,-69,-69,-51,-53,-63,-83,-77,-79
358,"(2,2)",-55,-53,-53,-59,-55,-55,-75,-43,-57,-55,-65,-67,-51,-63,-69,-69,-53,-53,-65,-79,-77,-77
359,"(2,2)",-55,-53,-51,-59,-55,-53,-75,-43,-57,-55,-65,-67,-67,-63,-67,-69,-53,-53,-65,-79,-77,-77
360,"(2,2)",-55,-53,-53,-59,-55,-53,-75,-39,-59,-55,-65,-65,-67,-65,-69,-69,-53,-53,-65,-81,-77,-77
361,"(2,2)",-55,-53,-53,-69,-55,-53,-73,-39,-59,-55,-65,-69,-69,-67,-69,-71,-53,-53,-63,-77,-75,-77
362,"(2,2)",-53,-53,-55,-69,-55,-53,-75,-53,-57,-83,-63,-67,-69,-61,-69,-67,-53,-53,-63,-73,-75,-79
363,"(2,2)",-55,-55,-73,-67,-55,-53,-75,-43,-59,-55,-77,-65,-69,-67,-69,-67,-53,-51,-65,-79,-77,-79
364,"(2,2)",-53,-53,-57,-67,-55,-53,-75,-39,-57,-55,-63,-69,-67,-63,-69,-67,-53,-51,-57,-79,-73,-79
365,"(2,2)",-53,-53,-51,-55,-55,-53,-79,-43,-57,-57,-63,-67,-67,-67,-71,-67,-53,-51,-57,-79,-77,-79
366,"(2,2)",-51,-55,-55,-55,-55,-53,-75,-43,-57,-55,-63,-65,-67,-67,-69,-71,-51,-51,-57,-77,-75,-79
367,"(2,2)",-53,-53,-55,-55,-55,-53,-73,-37,-59,-55,-63,-65,-69,-67,-71,-71,-51,-51,-63,-77,-75,-79
368,"(2,2)",-53,-53,-49,-59,-53,-53,-75,-39,-59,-55,-63,-65,-65,-67,-65,-71,-51,-53,-63,-81,-77,-77
369,"(2,2)",-53,-53,-53,-67,-55,-53,-75,-39,-57,-55,-63,-67,-65,-67,-69,-71,-53,-53,-65,-77,-77,-75
370,"(2,2)",-53,-55,-53,-61,-55,-53,-73,-43,-57,-55,-63,-65,-69,-61,-67,-71,-53,-53,-63,-79,-79,-75
371,"(2,2)",-53,-53,-53,-61,-53,-53,-75,-43,-57,-55,-63,-65,-69,-61,-69,-71,-53,-53,-63,-79,-77,-75
372,"(2,2)",-53,-53,-55,-59,-57,-53,-73,-43,-59,-55,-77,-69,-67,-61,-71,-71,-53,-53,-63,-79,-77,-75
373,"(2,2)",-53,-47,-51,-67,-55,-53,-75,-43,-61,-55,-77,-67,-53,-65,-69,-71,-53,-53,-63,-79,-75,-75
374,"(2,2)",-53,-53,-53,-69,-55,-53,-73,-43,-61,-55,-77,-67,-67,-65,-69,-67,-53,-53,-59,-79,-77,-79
375,"(2,2)",-53,-53,-55,-69,-55,-53,-73,-43,-61,-55,-77,-65,-69,-65,-71,-67,-53,-53,-59,-79,-69,-79
376,"(2,2)",-53,-53,-55,-69,-55,-53,-73,-43,-61,-55,-65,-85,-65,-65,-69,-67,-51,-53,-59,-79,-73,-79
377,"(2,2)",-53,-51,-53,-69,-55,-53,-71,-43,-59,-55,-63,-67,-67,-65,-69,-67,-51,-51,-59,-79,-75,-79
378,"(2,2)",-53,-53,-51,-57,-55,-53,-71,-39,-57,-55,-63,-67,-67,-63,-69,-71,-51,-53,-65,-79,-77,-77
379,"(2,2)",-53,-53,-51,-61,-55,-53,-71,-39,-57,-57,-63,-67,-69,-65,-69,-71,-51,-53,-65,-79,-75,-73
380,"(2,2)",-53,-53,-53,-67,-55,-53,-71,-43,-57,-55,-63,-67,-67,-65,-67,-71,-51,-51,-65,-81,-73,-73
381,"(2,2)",-55,-53,-55,-67,-57,-53,-75,-43,-57,-57,-63,-65,-67,-69,-69,-71,-51,-51,-65,-81,-75,-73
382,"(2,2)",-53,-55,-51,-55,-55,-53,-73,-43,-57,-55,-63,-65,-67,-69,-69,-71,-53,-51,-65,-81,-77,-73
383,"(2,2)",-53,-53,-53,-69,-55,-53,-73,-39,-57,-55,-65,-67,-67,-67,-69,-71,-53,-51,-63,-81,-77,-73
384,"(2,2)",-53,-53,-53,-67,-53,-53,-71,-39,-59,-55,-63,-67,-61,-69,-67,-71,-53,-53,-63,-79,-77,-75
385,"(2,2)",-53,-53,-51,-61,-55,-53,-73,-39,-59,-55,-63,-71,-67,-69,-69,-71,-51,-53,-63,-79,-75,-75
386,"(2,2)",-53,-51,-53,-57,-55,-55,-75,-43,-57,-55,-63,-65,-67,-71,-69,-71,-51,-53,-63,-79,-75,-75
387,"(2,2)",-53,-53,-53,-61,-73,-53,-75,-43,-59,-55,-59,-69,-67,-71,-67,-71,-51,-53,-59,-79,-75,-75
388,"(2,2)",-55,-53,-53,-65,-57,-53,-75,-39,-57,-55,-65,-67,-69,-71,-69,-71,-53,-53,-63,-81,-75,-75
389,"(2,2)",-53,-53,-57,-57,-55,-53,-75,-39,-57,-55,-59,-67,-69,-69,-69,-71,-53,-51,-63,-79,-77,-75
390,"(2,2)",-45,-53,-49,-59,-55,-53,-75,-37,-57,-55,-59,-67,-65,-69,-65,-71,-51,-53,-63,-79,-75,-75
391,"(2,2)",-53,-87,-51,-67,-55,-53,-73,-43,-59,-55,-57,-65,-67,-67,-71,-71,-53,-53,-63,-79,-69,-75
392,"(2,2)",-53,-53,-55,-67,-55,-53,-73,-43,-59,-55,-65,-67,-67,-67,-71,-71,-51,-51,-63,-77,-69,-75
393,"(2,2)",-53,-53,-55,-61,-53,-53,-73,-39,-57,-55,-65,-67,-67,-63,-69,-71,-83,-53,-63,-77,-77,-75
394,"(2,2)",-53,-53,-55,-67,-57,-53,-75,-39,-57,-55,-67,-71,-69,-63,-69,-71,-83,-53,-65,-79,-77,-83
395,"(2,2)",-55,-51,-55,-67,-55,-53,-73,-39,-61,-55,-59,-69,-67,-71,-69,-71,-53,-53,-65,-79,-77,-83
396,"(2,2)",-53,-53,-55,-69,-55,-53,-75,-39,-61,-55,-65,-67,-53,-71,-67,-71,-53,-51,-65,-77,-77,-81
397,"(2,2)",-53,-53,-53,-69,-55,-53,-73,-39,-59,-57,-65,-69,-67,-65,-69,-71,-51,-53,-65,-77,-77,-81
398,"(2,2)",-53,-53,-51,-67,-55,-53,-75,-43,-57,-53,-65,-65,-67,-65,-69,-71,-51,-53,-65,-79,-75,-83
399,"(2,2)",-53,-53,-55,-59,-55,-53,-75,-37,-57,-55,-59,-69,-69,-65,-71,-71,-51,-51,-63,-79,-77,-83
400,"(2,2)",-53,-53,-53,-55,-55,-53,-73,-43,-57,-55,-59,-65,-61,-65,-71,-71,-53,-53,-63,-79,-77,-83
401,"(2,2)",-53,-53,-53,-55,-55,-53,-73,-43,-59,-55,-59,-65,-67,-71,-69,-71,-53,-53,-63,-81,-77,-83
402,"(2,2)",-53,-53,-51,-61,-55,-53,-75,-39,-59,-57,-59,-67,-69,-65,-69,-71,-51,-53,-63,-81,-77,-83
403,"(2,2)",-53,-53,-71,-55,-55,-53,-75,-39,-59,-57,-65,-67,-69,-67,-69,-71,-51,-53,-63,-81,-75,-83
404,"(2,2)",-55,-53,-71,-67,-75,-53,-75,-37,-59,-55,-63,-67,-67,-67,-71,-71,-53,-53,-63,-81,-75,-81
405,"(2,2)",-55,-53,-53,-67,-55,-51,-73,-43,-59,-57,-77,-67,-69,-67,-69,-71,-53,-53,-65,-81,-75,-81
406,"(2,2)",-55,-55,-53,-69,-55,-53,-75,-43,-57,-55,-77,-67,-69,-67,-71,-71,-51,-51,-61,-81,-75,-81
407,"(2,2)",-53,-53,-53,-59,-55,-53,-75,-43,-59,-55,-65,-73,-67,-67,-67,-71,-53,-53,-61,-83,-75,-77
408,"(2,2)",-53,-53,-53,-63,-55,-53,-69,-43,-57,-55,-65,-67,-67,-67,-65,-71,-53,-51,-63,-81,-75,-77
409,"(2,2)",-53,-53,-53,-55,-53,-53,-75,-43,-59,-55,-65,-69,-69,-65,-71,-71,-51,-53,-57,-75,-77,-79
410,"(2,2)",-53,-53,-55,-61,-55,-51,-75,-39,-59,-55,-63,-71,-69,-63,-71,-71,-51,-53,-63,-75,-77,-81
411,"(2,2)",-51,-53,-51,-61,-55,-51,-73,-39,-57,-55,-63,-69,-67,-63,-65,-71,-53,-53,-63,-75,-77,-83
412,"(2,2)",-53,-53,-53,-67,-55,-53,-71,-43,-57,-57,-63,-67,-67,-63,-69,-71,-53,-53,-63,-79,-77,-83
413,"(2,2)",-53,-53,-51,-55,-53,-53,-71,-43,-57,-55,-63,-71,-65,-63,-69,-71,-53,-53,-63,-77,-77,-83
414,"(2,2)",-53,-53,-51,-61,-55,-53,-73,-43,-61,-53,-67,-69,-63,-63,-69,-71,-51,-51,-67,-77,-77,-83
415,"(2,2)",-53,-53,-51,-67,-55,-53,-73,-75,-57,-55,-63,-67,-67,-63,-71,-73,-51,-53,-67,-77,-77,-83
416,"(2,2)",-53,-47,-53,-69,-55,-53,-73,-43,-57,-55,-63,-71,-69,-63,-67,-73,-51,-53,-61,-77,-73,-83
417,"(2,2)",-53,-53,-53,-67,-55,-55,-71,-39,-61,-55,-73,-71,-61,-63,-67,-73,-51,-53,-63,-79,-73,-83
418,"(2,2)",-53,-53,-53,-61,-55,-53,-71,-43,-61,-55,-65,-71,-61,-71,-65,-73,-53,-51,-63,-81,-77,-83
419,"(2,2)",-53,-53,-53,-61,-55,-53,-75,-43,-57,-55,-63,-67,-61,-71,-67,-73,-53,-53,-63,-79,-73,-83
420,"(2,2)",-53,-51,-55,-61,-55,-53,-71,-43,-61,-55,-63,-69,-67,-63,-67,-73,-53,-51,-63,-79,-71,-83
421,"(2,2)",-55,-53,-55,-67,-55,-53,-73,-43,-59,-55,-57,-69,-67,-65,-69,-71,-53,-53,-65,-79,-73,-83
422,"(2,2)",-53,-53,-53,-59,-55,-53,-71,-43,-59,-55,-57,-67,-67,-67,-65,-71,-53,-53,-63,-79,-71,-83
423,"(2,2)",-55,-53,-49,-59,-55,-53,-73,-43,-61,-55,-57,-67,-67,-65,-69,-71,-51,-53,-63,-75,-77,-83
424,"(2,2)",-53,-51,-53,-59,-55,-53,-73,-43,-57,-55,-57,-67,-67,-65,-69,-73,-53,-51,-63,-75,-73,-83
425,"(2,2)",-53,-47,-53,-69,-55,-53,-71,-39,-57,-55,-67,-63,-65,-63,-67,-73,-53,-51,-63,-81,-71,-83
426,"(2,2)",-55,-55,-57,-67,-55,-53,-71,-43,-57,-55,-67,-65,-65,-69,-69,-71,-51,-51,-63,-81,-71,-85
427,"(2,2)",-53,-53,-55,-61,-55,-53,-75,-43,-61,-55,-63,-67,-69,-69,-69,-67,-53,-51,-61,-81,-71,-85
428,"(2,2)",-53,-53,-55,-55,-55,-53,-75,-43,-59,-55,-59,-67,-65,-63,-67,-67,-53,-51,-61,-81,-73,-85
429,"(2,2)",-53,-53,-53,-65,-55,-53,-73,-43,-59,-55,-63,-67,-67,-67,-65,-67,-53,-51,-61,-77,-71,-85
430,"(2,2)",-55,-53,-57,-55,-53,-53,-75,-39,-59,-55,-63,-67,-63,-67,-67,-73,-53,-51,-61,-79,-73,-87
431,"(2,2)",-55,-53,-53,-59,-53,-53,-71,-43,-57,-55,-63,-67,-63,-65,-67,-73,-53,-53,-65,-79,-77,-87
432,"(2,2)",-53,-55,-55,-59,-53,-53,-71,-39,-57,-57,-65,-69,-63,-65,-67,-73,-53,-53,-65,-79,-71,-87
433,"(2,2)",-53,-55,-53,-67,-53,-53,-75,-43,-57,-55,-65,-69,-69,-63,-65,-71,-75,-53,-67,-79,-71,-87
434,"(2,2)",-53,-53,-57,-67,-55,-53,-75,-43,-61,-53,-65,-69,-67,-69,-67,-73,-53,-79,-67,-79,-71,-87
435,"(2,2)",-53,-55,-55,-67,-55,-53,-69,-43,-59,-55,-59,-67,-63,-69,-67,-73,-51,-53,-67,-79,-73,-87
436,"(2,2)",-53,-53,-53,-61,-55,-53,-71,-43,-59,-55,-55,-69,-63,-69,-69,-73,-51,-53,-65,-77,-69,-85
437,"(2,2)",-53,-53,-55,-57,-55,-53,-73,-39,-59,-55,-55,-67,-63,-67,-69,-73,-51,-53,-63,-77,-71,-85
438,"(2,2)",-53,-73,-55,-57,-55,-53,-71,-43,-57,-55,-63,-67,-69,-65,-65,-71,-51,-53,-63,-77,-71,-85
439,"(2,2)",-55,-53,-53,-67,-55,-53,-73,-73,-57,-55,-65,-63,-69,-65,-63,-71,-53,-53,-63,-77,-71,-87
440,"(2,2)",-45,-51,-53,-69,-55,-53,-71,-39,-57,-57,-63,-63,-69,-65,-67,-71,-51,-51,-63,-77,-71,-85
441,"(2,2)",-53,-53,-47,-67,-55,-53,-73,-39,-59,-55,-63,-65,-69,-65,-69,-71,-51,-53,-65,-77,-73,-85
442,"(2,2)",-55,-49,-57,-65,-55,-53,-73,-43,-57,-55,-67,-69,-69,-65,-67,-73,-51,-53,-65,-75,-71,-77
443,"(2,2)",-53,-55,-57,-61,-55,-53,-75,-43,-57,-57,-65,-67,-69,-65,-67,-73,-51,-53,-65,-75,-71,-77
444,"(2,2)",-53,-53,-53,-61,-55,-53,-77,-43,-61,-57,-65,-65,-67,-65,-67,-73,-51,-53,-65,-79,-71,-87
445,"(2,2)",-53,-53,-53,-61,-55,-53,-75,-43,-61,-57,-63,-65,-67,-63,-67,-71,-55,-55,-65,-83,-71,-87
446,"(2,2)",-53,-51,-53,-61,-53,-51,-71,-43,-61,-57,-63,-69,-67,-65,-65,-69,-55,-55,-61,-83,-71,-87
447,"(2,2)",-53,-53,-51,-61,-55,-53,-73,-39,-59,-55,-57,-67,-67,-65,-65,-69,-55,-53,-63,-83,-71,-87
448,"(2,2)",-55,-53,-53,-67,-57,-53,-73,-43,-57,-59,-57,-69,-67,-65,-65,-73,-53,-53,-63,-79,-71,-87
449,"(2,2)",-47,-53,-55,-59,-55,-53,-73,-43,-57,-57,-59,-69,-67,-65,-65,-71,-53,-53,-65,-79,-71,-83
450,"(2,2)",-55,-51,-57,-59,-53,-53,-71,-43,-57,-55,-61,-69,-67,-65,-65,-69,-53,-53,-65,-79,-71,-83
451,"(2,2)",-53,-53,-57,-59,-53,-53,-75,-43,-57,-53,-61,-69,-69,-65,-65,-77,-53,-53,-65,-79,-73,-87
452,"(2,2)",-53,-85,-63,-61,-55,-53,-71,-39,-57,-55,-61,-65,-69,-61,-67,-77,-51,-53,-65,-79,-71,-87
453,"(2,2)",-53,-53,-53,-61,-55,-53,-75,-43,-57,-55,-63,-65,-69,-61,-69,-73,-53,-53,-65,-79,-71,-83
454,"(2,2)",-53,-53,-55,-67,-53,-53,-75,-43,-59,-55,-63,-65,-69,-61,-69,-73,-53,-53,-63,-79,-71,-87
455,"(2,2)",-53,-53,-53,-67,-55,-53,-75,-43,-59,-55,-63,-67,-67,-71,-69,-73,-53,-53,-63,-77,-73,-87
456,"(2,2)",-53,-51,-57,-59,-55,-81,-75,-43,-59,-55,-65,-67,-69,-71,-71,-69,-51,-53,-63,-79,-71,-87
457,"(2,2)",-53,-53,-53,-59,-55,-53,-71,-43,-57,-55,-65,-65,-69,-71,-67,-67,-53,-53,-63,-79,-73,-87
458,"(2,2)",-55,-53,-53,-67,-53,-51,-73,-39,-59,-55,-63,-65,-65,-67,-67,-71,-51,-51,-65,-77,-75,-87
459,"(2,2)",-53,-53,-55,-69,-55,-51,-75,-43,-61,-55,-57,-65,-69,-67,-69,-71,-53,-51,-65,-81,-75,-87
460,"(2,2)",-53,-53,-51,-69,-55,-53,-73,-43,-59,-55,-59,-63,-67,-63,-71,-71,-53,-51,-65,-83,-77,-87
461,"(2,2)",-55,-53,-53,-69,-55,-51,-75,-43,-59,-55,-63,-81,-67,-63,-67,-71,-51,-51,-65,-83,-75,-87
462,"(2,2)",-53,-53,-53,-67,-55,-53,-73,-37,-55,-55,-63,-69,-67,-63,-71,-71,-51,-51,-51,-83,-77,-87
463,"(2,2)",-53,-67,-53,-67,-55,-53,-71,-43,-59,-85,-63,-69,-69,-63,-71,-71,-53,-51,-63,-85,-77,-87
464,"(2,2)",-53,-53,-55,-59,-55,-53,-71,-39,-57,-85,-63,-65,-69,-63,-69,-71,-53,-51,-61,-85,-77,-87
465,"(2,2)",-53,-55,-57,-59,-55,-53,-71,-39,-57,-55,-63,-67,-61,-67,-67,-71,-51,-53,-55,-81,-77,-87
466,"(2,2)",-53,-53,-51,-67,-55,-53,-71,-39,-57,-57,-63,-69,-61,-61,-65,-71,-51,-53,-55,-81,-71,-75
467,"(2,2)",-53,-51,-53,-59,-55,-53,-71,-39,-57,-57,-63,-69,-61,-67,-67,-71,-53,-53,-67,-79,-71,-75
468,"(2,2)",-51,-51,-55,-55,-55,-53,-75,-39,-57,-57,-67,-69,-65,-67,-69,-71,-53,-53,-67,-79,-71,-75
469,"(2,2)",-53,-53,-53,-55,-55,-53,-75,-39,-67,-55,-63,-65,-67,-67,-65,-69,-51,-53,-67,-83,-73,-87
470,"(2,2)",-53,-53,-53,-67,-61,-53,-69,-43,-69,-55,-63,-67,-67,-71,-65,-69,-51,-51,-67,-83,-69,-87
471,"(2,2)",-53,-53,-53,-59,-55,-53,-73,-43,-61,-55,-63,-81,-67,-69,-65,-69,-51,-51,-63,-81,-71,-87
472,"(2,2)",-53,-53,-53,-59,-55,-53,-69,-43,-57,-57,-65,-81,-67,-69,-63,-69,-53,-53,-63,-81,-69,-87
473,"(2,2)",-53,-51,-81,-55,-57,-53,-69,-43,-59,-55,-61,-67,-67,-65,-65,-69,-53,-53,-65,-81,-77,-87
474,"(2,2)",-55,-53,-57,-55,-55,-53,-71,-43,-57,-59,-61,-67,-67,-63,-65,-71,-81,-53,-65,-77,-71,-87
475,"(2,2)",-53,-51,-57,-55,-55,-53,-69,-43,-61,-59,-63,-67,-67,-63,-65,-71,-81,-53,-65,-77,-73,-87
476,"(2,2)",-53,-53,-55,-59,-55,-53,-67,-43,-61,-59,-57,-65,-67,-69,-69,-71,-81,-53,-63,-77,-73,-87
477,"(2,2)",-53,-53,-51,-67,-53,-53,-71,-41,-61,-57,-57,-65,-67,-69,-67,-71,-55,-53,-63,-77,-71,-87
478,"(2,2)",-55,-53,-53,-61,-55,-53,-67,-41,-57,-57,-63,-65,-63,-71,-65,-71,-53,-53,-63,-77,-69,-87
479,"(2,2)",-53,-81,-53,-61,-55,-53,-67,-41,-61,-59,-63,-69,-69,-71,-67,-69,-55,-55,-63,-79,-69,-85
480,"(2,2)",-55,-53,-53,-73,-55,-53,-75,-43,-61,-59,-57,-69,-67,-71,-67,-69,-55,-55,-63,-79,-71,-85
481,"(2,2)",-53,-53,-53,-61,-53,-53,-71,-43,-57,-55,-57,-65,-67,-61,-71,-71,-51,-51,-61,-77,-75,-89
482,"(2,2)",-55,-53,-53,-67,-53,-53,-75,-43,-59,-57,-63,-65,-59,-61,-71,-71,-85,-51,-61,-77,-71,-89
483,"(2,2)",-53,-53,-53,-59,-53,-53,-69,-43,-57,-55,-63,-69,-59,-61,-69,-71,-53,-87,-63,-77,-71,-89
484,"(2,2)",-53,-53,-49,-59,-55,-55,-69,-43,-57,-57,-57,-69,-59,-61,-65,-71,-85,-51,-57,-81,-71,-89
485,"(2,2)",-53,-53,-49,-59,-55,-53,-73,-43,-59,-57,-71,-67,-67,-61,-67,-71,-51,-53,-57,-81,-71,-89
486,"(2,2)",-53,-85,-51,-61,-55,-53,-75,-43,-59,-55,-57,-65,-53,-67,-65,-71,-51,-53,-65,-81,-71,-89
487,"(2,2)",-53,-85,-51,-61,-55,-55,-75,-43,-59,-55,-57,-69,-69,-67,-67,-71,-51,-53,-65,-81,-71,-89
488,"(2,2)",-53,-53,-51,-61,-53,-55,-73,-43,-59,-57,-57,-69,-69,-67,-69,-67,-53,-53,-63,-79,-71,-89
489,"(2,2)",-53,-53,-55,-57,-53,-53,-75,-43,-57,-57,-57,-69,-69,-67,-65,-69,-53,-53,-63,-79,-69,-89
490,"(2,2)",-53,-53,-59,-61,-55,-53,-75,-43,-57,-51,-63,-69,-69,-71,-69,-69,-53,-53,-75,-81,-75,-89
491,"(2,2)",-53,-53,-59,-61,-57,-55,-75,-43,-61,-57,-63,-69,-69,-61,-67,-71,-51,-53,-75,-81,-73,-87
492,"(2,2)",-53,-67,-49,-61,-53,-53,-73,-43,-59,-57,-65,-67,-69,-61,-65,-71,-53,-51,-63,-81,-71,-87
493,"(2,2)",-53,-53,-53,-67,-53,-53,-75,-43,-61,-57,-63,-67,-69,-61,-67,-71,-53,-53,-63,-81,-71,-87
494,"(2,2)",-53,-53,-53,-69,-55,-53,-73,-43,-57,-55,-63,-67,-65,-61,-65,-71,-53,-53,-65,-79,-75,-83
495,"(2,2)",-53,-53,-55,-59,-55,-55,-75,-43,-57,-57,-67,-69,-67,-61,-67,-71,-53,-53,-63,-79,-71,-85
496,"(2,2)",-55,-87,-51,-61,-53,-55,-71,-37,-57,-57,-79,-69,-67,-61,-67,-71,-53,-53,-63,-79,-71,-85
497,"(2,2)",-55,-53,-53,-59,-55,-53,-73,-39,-57,-57,-63,-67,-61,-61,-69,-71,-53,-53,-73,-79,-71,-85
498,"(2,2)",-53,-53,-55,-59,-55,-53,-71,-43,-59,-55,-61,-65,-67,-61,-65,-71,-53,-53,-63,-79,-71,-85
499,"(2,2)",-55,-53,-51,-69,-55,-53,-69,-43,-57,-55,-63,-65,-67,-61,-71,-71,-53,-53,-65,-81,-71,-85
500,"(2,2)",-53,-53,-57,-67,-55,-55,-73,-43,-57,-55,-63,-65,-69,-59,-67,-71,-53,-53,-65,-79,-71,-85
501,"(2,2)",-55,-53,-51,-61,-53,-53,-69,-43,-61,-57,-67,-69,-65,-59,-67,-71,-53,-53,-65,-79,-77,-85
502,"(2,2)",-53,-49,-53,-59,-55,-53,-73,-63,-57,-55,-63,-69,-69,-61,-69,-71,-53,-53,-65,-79,-73,-83
503,"(2,2)",-53,-53,-51,-57,-63,-53,-71,-63,-57,-55,-65,-69,-67,-61,-69,-73,-53,-53,-57,-81,-71,-81
504,"(2,2)",-53,-53,-53,-55,-53,-53,-73,-43,-61,-55,-65,-69,-67,-61,-67,-73,-53,-51,-65,-83,-71,-85
505,"(2,2)",-53,-53,-51,-61,-55,-53,-71,-43,-67,-55,-57,-69,-67,-67,-65,-73,-53,-51,-63,-79,-73,-85
506,"(2,2)",-53,-53,-73,-67,-55,-53,-73,-43,-67,-55,-63,-67,-67,-67,-65,-73,-53,-51,-63,-79,-71,-85
507,"(2,2)",-53,-53,-51,-67,-55,-53,-71,-43,-57,-57,-63,-69,-67,-67,-65,-73,-53,-53,-65,-81,-71,-85
508,"(2,2)",-53,-53,-53,-59,-55,-53,-67,-43,-59,-55,-63,-67,-67,-61,-69,-73,-53,-53,-57,-81,-77,-85
509,"(2,2)",-51,-55,-53,-59,-55,-53,-77,-43,-59,-57,-63,-65,-67,-61,-69,-67,-55,-55,-57,-81,-71,-87
510,"(2,2)",-53,-53,-73,-61,-55,-53,-73,-43,-65,-55,-63,-65,-67,-61,-65,-67,-53,-53,-57,-81,-71,-87
511,"(2,2)",-55,-53,-79,-59,-55,-53,-73,-41,-57,-55,-63,-69,-65,-61,-65,-67,-53,-53,-65,-81,-73,-87
512,"(2,2)",-53,-51,-51,-59,-55,-53,-73,-41,-57,-55,-63,-69,-65,-61,-69,-67,-53,-51,-65,-81,-73,-87
513,"(2,2)",-53,-51,-53,-61,-55,-53,-71,-43,-57,-57,-63,-65,-67,-61,-65,-67,-51,-53,-65,-81,-73,-87
514,"(2,2)",-53,-53,-53,-67,-55,-53,-75,-39,-59,-57,-63,-65,-67,-59,-65,-67,-51,-53,-65,-79,-75,-87
515,"(2,2)",-53,-53,-51,-67,-55,-53,-69,-39,-61,-55,-63,-65,-65,-59,-69,-71,-51,-51,-65,-81,-75,-85
516,"(2,2)",-53,-53,-57,-59,-55,-53,-69,-43,-57,-55,-61,-67,-65,-59,-69,-71,-53,-53,-61,-81,-71,-85
517,"(2,2)",-53,-53,-53,-59,-55,-53,-75,-43,-57,-55,-65,-69,-65,-59,-65,-71,-53,-53,-63,-81,-71,-85
518,"(2,2)",-53,-53,-53,-61,-55,-53,-73,-39,-59,-55,-65,-67,-65,-59,-65,-71,-53,-53,-63,-81,-71,-85
519,"(2,2)",-53,-51,-53,-59,-55,-53,-73,-43,-59,-55,-63,-67,-69,-59,-67,-71,-53,-53,-65,-81,-73,-85
520,"(2,2)",-55,-53,-49,-59,-53,-53,-71,-41,-57,-55,-61,-67,-67,-59,-71,-69,-53,-53,-65,-81,-69,-85
521,"(2,2)",-53,-53,-55,-59,-55,-53,-71,-41,-61,-55,-59,-67,-67,-59,-65,-69,-51,-53,-65,-81,-75,-85
522,"(2,2)",-53,-53,-55,-59,-55,-53,-71,-43,-59,-57,-59,-65,-63,-59,-67,-73,-51,-51,-65,-81,-73,-85
523,"(2,2)",-51,-53,-53,-55,-55,-53,-75,-43,-59,-55,-65,-69,-67,-59,-71,-73,-53,-53,-65,-81,-73,-85
524,"(2,2)",-53,-53,-55,-59,-55,-53,-73,-39,-59,-55,-65,-71,-67,-59,-67,-67,-53,-53,-65,-81,-69,-85
525,"(2,2)",-55,-53,-55,-57,-55,-53,-71,-39,-59,-55,-65,-65,-65,-59,-67,-67,-53,-53,-63,-81,-67,-85
526,"(2,2)",-53,-53,-51,-59,-55,-53,-71,-39,-59,-55,-65,-65,-67,-71,-69,-67,-53,-53,-63,-81,-75,-85
527,"(2,2)",-55,-57,-53,-55,-57,-53,-73,-41,-59,-55,-65,-65,-65,-61,-65,-73,-53,-53,-65,-81,-71,-85
528,"(2,2)",-53,-57,-55,-59,-61,-53,-73,-43,-59,-55,-65,-63,-65,-61,-75,-73,-51,-53,-65,-79,-75,-85
529,"(2,2)",-53,-55,-53,-57,-57,-53,-73,-43,-57,-57,-63,-69,-67,-61,-65,-73,-51,-53,-65,-79,-77,-85
530,"(2,2)",-53,-55,-51,-57,-57,-53,-73,-43,-57,-55,-61,-69,-51,-61,-65,-73,-87,-53,-63,-83,-71,-85
531,"(2,2)",-53,-73,-75,-91,-55,-55,-73,-39,-55,-55,-61,-69,-51,-73,-69,-73,-87,-53,-65,-83,-77,-85
532,"(2,2)",-53,-53,-55,-59,-57,-55,-73,-39,-61,-55,-63,-67,-67,-71,-69,-73,-53,-53,-61,-79,-79,-85
533,"(2,2)",-53,-55,-55,-57,-55,-63,-71,-43,-61,-55,-63,-65,-57,-71,-65,-69,-53,-53,-61,-81,-77,-85
534,"(2,2)",-53,-53,-51,-59,-53,-63,-73,-43,-57,-55,-63,-65,-57,-61,-65,-71,-53,-53,-63,-81,-77,-85
535,"(2,2)",-53,-55,-57,-59,-55,-53,-71,-43,-57,-55,-63,-69,-63,-61,-65,-69,-53,-51,-63,-79,-77,-83
536,"(2,2)",-53,-55,-51,-61,-53,-53,-73,-39,-57,-53,-63,-67,-67,-61,-65,-73,-53,-51,-63,-79,-77,-85
537,"(2,2)",-53,-55,-51,-55,-55,-53,-73,-39,-61,-55,-65,-67,-67,-61,-65,-73,-51,-51,-63,-81,-77,-85
538,"(2,2)",-53,-53,-51,-61,-55,-53,-71,-39,-61,-55,-63,-65,-67,-61,-69,-69,-53,-55,-63,-81,-77,-85
539,"(2,2)",-53,-53,-53,-61,-53,-53,-71,-39,-57,-55,-65,-67,-65,-61,-69,-69,-53,-55,-63,-81,-77,-85
540,"(2,2)",-55,-55,-51,-55,-55,-53,-75,-43,-61,-55,-57,-67,-67,-61,-69,-69,-53,-53,-65,-79,-71,-87
541,"(2,2)",-51,-53,-51,-69,-55,-53,-71,-43,-63,-55,-57,-67,-67,-61,-71,-69,-53,-53,-65,-83,-71,-87
542,"(2,2)",-53,-53,-53,-59,-57,-55,-71,-45,-59,-55,-65,-69,-67,-61,-67,-69,-53,-53,-63,-81,-77,-87
543,"(2,2)",-55,-51,-73,-59,-59,-55,-71,-39,-59,-55,-59,-69,-67,-63,-63,-69,-53,-53,-57,-79,-77,-87
544,"(2,2)",-53,-51,-53,-61,-55,-55,-73,-39,-57,-57,-59,-67,-67,-63,-67,-69,-53,-53,-63,-81,-77,-87
545,"(2,2)",-53,-53,-73,-61,-57,-55,-73,-39,-59,-55,-59,-65,-67,-67,-67,-69,-51,-53,-67,-83,-73,-87
546,"(2,2)",-53,-53,-57,-67,-57,-55,-71,-39,-61,-55,-59,-65,-71,-67,-65,-69,-51,-87,-67,-83,-71,-87
547,"(2,2)",-53,-53,-53,-61,-57,-51,-73,-39,-59,-57,-59,-69,-67,-67,-65,-69,-53,-53,-63,-81,-71,-87
548,"(2,2)",-53,-53,-53,-61,-55,-55,-73,-39,-59,-55,-63,-71,-65,-71,-65,-69,-53,-53,-63,-81,-71,-87
549,"(2,2)",-51,-53,-49,-57,-55,-55,-73,-37,-59,-55,-63,-67,-65,-67,-65,-69,-53,-53,-63,-81,-71,-87
550,"(2,2)",-53,-53,-53,-57,-55,-55,-75,-37,-59,-55,-63,-67,-53,-67,-65,-73,-51,-53,-63,-81,-71,-83
551,"(2,2)",-53,-53,-49,-57,-55,-55,-73,-37,-57,-55,-67,-67,-69,-63,-71,-73,-53,-51,-61,-81,-77,-83
552,"(2,2)",-53,-53,-51,-57,-55,-55,-75,-39,-59,-57,-67,-69,-69,-65,-69,-67,-53,-53,-61,-81,-75,-83
553,"(2,2)",-53,-53,-55,-55,-57,-55,-71,-39,-59,-57,-65,-69,-61,-71,-69,-69,-53,-53,-65,-79,-77,-83
554,"(2,2)",-53,-55,-55,-67,-55,-55,-73,-39,-57,-55,-59,-69,-65,-67,-69,-73,-53,-51,-65,-81,-77,-87
555,"(2,2)",-53,-53,-51,-59,-53,-51,-73,-41,-61,-55,-59,-67,-59,-63,-69,-73,-51,-51,-61,-81,-71,-75
556,"(2,2)",-53,-55,-51,-59,-53,-53,-73,-43,-61,-55,-57,-67,-67,-73,-69,-71,-51,-51,-59,-81,-77,-75
557,"(2,2)",-53,-53,-51,-59,-55,-53,-73,-43,-61,-55,-67,-67,-67,-63,-69,-71,-53,-53,-67,-81,-79,-75
558,"(2,2)",-55,-55,-53,-61,-55,-53,-73,-37,-63,-55,-57,-67,-67,-71,-69,-71,-83,-53,-67,-81,-77,-75
559,"(2,2)",-53,-53,-53,-61,-53,-53,-75,-43,-63,-55,-63,-67,-67,-71,-69,-69,-83,-53,-63,-81,-77,-83
560,"(2,2)",-53,-71,-55,-61,-55,-53,-71,-43,-59,-55,-63,-69,-67,-73,-69,-71,-53,-53,-67,-81,-73,-85
561,"(2,2)",-53,-87,-55,-61,-55,-53,-73,-39,-59,-55,-67,-69,-67,-73,-69,-71,-81,-53,-67,-81,-73,-85
562,"(2,2)",-53,-55,-55,-59,-55,-53,-75,-39,-61,-55,-63,-67,-65,-73,-65,-71,-53,-51,-67,-79,-71,-85
563,"(2,2)",-55,-53,-51,-61,-55,-53,-73,-39,-61,-55,-63,-67,-63,-65,-65,-71,-51,-53,-67,-89,-73,-85
564,"(2,2)",-53,-53,-55,-59,-55,-53,-75,-43,-57,-55,-63,-69,-65,-67,-67,-71,-53,-51,-63,-81,-73,-83
565,"(2,2)",-53,-53,-55,-65,-55,-55,-71,-37,-57,-55,-61,-81,-69,-67,-65,-73,-53,-53,-57,-81,-71,-83
566,"(2,2)",-55,-53,-53,-59,-55,-53,-73,-43,-63,-55,-65,-69,-67,-65,-65,-73,-51,-53,-63,-79,-77,-85
567,"(2,2)",-53,-55,-53,-59,-55,-53,-73,-43,-63,-55,-57,-69,-67,-65,-65,-67,-53,-51,-63,-79,-71,-85
568,"(2,2)",-53,-53,-71,-59,-55,-53,-73,-41,-59,-55,-57,-69,-67,-65,-65,-67,-51,-53,-63,-81,-69,-85
569,"(2,2)",-53,-55,-55,-59,-55,-53,-73,-39,-57,-55,-57,-69,-67,-69,-67,-67,-53,-51,-63,-81,-71,-85
570,"(2,2)",-53,-51,-49,-57,-55,-53,-71,-43,-57,-55,-57,-69,-67,-69,-67,-71,-51,-51,-57,-81,-75,-85
571,"(2,2)",-53,-53,-53,-61,-55,-53,-55,-43,-57,-55,-67,-67,-69,-69,-69,-73,-51,-51,-57,-79,-71,-85
572,"(2,2)",-53,-55,-53,-59,-55,-53,-71,-43,-61,-55,-67,-67,-67,-69,-67,-73,-53,-53,-57,-79,-73,-85
573,"(2,2)",-53,-55,-53,-61,-55,-53,-69,-43,-57,-55,-63,-67,-69,-67,-65,-73,-53,-53,-67,-79,-71,-85
574,"(2,2)",-51,-55,-53,-73,-55,-53,-71,-43,-57,-55,-63,-67,-69,-67,-65,-73,-53,-53,-57,-79,-71,-85
575,"(2,2)",-53,-53,-55,-55,-55,-53,-75,-43,-57,-55,-61,-65,-67,-67,-67,-73,-53,-53,-63,-79,-71,-85
576,"(2,2)",-53,-53,-51,-55,-55,-53,-71,-43,-57,-51,-59,-67,-67,-65,-65,-73,-51,-53,-65,-79,-71,-85
577,"(2,2)",-53,-53,-55,-57,-55,-67,-73,-43,-57,-51,-63,-65,-67,-71,-67,-73,-51,-53,-73,-79,-79,-85
578,"(2,2)",-55,-53,-49,-61,-53,-55,-71,-43,-57,-57,-65,-65,-67,-65,-65,-69,-51,-53,-57,-79,-79,-85
579,"(2,2)",-53,-53,-53,-67,-55,-55,-71,-43,-57,-57,-65,-69,-67,-65,-65,-69,-53,-53,-57,-81,-71,-87
580,"(2,2)",-53,-55,-49,-57,-53,-53,-73,-37,-55,-57,-65,-65,-65,-67,-67,-69,-53,-53,-59,-75,-71,-87
581,"(2,2)",-53,-53,-53,-61,-55,-53,-73,-41,-61,-55,-65,-65,-63,-71,-65,-69,-53,-51,-59,-79,-73,-87
582,"(2,2)",-53,-55,-53,-59,-55,-53,-67,-39,-57,-55,-65,-67,-69,-63,-67,-69,-53,-53,-59,-79,-71,-87
583,"(2,2)",-53,-53,-55,-59,-55,-55,-67,-39,-57,-55,-67,-67,-69,-63,-67,-67,-53,-53,-59,-79,-73,-87
584,"(2,2)",-53,-53,-53,-67,-53,-51,-71,-41,-57,-55,-63,-67,-69,-67,-65,-73,-53,-53,-67,-79,-73,-87
585,"(2,2)",-55,-53,-51,-57,-55,-55,-73,-43,-57,-55,-63,-67,-65,-67,-67,-73,-53,-53,-63,-79,-69,-87
586,"(2,2)",-53,-53,-53,-57,-53,-53,-73,-37,-57,-55,-63,-67,-67,-67,-65,-73,-53,-53,-63,-79,-73,-87
587,"(2,2)",-55,-53,-73,-59,-53,-51,-73,-37,-57,-55,-63,-65,-65,-67,-67,-73,-51,-51,-63,-79,-71,-87
588,"(2,2)",-55,-53,-49,-67,-55,-53,-75,-37,-57,-55,-63,-65,-67,-67,-69,-73,-51,-51,-63,-81,-71,-87
589,"(2,2)",-53,-55,-55,-67,-55,-53,-73,-43,-57,-55,-63,-67,-67,-67,-65,-73,-53,-51,-63,-81,-71,-87
590,"(2,2)",-53,-53,-53,-65,-55,-53,-73,-43,-57,-55,-65,-65,-67,-67,-65,-73,-53,-51,-57,-81,-77,-87
591,"(2,2)",-53,-53,-51,-61,-55,-51,-73,-43,-57,-55,-65,-67,-67,-67,-67,-69,-53,-53,-67,-73,-71,-87
592,"(2,2)",-55,-53,-53,-55,-53,-53,-75,-43,-59,-85,-65,-69,-69,-67,-65,-69,-53,-53,-63,-77,-71,-87
593,"(2,2)",-53,-53,-53,-59,-55,-53,-73,-43,-59,-85,-67,-69,-67,-67,-65,-69,-53,-51,-67,-77,-71,-87
594,"(2,2)",-53,-53,-55,-59,-55,-55,-71,-43,-61,-55,-67,-63,-67,-67,-65,-73,-53,-51,-67,-81,-71,-87
595,"(2,2)",-53,-53,-53,-59,-55,-53,-69,-43,-63,-57,-67,-65,-67,-65,-65,-73,-53,-51,-61,-81,-71,-87
596,"(2,2)",-53,-55,-53,-59,-55,-53,-73,-41,-63,-57,-65,-65,-67,-71,-67,-73,-53,-51,-67,-81,-73,-81
597,"(2,2)",-53,-53,-55,-61,-55,-59,-73,-41,-57,-57,-65,-69,-69,-71,-69,-73,-53,-53,-67,-81,-73,-85
598,"(2,2)",-53,-53,-55,-67,-63,-53,-75,-39,-57,-55,-65,-67,-69,-67,-69,-71,-53,-53,-67,-81,-79,-85
599,"(2,2)",-53,-53,-53,-59,-55,-53,-73,-39,-57,-55,-65,-69,-67,-63,-65,-71,-53,-51,-63,-79,-77,-85
600,"(2,2)",-55,-55,-53,-61,-55,-53,-75,-39,-57,-55,-63,-65,-65,-67,-69,-69,-51,-51,-63,-79,-79,-85
601,"(2,2)",-53,-53,-53,-55,-55,-53,-73,-39,-57,-55,-63,-67,-69,-67,-71,-69,-51,-53,-63,-81,-79,-85
602,"(2,2)",-53,-51,-53,-59,-55,-53,-73,-39,-57,-53,-63,-67,-67,-71,-69,-69,-53,-51,-67,-77,-77,-87
603,"(2,2)",-55,-53,-55,-69,-55,-51,-71,-43,-57,-53,-55,-69,-65,-67,-69,-69,-53,-51,-61,-79,-77,-83
604,"(2,2)",-53,-53,-55,-69,-55,-55,-75,-39,-57,-57,-55,-63,-65,-67,-67,-69,-53,-51,-61,-79,-75,-81
605,"(2,2)",-53,-51,-53,-69,-55,-53,-73,-39,-57,-53,-55,-65,-67,-69,-67,-69,-51,-51,-67,-81,-75,-83
606,"(2,2)",-53,-75,-53,-55,-55,-53,-71,-39,-57,-55,-57,-67,-67,-69,-63,-67,-53,-53,-61,-75,-75,-83
607,"(2,2)",-53,-73,-51,-59,-55,-53,-75,-37,-57,-55,-65,-67,-67,-69,-65,-67,-53,-51,-63,-81,-75,-83
608,"(2,2)",-53,-55,-53,-59,-55,-53,-73,-37,-57,-55,-57,-67,-67,-69,-65,-67,-53,-51,-63,-81,-71,-83
609,"(2,2)",-53,-53,-51,-61,-55,-51,-73,-39,-57,-55,-57,-65,-67,-69,-65,-67,-51,-51,-65,-81,-71,-83
610,"(2,2)",-53,-53,-51,-61,-53,-53,-73,-39,-57,-57,-61,-65,-67,-69,-67,-73,-51,-51,-65,-81,-71,-83
611,"(2,2)",-53,-53,-51,-61,-53,-53,-73,-37,-59,-55,-61,-71,-67,-69,-67,-73,-53,-53,-63,-81,-77,-83
612,"(2,2)",-53,-53,-51,-61,-55,-53,-77,-43,-59,-55,-63,-65,-67,-65,-67,-67,-53,-53,-63,-79,-77,-83
613,"(2,2)",-53,-53,-55,-61,-55,-51,-75,-43,-59,-55,-63,-67,-69,-65,-67,-67,-53,-53,-63,-81,-77,-83
614,"(2,2)",-55,-53,-49,-57,-53,-53,-73,-43,-61,-55,-63,-69,-69,-65,-65,-67,-53,-53,-61,-81,-77,-83
615,"(2,2)",-55,-81,-51,-67,-53,-53,-71,-43,-57,-55,-63,-67,-69,-61,-65,-67,-53,-53,-61,-81,-75,-83
616,"(2,2)",-53,-53,-53,-67,-55,-53,-73,-43,-57,-55,-57,-69,-67,-61,-69,-71,-51,-53,-65,-81,-71,-83
617,"(2,2)",-53,-53,-53,-67,-55,-53,-73,-43,-57,-55,-67,-69,-67,-61,-69,-71,-53,-53,-57,-81,-79,-85
618,"(2,2)",-55,-53,-53,-61,-55,-53,-73,-43,-59,-51,-63,-69,-69,-63,-67,-71,-53,-53,-63,-81,-77,-85
619,"(2,2)",-55,-53,-57,-59,-55,-53,-73,-39,-57,-51,-63,-67,-67,-63,-65,-71,-53,-53,-73,-77,-77,-87
620,"(2,2)",-55,-55,-53,-69,-53,-55,-73,-39,-63,-57,-63,-71,-67,-65,-65,-69,-51,-53,-61,-77,-77,-81
621,"(2,2)",-53,-53,-51,-61,-53,-53,-75,-39,-59,-55,-67,-69,-65,-67,-67,-69,-53,-53,-65,-77,-77,-81
622,"(2,2)",-53,-53,-77,-59,-53,-53,-75,-43,-59,-55,-59,-69,-65,-67,-67,-69,-53,-51,-63,-77,-77,-81
623,"(2,2)",-53,-71,-53,-67,-55,-53,-73,-43,-57,-55,-59,-69,-65,-67,-65,-69,-53,-53,-63,-77,-75,-81
624,"(2,2)",-53,-85,-51,-69,-55,-53,-73,-43,-57,-57,-59,-67,-65,-67,-69,-69,-53,-53,-67,-81,-75,-81
625,"(2,2)",-53,-53,-53,-69,-55,-53,-69,-43,-59,-57,-59,-67,-69,-67,-67,-69,-53,-51,-65,-81,-77,-81
626,"(2,2)",-53,-53,-53,-61,-57,-53,-73,-43,-61,-57,-59,-69,-67,-69,-63,-69,-53,-51,-65,-81,-77,-81
627,"(2,2)",-53,-53,-53,-61,-53,-55,-73,-39,-57,-57,-59,-71,-69,-69,-69,-73,-53,-51,-57,-79,-71,-81
628,"(2,2)",-51,-55,-55,-65,-53,-55,-73,-37,-61,-55,-59,-67,-69,-69,-65,-73,-53,-53,-65,-81,-71,-81
629,"(2,2)",-53,-53,-89,-65,-55,-55,-73,-43,-57,-55,-63,-65,-67,-69,-69,-73,-53,-53,-61,-81,-77,-81
630,"(2,2)",-53,-55,-53,-67,-55,-53,-73,-43,-59,-55,-63,-67,-67,-67,-63,-73,-87,-53,-61,-81,-69,-85
631,"(2,2)",-53,-55,-71,-75,-55,-55,-73,-43,-57,-53,-63,-69,-53,-67,-67,-71,-55,-51,-61,-79,-77,-83
632,"(2,2)",-55,-49,-55,-59,-55,-53,-73,-43,-59,-53,-63,-69,-53,-65,-67,-71,-55,-51,-61,-79,-77,-83
633,"(2,2)",-53,-55,-53,-61,-55,-53,-73,-37,-59,-55,-63,-67,-67,-65,-67,-71,-51,-51,-63,-81,-77,-87
634,"(2,2)",-53,-53,-51,-61,-53,-53,-71,-39,-57,-55,-57,-67,-67,-67,-65,-71,-51,-51,-63,-79,-71,-87
635,"(2,2)",-53,-55,-51,-59,-53,-53,-73,-51,-59,-55,-67,-65,-67,-69,-67,-69,-51,-51,-63,-81,-77,-87
636,"(2,2)",-53,-53,-57,-65,-55,-55,-67,-43,-63,-55,-63,-65,-67,-63,-67,-71,-51,-53,-67,-75,-77,-87
637,"(2,2)",-53,-85,-53,-65,-55,-53,-67,-37,-61,-55,-63,-71,-65,-69,-67,-67,-51,-53,-67,-77,-75,-87
638,"(2,2)",-53,-55,-53,-59,-55,-55,-71,-43,-59,-55,-63,-67,-65,-69,-63,-67,-51,-53,-67,-79,-79,-83
639,"(2,2)",-53,-55,-53,-57,-55,-53,-71,-43,-59,-53,-63,-69,-67,-69,-65,-69,-51,-51,-67,-81,-79,-85
640,"(2,2)",-53,-53,-53,-57,-53,-53,-71,-53,-59,-55,-63,-71,-67,-69,-65,-69,-53,-51,-67,-81,-79,-85
641,"(2,2)",-53,-55,-51,-57,-55,-53,-73,-43,-59,-53,-63,-69,-65,-67,-67,-69,-53,-51,-67,-81,-79,-85
642,"(2,2)",-53,-55,-53,-59,-53,-53,-73,-39,-63,-55,-65,-69,-65,-67,-67,-71,-51,-51,-63,-81,-77,-83
643,"(2,2)",-53,-55,-53,-61,-55,-53,-71,-37,-57,-55,-65,-69,-63,-73,-67,-71,-51,-51,-63,-79,-73,-85
644,"(2,2)",-53,-55,-53,-59,-53,-53,-71,-39,-57,-55,-65,-65,-63,-73,-67,-71,-51,-51,-63,-79,-71,-85
645,"(2,2)",-53,-53,-73,-61,-55,-53,-73,-43,-57,-75,-63,-69,-61,-69,-67,-67,-51,-53,-63,-79,-71,-85
646,"(2,2)",-53,-53,-53,-69,-53,-53,-71,-39,-57,-55,-63,-65,-67,-67,-67,-69,-53,-53,-63,-79,-77,-79
647,"(2,2)",-53,-53,-55,-67,-53,-53,-75,-39,-57,-55,-63,-67,-65,-67,-67,-69,-51,-53,-63,-81,-71,-85
648,"(2,2)",-55,-55,-53,-59,-53,-53,-75,-43,-59,-55,-65,-67,-65,-69,-67,-67,-51,-53,-63,-81,-77,-85
649,"(2,2)",-55,-55,-51,-67,-55,-53,-75,-39,-59,-55,-63,-67,-65,-69,-67,-71,-51,-53,-63,-81,-77,-85
650,"(2,2)",-53,-55,-51,-61,-55,-53,-73,-43,-57,-55,-63,-63,-67,-65,-67,-71,-53,-51,-59,-81,-77,-85
651,"(2,2)",-55,-53,-53,-59,-55,-53,-73,-37,-59,-55,-59,-67,-65,-67,-63,-71,-51,-51,-59,-81,-79,-85
652,"(2,2)",-55,-55,-53,-61,-65,-53,-73,-43,-57,-57,-63,-67,-67,-67,-67,-71,-51,-53,-59,-81,-77,-85
653,"(2,2)",-53,-53,-79,-67,-65,-51,-75,-41,-59,-55,-57,-67,-65,-69,-61,-71,-51,-53,-59,-81,-79,-87
654,"(2,2)",-55,-53,-55,-77,-55,-53,-75,-39,-63,-55,-67,-69,-65,-69,-67,-71,-51,-53,-63,-75,-75,-87
655,"(2,2)",-53,-53,-51,-67,-55,-55,-71,-43,-59,-55,-65,-67,-67,-69,-65,-71,-51,-53,-63,-73,-79,-87
656,"(2,2)",-53,-53,-51,-59,-55,-53,-77,-43,-57,-53,-65,-69,-65,-69,-65,-71,-53,-53,-63,-73,-75,-87
657,"(2,2)",-55,-53,-53,-67,-55,-53,-73,-39,-57,-53,-65,-69,-65,-69,-65,-71,-53,-53,-65,-73,-77,-87
658,"(2,2)",-53,-55,-53,-67,-55,-53,-75,-37,-59,-55,-63,-69,-67,-67,-65,-69,-53,-53,-65,-81,-77,-87
659,"(2,2)",-53,-53,-55,-67,-55,-53,-75,-37,-63,-57,-65,-65,-67,-67,-67,-69,-53,-51,-65,-79,-77,-85
660,"(2,2)",-53,-53,-57,-61,-53,-53,-75,-41,-59,-57,-65,-69,-65,-69,-67,-69,-53,-51,-65,-81,-75,-89
661,"(2,2)",-53,-55,-53,-67,-55,-53,-73,-39,-57,-55,-65,-69,-65,-71,-67,-69,-53,-53,-63,-81,-79,-89
662,"(2,2)",-53,-55,-57,-67,-55,-53,-73,-39,-63,-57,-63,-69,-67,-71,-67,-69,-53,-53,-63,-81,-77,-89
663,"(2,2)",-53,-53,-53,-67,-55,-53,-73,-43,-63,-53,-73,-67,-67,-71,-67,-69,-51,-51,-77,-81,-77,-87
664,"(2,2)",-53,-55,-53,-61,-53,-53,-71,-39,-57,-55,-63,-67,-67,-71,-69,-69,-51,-53,-79,-81,-79,-87
665,"(2,2)",-53,-53,-57,-61,-53,-53,-73,-43,-59,-55,-65,-69,-65,-67,-67,-69,-51,-53,-65,-79,-79,-87
666,"(2,2)",-55,-53,-51,-59,-53,-53,-73,-39,-57,-55,-65,-67,-67,-67,-67,-69,-51,-53,-65,-79,-75,-87
667,"(2,2)",-53,-53,-51,-53,-53,-53,-73,-39,-63,-55,-63,-65,-51,-65,-67,-71,-87,-53,-65,-81,-79,-87
668,"(2,2)",-53,-53,-51,-61,-55,-53,-71,-39,-59,-55,-63,-69,-67,-71,-67,-71,-53,-51,-57,-81,-77,-85
669,"(2,2)",-53,-53,-51,-61,-53,-53,-73,-79,-61,-55,-59,-69,-67,-71,-65,-71,-53,-53,-57,-81,-77,-85
670,"(2,2)",-53,-55,-53,-59,-55,-53,-71,-79,-65,-57,-61,-65,-67,-69,-63,-71,-53,-51,-61,-81,-77,-85
671,"(2,2)",-53,-87,-55,-59,-55,-53,-75,-79,-63,-53,-61,-67,-57,-69,-67,-71,-51,-51,-63,-81,-79,-85
672,"(2,2)",-53,-53,-51,-67,-53,-53,-71,-43,-69,-53,-61,-67,-67,-79,-65,-71,-53,-51,-63,-81,-75,-85
673,"(2,2)",-53,-53,-53,-59,-55,-53,-73,-43,-59,-55,-57,-67,-69,-79,-65,-71,-51,-53,-63,-83,-77,-87
674,"(2,2)",-53,-53,-55,-57,-53,-53,-73,-39,-59,-53,-63,-69,-67,-79,-67,-71,-51,-51,-63,-77,-77,-87
675,"(2,2)",-53,-51,-51,-61,-55,-53,-75,-39,-59,-53,-65,-63,-65,-69,-67,-71,-51,-53,-65,-75,-75,-87
676,"(2,2)",-55,-55,-53,-59,-53,-53,-75,-37,-59,-53,-57,-65,-67,-65,-69,-71,-55,-53,-65,-79,-77,-87
677,"(2,2)",-51,-53,-51,-67,-53,-53,-73,-81,-63,-57,-59,-67,-67,-65,-67,-71,-53,-53,-59,-79,-77,-75
678,"(2,2)",-51,-55,-55,-67,-53,-53,-77,-43,-59,-55,-63,-69,-67,-65,-67,-71,-53,-53,-67,-79,-83,-87
679,"(2,2)",-53,-55,-55,-61,-55,-49,-73,-43,-59,-55,-61,-67,-67,-65,-67,-71,-53,-53,-67,-79,-77,-87
680,"(2,2)",-53,-55,-55,-61,-53,-53,-69,-43,-57,-55,-61,-69,-65,-65,-67,-71,-51,-53,-67,-81,-77,-87
681,"(2,2)",-53,-53,-51,-61,-53,-53,-71,-43,-63,-55,-65,-69,-65,-65,-65,-71,-51,-53,-63,-73,-77,-87
682,"(2,2)",-55,-53,-49,-61,-55,-53,-73,-45,-65,-79,-63,-69,-69,-67,-67,-73,-53,-51,-61,-81,-69,-85
683,"(2,2)",-53,-53,-55,-57,-55,-55,-77,-45,-63,-57,-65,-69,-59,-67,-69,-73,-51,-53,-61,-77,-79,-85
684,"(2,2)",-53,-53,-79,-57,-53,-55,-75,-45,-57,-57,-63,-67,-59,-67,-69,-69,-87,-53,-61,-77,-79,-85
685,"(2,2)",-53,-53,-55,-57,-55,-55,-77,-39,-57,-53,-63,-65,-67,-67,-69,-69,-51,-51,-61,-79,-79,-85
686,"(2,2)",-53,-55,-53,-57,-55,-55,-71,-43,-59,-53,-63,-67,-69,-67,-65,-73,-51,-51,-53,-75,-77,-77
687,"(2,2)",-53,-53,-53,-65,-65,-55,-73,-39,-65,-53,-63,-65,-67,-67,-69,-73,-51,-53,-59,-75,-79,-77
688,"(2,2)",-53,-53,-51,-71,-55,-55,-73,-43,-57,-55,-63,-63,-57,-67,-69,-75,-53,-53,-59,-73,-79,-77
689,"(2,2)",-55,-53,-51,-61,-55,-55,-71,-43,-57,-53,-63,-65,-67,-69,-69,-69,-53,-51,-65,-77,-79,-77
690,"(2,2)",-53,-53,-53,-61,-55,-53,-75,-43,-57,-53,-63,-69,-69,-67,-69,-69,-53,-51,-63,-77,-79,-77
691,"(2,2)",-53,-55,-51,-61,-55,-55,-71,-43,-57,-55,-63,-67,-65,-65,-71,-71,-53,-51,-61,-81,-77,-77
692,"(2,2)",-53,-53,-55,-61,-73,-55,-71,-43,-61,-53,-61,-67,-65,-65,-71,-71,-53,-53,-63,-81,-77,-77
693,"(2,2)",-55,-53,-59,-61,-55,-55,-73,-43,-57,-55,-59,-65,-69,-69,-69,-71,-53,-53,-65,-81,-77,-77
694,"(2,2)",-53,-53,-59,-61,-55,-53,-73,-39,-61,-55,-65,-69,-69,-69,-71,-71,-53,-53,-63,-81,-79,-77
695,"(2,2)",-53,-57,-53,-61,-55,-55,-75,-37,-61,-55,-61,-69,-67,-69,-69,-71,-53,-53,-63,-81,-77,-77
696,"(2,2)",-53,-53,-57,-59,-55,-55,-71,-37,-57,-59,-65,-69,-67,-69,-69,-71,-51,-53,-63,-75,-77,-77
697,"(2,2)",-53,-53,-51,-59,-55,-53,-71,-37,-57,-55,-65,-65,-69,-69,-69,-71,-53,-51,-67,-79,-77,-77
698,"(2,2)",-87,-53,-55,-63,-55,-55,-73,-43,-57,-57,-57,-65,-69,-69,-65,-71,-51,-79,-61,-77,-77,-77
699,"(2,2)",-53,-53,-57,-61,-55,-53,-75,-43,-57,-55,-57,-63,-67,-69,-69,-71,-53,-51,-63,-79,-73,-71
700,"(2,2)",-53,-55,-55,-59,-53,-53,-71,-43,-57,-55,-65,-71,-67,-69,-67,-71,-53,-53,-61,-79,-73,-71
701,"(2,2)",-53,-53,-55,-61,-55,-55,-73,-43,-63,-53,-65,-69,-67,-69,-67,-73,-53,-51,-61,-79,-73,-71
702,"(2,2)",-55,-53,-55,-61,-55,-53,-75,-43,-63,-53,-65,-63,-69,-69,-67,-73,-53,-51,-65,-79,-79,-71
703,"(2,2)",-53,-53,-57,-55,-55,-55,-71,-43,-61,-57,-65,-63,-69,-67,-71,-75,-53,-53,-63,-79,-71,-71
704,"(2,2)",-53,-53,-51,-61,-55,-53,-73,-43,-57,-57,-65,-67,-69,-67,-69,-67,-51,-51,-65,-79,-71,-71
705,"(2,2)",-53,-55,-53,-65,-55,-55,-73,-43,-57,-55,-65,-65,-69,-67,-69,-67,-53,-53,-65,-79,-77,-71
706,"(2,2)",-53,-55,-53,-65,-55,-55,-73,-43,-65,-55,-61,-67,-67,-65,-69,-67,-51,-53,-61,-77,-73,-79
707,"(2,2)",-53,-53,-59,-63,-55,-53,-73,-43,-55,-53,-61,-67,-67,-65,-71,-67,-53,-51,-63,-79,-79,-79
708,"(2,2)",-53,-53,-53,-57,-55,-53,-75,-43,-57,-53,-65,-67,-67,-65,-65,-67,-53,-53,-63,-79,-79,-79
709,"(2,2)",-53,-55,-49,-59,-55,-53,-73,-43,-57,-55,-65,-67,-61,-65,-67,-73,-51,-51,-63,-79,-77,-79
710,"(2,2)",-53,-51,-55,-57,-55,-55,-75,-43,-63,-57,-61,-69,-65,-67,-69,-73,-51,-51,-63,-79,-77,-79
711,"(2,2)",-53,-53,-53,-63,-55,-53,-73,-43,-57,-57,-63,-63,-67,-67,-69,-73,-51,-51,-63,-79,-77,-79
712,"(2,2)",-55,-53,-51,-63,-57,-53,-73,-39,-57,-55,-63,-67,-67,-65,-71,-73,-51,-51,-63,-79,-77,-79
713,"(2,2)",-55,-53,-53,-67,-55,-53,-69,-39,-55,-55,-63,-63,-67,-69,-71,-73,-53,-51,-61,-79,-71,-79
714,"(2,2)",-55,-53,-51,-59,-55,-55,-73,-39,-55,-55,-65,-63,-67,-69,-67,-73,-53,-51,-61,-79,-71,-79
715,"(2,2)",-53,-55,-55,-59,-55,-55,-71,-39,-65,-57,-61,-67,-67,-69,-69,-73,-53,-53,-61,-79,-71,-79
716,"(2,2)",-53,-55,-55,-61,-55,-55,-75,-39,-63,-55,-65,-71,-67,-69,-63,-71,-53,-53,-61,-79,-71,-79
717,"(2,2)",-53,-53,-51,-61,-75,-53,-75,-37,-63,-55,-57,-65,-57,-69,-67,-73,-53,-53,-65,-83,-79,-79
718,"(2,2)",-55,-89,-53,-73,-55,-55,-75,-37,-57,-53,-65,-69,-67,-65,-65,-75,-53,-51,-65,-83,-77,-79
719,"(2,2)",-53,-53,-55,-59,-55,-55,-71,-43,-55,-55,-65,-69,-67,-65,-71,-75,-55,-57,-65,-83,-71,-79
720,"(2,2)",-53,-53,-57,-59,-55,-53,-77,-39,-63,-55,-65,-69,-67,-65,-69,-73,-53,-53,-63,-83,-71,-79
721,"(2,2)",-53,-85,-53,-61,-55,-53,-73,-39,-55,-55,-61,-67,-67,-65,-63,-73,-53,-53,-63,-81,-71,-79
722,"(2,2)",-53,-55,-53,-61,-55,-53,-73,-43,-63,-55,-63,-65,-67,-65,-67,-73,-53,-53,-63,-73,-71,-79
723,"(2,2)",-55,-55,-53,-61,-55,-53,-75,-43,-57,-55,-63,-67,-65,-65,-69,-71,-53,-53,-67,-83,-77,-73
724,"(2,2)",-53,-55,-53,-67,-55,-53,-77,-43,-55,-55,-63,-65,-53,-65,-67,-71,-53,-53,-67,-83,-77,-79
725,"(2,2)",-53,-55,-53,-55,-53,-53,-75,-43,-55,-55,-65,-65,-67,-65,-67,-71,-85,-53,-61,-83,-73,-79
726,"(2,2)",-55,-53,-49,-59,-55,-55,-75,-43,-57,-55,-65,-65,-67,-65,-67,-69,-53,-51,-61,-81,-71,-79
727,"(2,2)",-53,-53,-55,-55,-55,-53,-75,-43,-59,-55,-57,-65,-67,-69,-67,-69,-53,-51,-61,-81,-71,-79
728,"(2,2)",-53,-53,-55,-61,-55,-55,-71,-43,-61,-55,-63,-67,-69,-67,-67,-75,-53,-51,-63,-81,-73,-79
729,"(2,2)",-53,-53,-53,-61,-55,-53,-73,-43,-57,-55,-63,-67,-69,-67,-65,-75,-53,-51,-61,-81,-77,-79
730,"(2,2)",-53,-53,-55,-55,-55,-55,-73,-41,-61,-55,-63,-67,-69,-67,-67,-75,-53,-51,-67,-81,-73,-71
731,"(2,2)",-53,-53,-55,-59,-53,-55,-71,-43,-57,-53,-65,-67,-63,-69,-67,-75,-53,-51,-67,-81,-73,-77
732,"(2,2)",-49,-55,-57,-59,-55,-55,-71,-43,-63,-55,-65,-65,-67,-69,-67,-71,-55,-55,-63,-75,-71,-79
733,"(2,2)",-53,-53,-57,-61,-55,-55,-71,-43,-63,-55,-65,-67,-67,-69,-67,-71,-51,-55,-63,-75,-71,-79
734,"(2,2)",-53,-55,-55,-59,-55,-55,-71,-43,-63,-55,-57,-69,-67,-65,-69,-71,-51,-55,-63,-79,-79,-79
735,"(2,2)",-53,-55,-57,-61,-53,-53,-71,-43,-63,-55,-65,-69,-65,-65,-69,-73,-51,-55,-67,-79,-79,-79
736,"(2,2)",-53,-87,-55,-61,-57,-53,-75,-39,-55,-53,-57,-67,-65,-65,-69,-73,-51,-51,-57,-73,-77,-79
737,"(2,2)",-53,-53,-51,-61,-55,-53,-71,-79,-63,-53,-57,-67,-65,-69,-69,-73,-51,-51,-57,-73,-71,-79
738,"(2,2)",-55,-53,-53,-61,-55,-55,-73,-43,-65,-57,-65,-67,-67,-63,-67,-73,-51,-51,-65,-73,-73,-79
739,"(2,2)",-53,-53,-55,-61,-55,-55,-75,-39,-65,-57,-65,-67,-67,-69,-65,-73,-51,-51,-65,-73,-77,-79
740,"(2,2)",-55,-53,-55,-61,-55,-55,-69,-39,-65,-55,-59,-67,-67,-65,-65,-73,-53,-51,-63,-73,-73,-79
741,"(2,2)",-53,-53,-53,-57,-55,-55,-75,-39,-61,-55,-59,-67,-67,-65,-63,-71,-53,-51,-65,-73,-71,-77
742,"(2,2)",-53,-53,-55,-57,-55,-53,-71,-43,-61,-55,-61,-67,-65,-65,-63,-69,-51,-51,-65,-73,-71,-77
743,"(2,2)",-53,-53,-53,-57,-53,-55,-69,-39,-57,-55,-61,-65,-65,-65,-65,-73,-53,-51,-61,-79,-71,-77
744,"(2,2)",-53,-53,-53,-61,-55,-55,-75,-39,-61,-55,-61,-65,-65,-65,-65,-73,-53,-53,-61,-79,-75,-79
745,"(2,2)",-53,-55,-53,-61,-55,-53,-75,-39,-57,-55,-63,-65,-63,-65,-65,-73,-53,-53,-63,-79,-71,-79
746,"(2,2)",-53,-53,-51,-61,-55,-53,-71,-39,-57,-55,-63,-67,-69,-65,-65,-71,-51,-51,-63,-81,-77,-79
747,"(2,2)",-53,-53,-53,-55,-55,-55,-69,-39,-61,-55,-63,-67,-67,-65,-69,-71,-51,-51,-61,-81,-73,-79
748,"(2,2)",-55,-53,-51,-55,-55,-55,-69,-39,-57,-55,-65,-67,-67,-65,-67,-71,-51,-51,-61,-81,-79,-79
749,"(2,2)",-53,-53,-51,-57,-55,-55,-71,-39,-63,-55,-65,-67,-67,-67,-67,-71,-53,-53,-61,-81,-71,-79
750,"(2,2)",-53,-53,-53,-57,-55,-55,-69,-39,-63,-55,-65,-69,-67,-67,-67,-71,-51,-87,-61,-81,-77,-77
751,"(2,2)",-53,-53,-55,-61,-55,-53,-69,-39,-63,-55,-61,-67,-69,-65,-65,-71,-53,-87,-63,-81,-73,-77
752,"(2,2)",-53,-53,-55,-67,-55,-53,-73,-43,-57,-53,-57,-69,-67,-65,-65,-71,-51,-53,-61,-81,-79,-77
753,"(2,2)",-53,-53,-51,-59,-55,-53,-75,-39,-55,-53,-65,-67,-51,-65,-67,-71,-51,-53,-63,-81,-73,-77
754,"(2,2)",-53,-53,-53,-57,-55,-53,-69,-43,-63,-55,-57,-65,-67,-65,-65,-71,-51,-53,-61,-79,-71,-75
755,"(2,2)",-55,-53,-73,-61,-53,-53,-73,-43,-57,-55,-61,-69,-65,-65,-67,-73,-53,-53,-61,-79,-71,-75
756,"(2,2)",-55,-53,-73,-57,-55,-53,-73,-41,-57,-55,-63,-69,-65,-67,-69,-73,-53,-53,-67,-79,-73,-77
757,"(2,2)",-53,-53,-51,-67,-55,-53,-73,-43,-63,-55,-63,-69,-65,-67,-69,-73,-53,-53,-67,-79,-71,-79
758,"(2,2)",-53,-53,-53,-55,-57,-53,-75,-43,-63,-55,-67,-67,-67,-65,-65,-73,-53,-53,-67,-79,-71,-79
759,"(2,2)",-55,-55,-51,-55,-55,-53,-71,-43,-63,-55,-63,-69,-67,-65,-65,-71,-53,-53,-67,-79,-69,-79
760,"(2,2)",-55,-53,-51,-57,-55,-53,-71,-43,-63,-55,-63,-69,-65,-65,-65,-71,-53,-53,-65,-79,-71,-73
761,"(2,2)",-53,-53,-85,-67,-55,-53,-71,-43,-63,-55,-67,-67,-67,-65,-63,-71,-53,-53,-65,-83,-77,-79
762,"(2,2)",-51,-53,-55,-67,-55,-53,-69,-43,-63,-57,-63,-65,-65,-65,-67,-71,-53,-53,-61,-83,-77,-79
763,"(2,2)",-53,-53,-53,-67,-55,-53,-71,-43,-55,-57,-63,-65,-65,-67,-63,-71,-53,-53,-65,-83,-71,-73
764,"(2,2)",-53,-53,-51,-61,-55,-53,-71,-43,-55,-51,-61,-67,-65,-63,-67,-73,-53,-53,-65,-81,-71,-73
765,"(2,2)",-53,-53,-53,-61,-55,-55,-71,-41,-57,-55,-61,-67,-67,-63,-67,-73,-53,-53,-65,-81,-71,-73
766,"(2,2)",-55,-53,-53,-59,-55,-55,-71,-43,-55,-55,-61,-63,-67,-63,-65,-73,-51,-53,-65,-81,-71,-73
767,"(2,2)",-53,-53,-73,-55,-55,-55,-73,-43,-55,-57,-65,-63,-65,-67,-65,-71,-51,-53,-57,-81,-71,-73
768,"(2,2)",-53,-53,-53,-61,-55,-51,-75,-43,-57,-55,-65,-67,-65,-67,-63,-71,-51,-51,-57,-79,-69,-73
769,"(2,2)",-53,-55,-53,-59,-55,-53,-71,-43,-63,-55,-63,-69,-63,-67,-67,-71,-51,-51,-61,-79,-71,-73
770,"(2,2)",-53,-53,-53,-67,-55,-55,-71,-43,-55,-55,-65,-69,-63,-67,-67,-73,-51,-51,-65,-79,-69,-73
771,"(2,2)",-53,-53,-53,-61,-55,-53,-69,-43,-63,-59,-63,-63,-67,-67,-65,-71,-53,-51,-65,-79,-71,-73
772,"(2,2)",-53,-53,-71,-55,-55,-53,-73,-43,-63,-59,-63,-67,-67,-67,-67,-73,-51,-51,-73,-77,-77,-73
773,"(2,2)",-55,-53,-53,-57,-55,-53,-75,-43,-61,-79,-63,-69,-67,-67,-69,-71,-53,-51,-65,-81,-77,-73
774,"(2,2)",-53,-53,-53,-61,-57,-55,-75,-41,-55,-53,-63,-69,-67,-67,-69,-73,-51,-51,-65,-81,-75,-73
775,"(2,2)",-53,-53,-55,-63,-55,-55,-75,-39,-57,-53,-63,-63,-67,-69,-65,-73,-51,-51,-57,-81,-75,-73
776,"(2,2)",-53,-53,-57,-61,-55,-53,-71,-39,-61,-57,-63,-71,-67,-69,-65,-73,-53,-53,-57,-81,-77,-73
777,"(2,2)",-53,-53,-53,-61,-55,-53,-71,-39,-59,-57,-59,-67,-67,-69,-69,-73,-51,-51,-61,-81,-77,-73
778,"(2,2)",-45,-53,-53,-59,-55,-55,-73,-43,-55,-57,-63,-69,-67,-65,-67,-73,-51,-51,-67,-81,-77,-73
779,"(2,2)",-53,-53,-49,-57,-55,-53,-73,-43,-63,-55,-63,-71,-67,-65,-63,-73,-51,-53,-63,-81,-77,-73
780,"(2,2)",-53,-53,-51,-61,-55,-55,-71,-39,-61,-57,-63,-67,-67,-65,-67,-71,-51,-51,-63,-81,-71,-73
781,"(2,2)",-53,-53,-55,-65,-55,-55,-71,-39,-61,-57,-61,-67,-67,-65,-67,-71,-51,-51,-63,-81,-73,-73
782,"(2,2)",-53,-53,-51,-55,-55,-55,-75,-43,-61,-55,-61,-69,-67,-69,-63,-73,-53,-53,-61,-81,-77,-73
783,"(2,2)",-53,-53,-55,-55,-55,-53,-75,-43,-61,-57,-63,-69,-67,-69,-67,-73,-53,-53,-61,-81,-69,-73
784,"(2,2)",-55,-53,-51,-61,-57,-53,-71,-43,-61,-55,-63,-69,-65,-69,-67,-73,-89,-53,-61,-79,-71,-73
785,"(2,2)",-53,-53,-49,-57,-55,-55,-75,-43,-61,-55,-65,-69,-65,-65,-65,-73,-53,-53,-73,-73,-71,-73
786,"(2,2)",-53,-55,-55,-61,-55,-55,-73,-37,-57,-55,-65,-63,-65,-67,-67,-73,-53,-51,-63,-85,-71,-79
787,"(2,2)",-53,-55,-51,-61,-57,-53,-77,-45,-55,-55,-63,-67,-67,-67,-65,-73,-53,-51,-63,-85,-71,-79
788,"(2,2)",-53,-53,-55,-61,-55,-53,-71,-39,-57,-55,-63,-67,-67,-67,-67,-73,-51,-51,-63,-85,-77,-79
789,"(2,2)",-53,-55,-53,-61,-57,-53,-71,-39,-61,-57,-63,-67,-67,-67,-69,-73,-53,-53,-63,-81,-69,-79
790,"(2,2)",-53,-53,-51,-61,-55,-53,-73,-39,-57,-57,-57,-67,-67,-67,-67,-73,-53,-53,-67,-81,-79,-79
791,"(2,2)",-53,-53,-57,-57,-57,-53,-73,-39,-57,-57,-61,-65,-67,-65,-67,-73,-53,-53,-67,-81,-75,-79
792,"(2,2)",-53,-53,-49,-61,-57,-55,-73,-43,-51,-57,-67,-69,-65,-65,-69,-73,-53,-53,-67,-81,-77,-79
793,"(2,2)",-53,-53,-53,-61,-57,-53,-75,-43,-57,-57,-63,-67,-69,-65,-69,-75,-53,-53,-63,-81,-75,-79
794,"(2,2)",-53,-53,-53,-59,-55,-53,-75,-41,-57,-55,-59,-63,-67,-67,-67,-75,-53,-51,-63,-83,-77,-81
795,"(2,2)",-51,-53,-83,-69,-57,-53,-73,-39,-57,-55,-63,-67,-67,-67,-67,-71,-53,-51,-63,-81,-77,-79
796,"(2,2)",-53,-51,-53,-61,-55,-53,-73,-43,-63,-55,-63,-65,-67,-67,-67,-71,-53,-51,-63,-81,-77,-79
797,"(2,2)",-53,-53,-53,-65,-55,-53,-71,-39,-59,-55,-63,-67,-69,-69,-71,-71,-53,-51,-63,-81,-75,-79
798,"(2,2)",-55,-53,-55,-61,-55,-53,-73,-67,-61,-55,-63,-63,-67,-65,-71,-71,-53,-51,-65,-81,-75,-79
799,"(2,2)",-53,-51,-55,-61,-55,-53,-73,-39,-61,-53,-59,-63,-67,-65,-71,-71,-53,-53,-65,-79,-77,-79
800,"(2,2)",-53,-53,-51,-65,-57,-55,-73,-39,-59,-55,-67,-69,-69,-65,-69,-69,-51,-53,-63,-79,-77,-79
801,"(2,2)",-53,-53,-85,-61,-57,-53,-73,-43,-61,-55,-63,-63,-65,-65,-67,-69,-53,-53,-65,-79,-77,-77
802,"(2,2)",-53,-53,-55,-63,-55,-55,-75,-43,-57,-55,-67,-69,-67,-65,-69,-71,-53,-53,-67,-77,-71,-77
803,"(2,2)",-55,-51,-47,-61,-57,-55,-73,-39,-57,-55,-67,-69,-67,-67,-67,-71,-53,-53,-67,-83,-77,-79
804,"(2,2)",-55,-53,-55,-61,-57,-53,-73,-43,-57,-55,-67,-69,-67,-65,-69,-71,-51,-51,-67,-83,-75,-79
805,"(2,2)",-55,-53,-77,-59,-57,-55,-73,-39,-59,-55,-67,-69,-69,-69,-69,-71,-51,-53,-65,-83,-75,-79
806,"(2,2)",-55,-53,-51,-59,-57,-55,-75,-39,-57,-55,-61,-67,-69,-67,-69,-73,-83,-51,-65,-83,-77,-79
807,"(2,2)",-53,-53,-55,-63,-55,-55,-71,-39,-61,-57,-65,-67,-69,-67,-71,-73,-53,-53,-65,-83,-77,-79
808,"(2,2)",-55,-53,-49,-61,-55,-53,-71,-41,-57,-57,-69,-67,-65,-67,-71,-71,-53,-53,-65,-83,-77,-81
809,"(2,2)",-53,-53,-59,-61,-55,-55,-71,-81,-59,-57,-57,-69,-67,-67,-67,-71,-53,-53,-71,-83,-77,-81
810,"(2,2)",-53,-53,-53,-67,-55,-53,-73,-81,-61,-55,-63,-65,-67,-67,-67,-73,-53,-51,-63,-75,-77,-81
811,"(2,2)",-53,-55,-53,-61,-57,-55,-75,-63,-57,-57,-63,-69,-69,-69,-71,-71,-53,-51,-79,-75,-77,-81
812,"(2,2)",-55,-55,-55,-61,-55,-53,-73,-43,-59,-55,-67,-69,-67,-69,-71,-71,-53,-51,-63,-79,-77,-81
813,"(2,2)",-53,-55,-55,-67,-55,-55,-75,-37,-57,-55,-65,-69,-69,-63,-71,-71,-53,-53,-59,-79,-75,-81
814,"(2,2)",-53,-55,-49,-61,-57,-55,-73,-43,-61,-55,-65,-65,-67,-63,-69,-71,-53,-51,-65,-79,-77,-81
815,"(2,2)",-53,-53,-53,-63,-55,-53,-75,-43,-59,-57,-63,-65,-67,-69,-67,-71,-53,-51,-65,-81,-77,-81
816,"(2,2)",-55,-53,-55,-63,-55,-55,-73,-43,-73,-55,-63,-63,-67,-67,-67,-71,-53,-51,-63,-81,-77,-81
817,"(2,2)",-53,-53,-53,-63,-55,-53,-75,-45,-61,-55,-63,-67,-67,-67,-67,-71,-51,-53,-63,-81,-75,-81
818,"(2,2)",-53,-53,-53,-61,-57,-55,-75,-43,-57,-57,-63,-69,-65,-69,-69,-71,-53,-53,-65,-81,-73,-79
819,"(2,2)",-53,-53,-53,-61,-55,-53,-73,-37,-57,-57,-65,-65,-67,-69,-71,-71,-53,-51,-65,-81,-77,-79
820,"(2,2)",-53,-53,-53,-61,-55,-53,-75,-43,-61,-55,-65,-63,-67,-69,-63,-71,-51,-53,-67,-81,-77,-79
821,"(2,2)",-45,-87,-49,-61,-55,-53,-73,-43,-57,-55,-65,-67,-67,-69,-69,-71,-51,-53,-63,-81,-75,-79
822,"(2,2)",-55,-51,-55,-63,-73,-55,-73,-37,-59,-55,-57,-67,-67,-69,-65,-71,-53,-53,-67,-75,-75,-79
823,"(2,2)",-53,-53,-53,-55,-55,-55,-71,-37,-57,-55,-59,-67,-67,-69,-67,-71,-53,-53,-67,-81,-77,-79
824,"(2,2)",-53,-53,-55,-61,-55,-53,-71,-43,-57,-55,-63,-63,-67,-69,-69,-71,-53,-53,-63,-73,-77,-79
825,"(2,2)",-53,-53,-53,-63,-57,-55,-71,-43,-57,-55,-57,-69,-67,-65,-69,-71,-51,-51,-63,-81,-75,-79
826,"(2,2)",-53,-53,-55,-63,-57,-53,-73,-37,-59,-55,-57,-65,-67,-67,-69,-71,-51,-59,-63,-79,-73,-79
827,"(2,2)",-53,-75,-55,-61,-55,-53,-73,-43,-59,-55,-63,-67,-67,-67,-69,-71,-51,-59,-63,-81,-71,-79
828,"(2,2)",-53,-53,-51,-61,-55,-55,-73,-43,-59,-55,-61,-69,-63,-65,-69,-71,-53,-53,-65,-81,-75,-79
829,"(2,2)",-53,-53,-51,-61,-55,-57,-73,-43,-59,-55,-65,-67,-67,-65,-69,-71,-53,-53,-65,-81,-69,-79
830,"(2,2)",-55,-55,-53,-57,-55,-55,-71,-43,-57,-57,-65,-69,-67,-67,-69,-71,-51,-51,-73,-81,-77,-81
831,"(2,2)",-55,-53,-55,-61,-55,-53,-71,-37,-61,-55,-65,-63,-67,-67,-69,-69,-53,-53,-73,-81,-77,-81
832,"(2,2)",-53,-53,-51,-61,-55,-53,-73,-43,-59,-55,-61,-63,-67,-67,-67,-69,-53,-51,-73,-81,-69,-81
833,"(2,2)",-53,-53,-55,-67,-57,-53,-73,-43,-57,-55,-63,-63,-67,-69,-69,-71,-85,-53,-73,-79,-73,-77
834,"(2,2)",-53,-53,-55,-57,-55,-55,-73,-41,-59,-55,-63,-63,-67,-71,-65,-71,-53,-51,-73,-79,-71,-77
835,"(2,2)",-53,-53,-55,-57,-55,-53,-75,-43,-59,-55,-67,-65,-67,-71,-69,-71,-53,-51,-73,-79,-77,-75
836,"(2,2)",-53,-53,-77,-61,-55,-53,-79,-43,-59,-55,-67,-67,-67,-67,-67,-71,-53,-51,-63,-79,-75,-75
837,"(2,2)",-53,-53,-53,-61,-55,-55,-73,-39,-57,-55,-59,-67,-67,-67,-69,-73,-51,-51,-63,-81,-75,-75
838,"(2,2)",-53,-55,-55,-61,-55,-55,-73,-37,-59,-55,-59,-65,-67,-67,-69,-73,-51,-53,-59,-81,-73,-81
839,"(2,2)",-53,-53,-53,-69,-55,-53,-73,-37,-59,-55,-63,-67,-65,-67,-67,-71,-51,-53,-67,-81,-75,-81
840,"(2,2)",-55,-53,-49,-67,-57,-53,-75,-39,-59,-81,-63,-67,-69,-67,-67,-71,-53,-51,-63,-81,-75,-81
841,"(2,2)",-55,-51,-53,-61,-55,-55,-73,-43,-59,-55,-57,-69,-67,-67,-69,-71,-53,-51,-65,-81,-77,-81
842,"(2,2)",-55,-53,-53,-61,-55,-53,-75,-43,-57,-55,-59,-67,-69,-67,-65,-71,-53,-51,-65,-81,-71,-79
843,"(2,2)",-85,-53,-53,-61,-57,-55,-71,-37,-61,-55,-59,-67,-67,-67,-65,-71,-53,-51,-65,-81,-75,-79
844,"(2,2)",-53,-53,-53,-69,-55,-55,-71,-39,-61,-55,-59,-63,-67,-69,-69,-71,-53,-51,-57,-81,-75,-79
845,"(2,2)",-53,-53,-81,-69,-55,-55,-71,-41,-59,-55,-59,-69,-69,-67,-67,-71,-51,-51,-63,-81,-77,-77
846,"(2,2)",-53,-53,-55,-59,-55,-53,-79,-39,-59,-55,-67,-65,-69,-71,-67,-71,-51,-53,-65,-81,-77,-83
847,"(2,2)",-53,-53,-53,-65,-57,-53,-73,-39,-59,-55,-67,-65,-65,-69,-67,-71,-51,-53,-57,-79,-71,-81
848,"(2,2)",-53,-53,-57,-61,-55,-53,-75,-39,-61,-85,-67,-69,-65,-73,-69,-71,-51,-51,-57,-79,-71,-73
849,"(2,2)",-53,-53,-51,-61,-55,-55,-75,-39,-59,-55,-59,-69,-65,-73,-69,-71,-51,-51,-57,-79,-73,-73
850,"(2,2)",-53,-53,-53,-61,-55,-55,-71,-43,-59,-57,-57,-65,-67,-73,-69,-71,-51,-53,-67,-81,-75,-73
851,"(2,2)",-55,-53,-57,-61,-57,-51,-73,-37,-67,-57,-73,-63,-67,-73,-71,-71,-53,-53,-65,-81,-75,-73
852,"(2,2)",-53,-87,-51,-61,-59,-53,-73,-37,-67,-57,-67,-67,-65,-65,-69,-73,-53,-53,-65,-81,-77,-81
853,"(2,2)",-53,-53,-51,-65,-55,-53,-69,-45,-59,-55,-67,-63,-63,-69,-69,-71,-53,-53,-67,-81,-77,-81
854,"(2,2)",-55,-53,-55,-61,-57,-53,-75,-45,-59,-55,-63,-69,-67,-69,-71,-71,-53,-51,-63,-81,-77,-81
855,"(2,2)",-53,-53,-51,-65,-57,-53,-71,-43,-61,-55,-59,-67,-67,-71,-69,-71,-53,-51,-63,-81,-77,-81
856,"(2,2)",-53,-87,-51,-63,-55,-53,-71,-43,-57,-57,-59,-63,-65,-67,-69,-71,-53,-53,-63,-81,-77,-81
857,"(2,2)",-53,-53,-51,-61,-55,-53,-73,-43,-61,-55,-65,-71,-65,-73,-71,-71,-53,-53,-63,-81,-75,-77
858,"(2,2)",-55,-55,-53,-61,-55,-53,-73,-43,-61,-55,-67,-67,-67,-65,-69,-73,-53,-53,-65,-81,-77,-79
859,"(2,2)",-55,-55,-53,-61,-55,-55,-75,-43,-61,-55,-65,-69,-67,-65,-67,-73,-53,-53,-65,-79,-75,-79
860,"(2,2)",-55,-77,-53,-67,-57,-53,-75,-43,-61,-55,-65,-67,-67,-65,-67,-73,-53,-53,-63,-79,-75,-79
861,"(2,2)",-53,-53,-55,-59,-57,-57,-71,-43,-55,-55,-63,-69,-61,-67,-67,-73,-53,-53,-63,-81,-75,-79
862,"(2,2)",-53,-51,-55,-59,-57,-53,-71,-43,-61,-55,-63,-67,-69,-69,-65,-73,-53,-53,-65,-81,-71,-79
863,"(2,2)",-53,-51,-57,-59,-57,-55,-75,-39,-61,-57,-65,-63,-67,-69,-67,-73,-53,-53,-65,-81,-71,-81
864,"(2,2)",-53,-53,-55,-59,-55,-55,-69,-39,-59,-55,-65,-65,-67,-67,-69,-71,-53,-53,-63,-81,-75,-75
865,"(2,2)",-53,-53,-55,-69,-55,-53,-73,-39,-59,-55,-65,-69,-67,-67,-69,-71,-53,-53,-63,-79,-75,-75
866,"(2,2)",-53,-53,-55,-61,-57,-53,-73,-39,-57,-55,-65,-63,-67,-69,-67,-71,-51,-53,-61,-79,-75,-79
867,"(2,2)",-53,-51,-51,-61,-53,-55,-73,-43,-57,-55,-65,-69,-67,-69,-69,-71,-53,-51,-73,-79,-77,-75
868,"(2,2)",-53,-55,-51,-55,-53,-55,-73,-43,-55,-55,-63,-67,-69,-69,-67,-71,-53,-53,-59,-79,-77,-77
869,"(2,2)",-53,-53,-53,-67,-59,-51,-73,-41,-61,-57,-71,-69,-69,-65,-67,-71,-53,-53,-65,-79,-81,-77
870,"(2,2)",-53,-51,-53,-59,-55,-53,-71,-43,-83,-57,-57,-69,-69,-63,-69,-71,-53,-53,-67,-79,-77,-77
871,"(2,2)",-53,-53,-51,-61,-57,-53,-73,-43,-83,-57,-67,-65,-71,-67,-71,-69,-53,-53,-57,-83,-77,-77
872,"(2,2)",-53,-53,-53,-61,-55,-53,-73,-43,-83,-55,-63,-67,-69,-69,-71,-71,-53,-53,-59,-81,-75,-77
873,"(2,2)",-53,-53,-53,-61,-55,-55,-73,-43,-59,-55,-59,-63,-67,-69,-71,-71,-51,-51,-59,-81,-75,-79
874,"(2,2)",-53,-53,-53,-61,-55,-53,-73,-39,-61,-55,-59,-67,-67,-71,-63,-71,-51,-53,-59,-81,-75,-77
875,"(2,2)",-53,-53,-53,-61,-57,-53,-71,-39,-59,-55,-59,-71,-67,-65,-69,-71,-51,-53,-63,-81,-77,-81
876,"(2,2)",-53,-49,-53,-61,-57,-53,-71,-43,-59,-55,-63,-71,-65,-67,-69,-71,-51,-53,-61,-81,-77,-81
877,"(2,2)",-53,-53,-49,-61,-55,-53,-73,-43,-59,-55,-63,-65,-69,-67,-69,-71,-51,-53,-63,-81,-75,-81
878,"(2,2)",-53,-53,-53,-61,-55,-53,-75,-37,-57,-57,-79,-63,-69,-67,-71,-71,-53,-53,-63,-81,-75,-79
879,"(2,2)",-55,-53,-53,-61,-57,-53,-73,-91,-59,-55,-79,-69,-69,-67,-71,-71,-53,-53,-63,-81,-75,-79
880,"(2,2)",-55,-53,-53,-67,-55,-53,-73,-43,-59,-55,-79,-69,-67,-63,-67,-71,-53,-53,-63,-81,-75,-79
881,"(2,2)",-53,-51,-51,-67,-57,-53,-71,-43,-61,-57,-57,-69,-63,-65,-69,-71,-53,-53,-65,-81,-77,-79
882,"(2,2)",-53,-53,-53,-59,-55,-53,-75,-37,-59,-55,-57,-69,-63,-65,-71,-71,-51,-53,-67,-75,-71,-81
883,"(2,2)",-55,-53,-53,-59,-55,-53,-71,-43,-59,-55,-57,-71,-57,-67,-69,-71,-85,-53,-67,-79,-71,-81
884,"(2,2)",-53,-53,-53,-79,-55,-53,-75,-43,-59,-55,-57,-65,-67,-67,-69,-71,-53,-53,-63,-83,-75,-79
885,"(2,2)",-53,-53,-53,-61,-55,-53,-73,-39,-61,-55,-57,-65,-67,-69,-69,-71,-53,-53,-63,-83,-75,-79
886,"(2,2)",-53,-53,-51,-69,-55,-53,-79,-43,-59,-55,-63,-69,-67,-69,-71,-71,-53,-53,-63,-81,-75,-79
887,"(2,2)",-53,-53,-53,-67,-57,-53,-75,-39,-59,-57,-63,-67,-67,-65,-71,-73,-53,-53,-63,-81,-71,-83
888,"(2,2)",-53,-53,-49,-61,-55,-53,-75,-43,-61,-55,-67,-69,-69,-71,-71,-73,-53,-53,-65,-81,-77,-79
889,"(2,2)",-53,-51,-49,-53,-55,-53,-73,-41,-61,-55,-57,-69,-65,-69,-71,-71,-53,-53,-65,-75,-75,-79
890,"(2,2)",-55,-53,-53,-61,-57,-53,-75,-43,-57,-55,-57,-65,-67,-65,-69,-71,-51,-53,-65,-79,-77,-77
891,"(2,2)",-53,-49,-55,-67,-55,-53,-73,-43,-57,-55,-57,-71,-67,-65,-69,-73,-51,-53,-65,-79,-71,-77
892,"(2,2)",-55,-59,-55,-55,-55,-53,-75,-43,-57,-55,-63,-67,-69,-67,-69,-71,-53,-53,-65,-81,-75,-83
893,"(2,2)",-53,-53,-55,-55,-55,-51,-75,-43,-61,-55,-63,-69,-67,-65,-71,-71,-53,-53,-63,-81,-75,-75
894,"(2,2)",-53,-51,-55,-67,-55,-53,-73,-85,-59,-57,-63,-63,-55,-65,-69,-71,-53,-51,-67,-79,-75,-81
895,"(2,2)",-53,-55,-55,-67,-55,-53,-73,-43,-57,-57,-63,-71,-55,-67,-67,-71,-53,-51,-59,-79,-71,-81
896,"(2,2)",-53,-53,-51,-57,-55,-55,-75,-43,-59,-55,-67,-63,-67,-67,-67,-71,-53,-51,-65,-81,-75,-81
897,"(2,2)",-53,-53,-53,-61,-55,-53,-73,-43,-59,-55,-67,-71,-69,-65,-67,-71,-53,-51,-63,-81,-77,-77
898,"(2,2)",-53,-53,-53,-61,-55,-53,-73,-77,-59,-55,-67,-69,-67,-65,-69,-71,-53,-51,-63,-79,-75,-77
899,"(2,2)",-53,-53,-53,-59,-55,-53,-73,-43,-57,-55,-65,-69,-67,-65,-69,-73,-53,-53,-63,-81,-77,-77
900,"(2,2)",-53,-53,-53,-61,-57,-53,-73,-43,-57,-55,-57,-65,-67,-67,-71,-71,-53,-53,-63,-81,-77,-81
901,"(2,2)",-53,-53,-53,-67,-55,-51,-73,-43,-57,-55,-65,-65,-69,-67,-71,-71,-53,-53,-65,-81,-77,-75
902,"(2,2)",-53,-55,-55,-57,-53,-53,-71,-43,-59,-57,-67,-65,-69,-67,-71,-73,-51,-53,-65,-81,-77,-75
903,"(2,2)",-53,-53,-55,-67,-55,-81,-71,-43,-57,-55,-65,-65,-67,-67,-71,-73,-53,-53,-67,-81,-75,-75
904,"(2,2)",-53,-53,-55,-57,-55,-53,-73,-39,-59,-55,-57,-67,-67,-65,-71,-73,-51,-53,-63,-81,-75,-87
905,"(2,2)",-53,-53,-53,-61,-53,-53,-73,-39,-59,-55,-57,-71,-67,-63,-69,-73,-51,-51,-63,-81,-75,-87
906,"(2,2)",-53,-53,-55,-61,-55,-53,-73,-39,-59,-55,-57,-67,-67,-69,-69,-73,-87,-53,-57,-81,-77,-87
907,"(2,2)",-53,-53,-53,-61,-55,-53,-75,-39,-59,-57,-57,-67,-67,-69,-67,-73,-53,-53,-65,-81,-77,-75
908,"(2,2)",-53,-53,-53,-61,-57,-53,-73,-39,-59,-55,-59,-69,-67,-69,-71,-71,-51,-53,-67,-77,-75,-81
909,"(2,2)",-53,-53,-55,-55,-55,-53,-73,-43,-59,-57,-59,-65,-67,-69,-69,-71,-51,-53,-67,-77,-77,-81
910,"(2,2)",-53,-53,-53,-67,-55,-53,-73,-43,-57,-57,-57,-67,-67,-65,-71,-71,-55,-55,-65,-77,-77,-81
911,"(2,2)",-53,-53,-53,-77,-55,-51,-73,-43,-61,-57,-67,-65,-67,-65,-67,-71,-55,-53,-63,-77,-75,-77
912,"(2,2)",-53,-53,-51,-77,-55,-53,-73,-43,-61,-55,-59,-65,-65,-67,-67,-71,-55,-53,-63,-81,-77,-77
913,"(2,2)",-55,-53,-55,-61,-55,-53,-73,-39,-59,-55,-63,-65,-67,-67,-71,-71,-53,-51,-63,-79,-77,-77
914,"(2,2)",-53,-53,-49,-67,-57,-53,-75,-39,-59,-81,-61,-69,-69,-67,-71,-71,-53,-53,-67,-81,-73,-77
915,"(2,2)",-53,-53,-51,-65,-57,-53,-71,-43,-57,-55,-61,-69,-69,-67,-71,-71,-53,-53,-57,-81,-77,-77
916,"(2,2)",-55,-53,-53,-61,-55,-53,-73,-43,-59,-55,-61,-69,-69,-67,-71,-71,-51,-51,-63,-79,-75,-77
917,"(2,2)",-55,-55,-53,-59,-55,-55,-73,-39,-59,-55,-61,-63,-63,-67,-71,-71,-51,-51,-67,-79,-77,-81
918,"(2,2)",-53,-53,-55,-67,-57,-51,-73,-43,-57,-55,-59,-67,-67,-69,-67,-73,-51,-51,-59,-79,-73,-81
919,"(2,2)",-55,-55,-55,-67,-57,-51,-73,-39,-57,-57,-65,-67,-67,-67,-71,-73,-53,-53,-65,-79,-77,-81
920,"(2,2)",-55,-53,-55,-61,-55,-55,-73,-41,-59,-55,-65,-67,-67,-65,-67,-73,-53,-53,-65,-81,-75,-81
921,"(2,2)",-55,-55,-51,-61,-55,-57,-75,-39,-59,-55,-65,-63,-69,-67,-71,-73,-53,-53,-67,-81,-77,-81
922,"(2,2)",-53,-55,-53,-69,-55,-55,-73,-39,-59,-57,-65,-71,-69,-69,-75,-73,-51,-53,-65,-81,-79,-79
923,"(2,2)",-55,-53,-57,-61,-55,-55,-71,-43,-59,-57,-57,-65,-69,-71,-67,-73,-53,-53,-63,-81,-77,-79
924,"(2,2)",-53,-53,-53,-61,-55,-57,-71,-43,-63,-55,-57,-69,-65,-71,-65,-73,-53,-53,-63,-81,-77,-79
925,"(2,2)",-53,-51,-55,-59,-55,-55,-73,-39,-59,-57,-57,-67,-71,-69,-65,-73,-53,-51,-63,-81,-77,-79
926,"(2,2)",-53,-53,-53,-59,-55,-55,-73,-43,-59,-57,-57,-67,-69,-67,-67,-71,-51,-51,-65,-81,-77,-79
927,"(2,2)",-53,-53,-55,-67,-57,-55,-71,-43,-59,-55,-59,-67,-69,-67,-67,-71,-53,-51,-65,-81,-77,-79
928,"(2,2)",-55,-53,-53,-67,-57,-53,-73,-43,-59,-57,-59,-67,-67,-67,-67,-71,-51,-53,-59,-81,-77,-79
929,"(2,2)",-53,-51,-55,-67,-67,-57,-73,-43,-59,-57,-59,-67,-69,-69,-67,-73,-53,-53,-61,-81,-77,-79
930,"(2,2)",-55,-53,-53,-61,-55,-55,-69,-43,-57,-55,-61,-69,-67,-69,-67,-73,-53,-53,-65,-81,-77,-77
931,"(2,2)",-55,-51,-57,-61,-57,-53,-73,-43,-55,-55,-59,-69,-67,-69,-63,-73,-53,-53,-65,-81,-77,-77
932,"(2,2)",-53,-53,-55,-61,-55,-59,-73,-43,-61,-55,-61,-65,-67,-69,-67,-73,-53,-53,-61,-73,-77,-77
933,"(2,2)",-55,-55,-53,-59,-55,-55,-71,-43,-57,-55,-61,-67,-67,-71,-69,-73,-53,-53,-63,-73,-77,-77
934,"(2,2)",-55,-53,-55,-59,-55,-57,-73,-43,-57,-55,-61,-69,-69,-71,-69,-73,-53,-53,-63,-73,-77,-77
935,"(2,2)",-53,-53,-55,-59,-55,-55,-73,-43,-61,-53,-63,-65,-67,-71,-67,-73,-51,-53,-63,-73,-75,-71
936,"(2,2)",-55,-53,-55,-67,-57,-57,-73,-39,-61,-55,-63,-67,-67,-69,-65,-73,-51,-51,-65,-81,-77,-71
937,"(2,2)",-53,-57,-55,-61,-55,-53,-73,-43,-63,-53,-63,-65,-67,-69,-67,-73,-53,-53,-55,-81,-75,-75
938,"(2,2)",-53,-57,-49,-61,-55,-57,-73,-43,-55,-53,-57,-65,-69,-69,-67,-73,-53,-53,-61,-81,-75,-75
939,"(2,2)",-53,-55,-53,-61,-57,-55,-73,-43,-59,-55,-57,-69,-67,-69,-67,-73,-51,-53,-61,-81,-77,-77
940,"(2,2)",-53,-53,-55,-67,-55,-51,-75,-43,-59,-55,-63,-65,-69,-69,-67,-73,-51,-51,-65,-81,-79,-77
941,"(2,2)",-53,-53,-55,-59,-55,-55,-73,-43,-57,-55,-63,-63,-69,-69,-67,-73,-51,-51,-63,-81,-75,-77
942,"(2,2)",-55,-53,-55,-59,-53,-55,-73,-39,-61,-57,-67,-67,-67,-69,-67,-71,-51,-51,-63,-81,-75,-77
943,"(2,2)",-53,-53,-49,-67,-57,-53,-79,-43,-61,-55,-63,-63,-67,-65,-69,-71,-51,-53,-61,-75,-77,-77
944,"(2,2)",-53,-57,-53,-69,-57,-55,-73,-43,-61,-57,-81,-65,-65,-65,-71,-63,-53,-53,-61,-75,-77,-77
945,"(2,2)",-53,-53,-49,-61,-55,-55,-75,-39,-61,-55,-79,-69,-67,-67,-71,-69,-51,-53,-65,-75,-77,-77
946,"(2,2)",-53,-51,-55,-59,-55,-57,-75,-39,-61,-55,-59,-65,-61,-69,-73,-69,-51,-51,-67,-75,-75,-77
947,"(2,2)",-55,-55,-51,-69,-53,-53,-75,-39,-61,-57,-67,-65,-69,-69,-73,-69,-51,-53,-73,-75,-75,-73
948,"(2,2)",-55,-53,-55,-65,-55,-51,-71,-37,-55,-55,-63,-69,-65,-67,-67,-71,-53,-51,-59,-79,-77,-77
949,"(2,2)",-53,-53,-51,-65,-55,-55,-73,-37,-59,-55,-65,-63,-69,-55,-69,-71,-53,-53,-59,-79,-77,-77
950,"(2,2)",-55,-53,-53,-61,-55,-55,-73,-43,-59,-55,-65,-69,-69,-71,-71,-71,-53,-53,-63,-83,-77,-75
951,"(2,2)",-55,-55,-51,-67,-55,-55,-75,-37,-61,-55,-65,-69,-67,-61,-67,-71,-53,-53,-63,-83,-77,-79
952,"(2,2)",-53,-53,-51,-61,-55,-55,-75,-37,-59,-55,-65,-63,-67,-61,-69,-71,-53,-53,-63,-83,-77,-79
953,"(2,2)",-55,-53,-53,-69,-55,-55,-67,-43,-61,-57,-59,-69,-57,-61,-71,-71,-53,-53,-65,-79,-77,-71
954,"(2,2)",-53,-51,-51,-67,-57,-53,-67,-39,-61,-57,-59,-67,-67,-67,-71,-71,-51,-51,-55,-79,-77,-71
955,"(2,2)",-53,-53,-55,-69,-57,-55,-73,-39,-61,-55,-61,-67,-65,-67,-67,-71,-51,-53,-65,-79,-77,-71
956,"(2,2)",-53,-53,-55,-61,-55,-55,-73,-43,-61,-55,-65,-65,-63,-67,-73,-71,-51,-53,-57,-79,-77,-71
957,"(2,2)",-53,-53,-53,-67,-55,-53,-73,-43,-61,-57,-65,-69,-67,-67,-71,-69,-53,-53,-63,-81,-75,-71
958,"(2,2)",-55,-53,-53,-67,-55,-53,-75,-39,-61,-55,-65,-65,-69,-67,-65,-69,-53,-53,-65,-81,-75,-71
959,"(2,2)",-55,-51,-53,-61,-55,-53,-71,-43,-59,-55,-57,-63,-67,-67,-71,-71,-53,-53,-65,-81,-77,-71
960,"(2,2)",-53,-53,-51,-61,-57,-55,-71,-43,-59,-57,-77,-65,-67,-67,-71,-71,-53,-53,-63,-81,-77,-71
961,"(2,2)",-53,-55,-53,-61,-55,-53,-75,-39,-57,-57,-77,-67,-67,-65,-69,-71,-53,-53,-63,-81,-77,-77
962,"(2,2)",-53,-55,-53,-61,-55,-55,-75,-43,-57,-55,-77,-67,-65,-65,-73,-71,-53,-53,-63,-81,-77,-77
963,"(2,2)",-53,-55,-73,-67,-55,-53,-75,-43,-57,-57,-77,-67,-67,-69,-65,-67,-53,-51,-63,-81,-71,-77
964,"(2,2)",-53,-53,-73,-67,-55,-55,-75,-43,-57,-57,-77,-65,-65,-65,-73,-71,-53,-53,-63,-79,-69,-77
965,"(2,2)",-51,-53,-53,-67,-55,-53,-73,-43,-59,-57,-67,-65,-65,-63,-73,-73,-53,-53,-63,-79,-75,-77
966,"(2,2)",-53,-55,-55,-63,-57,-55,-73,-43,-59,-57,-57,-65,-67,-69,-71,-71,-53,-53,-57,-79,-77,-77
967,"(2,2)",-53,-53,-49,-67,-55,-55,-73,-43,-57,-57,-57,-69,-67,-69,-69,-71,-85,-53,-65,-79,-71,-77
968,"(2,2)",-55,-53,-55,-67,-57,-55,-75,-37,-59,-55,-59,-69,-67,-69,-67,-69,-85,-53,-57,-79,-77,-77
969,"(2,2)",-53,-59,-53,-53,-55,-53,-75,-43,-55,-57,-59,-63,-63,-67,-67,-69,-53,-53,-57,-79,-77,-77
970,"(2,2)",-53,-57,-53,-67,-57,-51,-75,-43,-55,-57,-59,-65,-57,-71,-67,-69,-53,-53,-65,-79,-79,-77
971,"(2,2)",-53,-53,-51,-67,-59,-49,-75,-43,-65,-57,-59,-69,-65,-69,-69,-69,-53,-53,-67,-79,-77,-75
972,"(2,2)",-53,-55,-53,-55,-57,-51,-71,-43,-59,-57,-59,-67,-59,-69,-69,-69,-51,-53,-67,-79,-77,-75
973,"(2,2)",-53,-53,-53,-81,-55,-53,-73,-43,-57,-51,-59,-67,-65,-67,-69,-71,-51,-53,-65,-81,-77,-75
974,"(2,2)",-53,-53,-55,-61,-55,-59,-73,-43,-57,-57,-59,-67,-65,-67,-71,-71,-75,-53,-65,-81,-77,-75
975,"(2,2)",-53,-53,-53,-69,-55,-53,-73,-37,-59,-55,-59,-65,-67,-67,-65,-71,-53,-53,-77,-81,-75,-77
976,"(2,2)",-53,-53,-55,-67,-55,-55,-73,-43,-61,-55,-57,-67,-69,-69,-71,-71,-53,-51,-77,-79,-75,-77
977,"(2,2)",-51,-53,-53,-61,-55,-55,-75,-41,-57,-55,-63,-65,-67,-69,-71,-73,-53,-51,-59,-81,-77,-77
978,"(2,2)",-53,-53,-53,-67,-55,-55,-79,-43,-61,-57,-65,-69,-53,-67,-71,-73,-53,-53,-67,-81,-77,-77
979,"(2,2)",-53,-51,-53,-67,-55,-55,-75,-41,-59,-57,-65,-63,-65,-67,-71,-73,-53,-53,-67,-79,-75,-77
980,"(2,2)",-55,-77,-49,-67,-55,-57,-75,-77,-59,-57,-65,-69,-65,-65,-73,-75,-53,-53,-67,-81,-75,-77
981,"(2,2)",-53,-55,-55,-61,-55,-57,-73,-41,-59,-57,-67,-67,-69,-69,-69,-73,-53,-53,-65,-79,-75,-77
982,"(2,2)",-55,-55,-57,-63,-55,-53,-73,-43,-59,-57,-57,-63,-65,-67,-63,-73,-53,-51,-71,-81,-75,-77
983,"(2,2)",-53,-55,-55,-67,-55,-53,-73,-77,-53,-55,-57,-63,-67,-65,-69,-71,-53,-51,-65,-81,-75,-77
984,"(2,2)",-53,-55,-55,-61,-55,-51,-73,-79,-53,-55,-57,-63,-63,-65,-65,-73,-51,-51,-65,-79,-75,-77
985,"(2,2)",-53,-55,-55,-67,-55,-55,-73,-79,-59,-55,-57,-69,-67,-65,-65,-73,-51,-53,-65,-79,-75,-77
986,"(2,2)",-53,-55,-55,-65,-55,-55,-73,-41,-59,-55,-57,-65,-67,-65,-69,-73,-53,-53,-67,-81,-75,-77
987,"(2,2)",-53,-53,-55,-67,-55,-55,-73,-43,-59,-55,-65,-65,-67,-67,-71,-71,-53,-53,-63,-77,-77,-79
988,"(2,2)",-53,-61,-55,-67,-57,-55,-75,-43,-61,-55,-77,-69,-67,-67,-67,-71,-53,-53,-63,-81,-77,-79
989,"(2,2)",-55,-61,-53,-67,-57,-55,-73,-39,-55,-57,-57,-69,-67,-65,-67,-71,-53,-53,-63,-81,-77,-79
990,"(2,2)",-53,-55,-53,-61,-57,-53,-73,-39,-59,-55,-63,-69,-67,-65,-67,-75,-53,-53,-63,-81,-77,-79
991,"(2,2)",-53,-57,-53,-61,-57,-53,-69,-39,-63,-57,-65,-69,-67,-65,-67,-71,-53,-53,-59,-81,-77,-79
992,"(2,2)",-53,-53,-55,-65,-55,-57,-75,-43,-61,-55,-65,-63,-67,-67,-65,-71,-53,-53,-59,-81,-77,-77
993,"(2,2)",-53,-55,-49,-65,-57,-55,-73,-43,-59,-55,-65,-65,-67,-67,-69,-71,-53,-53,-71,-81,-75,-77
994,"(2,2)",-53,-55,-53,-61,-55,-53,-73,-43,-61,-55,-65,-67,-67,-69,-65,-71,-53,-53,-65,-79,-75,-77
995,"(2,2)",-53,-55,-53,-67,-55,-57,-73,-43,-61,-55,-65,-67,-65,-65,-73,-71,-53,-53,-67,-81,-75,-77
996,"(2,2)",-53,-55,-53,-65,-55,-57,-73,-39,-59,-55,-65,-65,-67,-63,-71,-71,-53,-53,-65,-81,-71,-75
997,"(2,2)",-53,-53,-53,-65,-55,-57,-73,-69,-57,-55,-65,-63,-65,-63,-71,-71,-53,-51,-65,-79,-73,-75
998,"(2,2)",-53,-55,-49,-65,-55,-57,-73,-69,-61,-55,-65,-65,-65,-69,-67,-71,-53,-51,-65,-79,-75,-75
999,"(2,2)",-53,-73,-53,-67,-55,-57,-67,-43,-59,-55,-65,-67,-63,-69,-71,-75,-53,-53,-65,-79,-75,-75
