,"X,Y","""Lab ERNC""
00:90:4C:91:00:03","""Convertidores Estaticos""
20:AA:4B:AE:FD:0A","""Vibraciones""
50:C7:BF:DD:C3:B3","""AP_1612927617""
BC:54:F9:FC:7F:60","""Lab Energia Renovable 2""
98:FC:11:54:32:53","""Laboratorio de Redes""
48:F8:B3:22:4C:FA","""Sala Dise\xC3\xB1o""
0A:18:D6:CB:01:A4","""Docentes FI""
0E:18:D6:CB:01:A4","""Microondas""
48:F8:B3:22:4D:4B","""CE5CFB""
98:FC:11:E2:A6:A5","""Ing. Civil Telecomunicaciones""
00:1E:E5:7B:E0:BE","""Lab Sistemas Electronicos""
68:FF:7B:47:9E:A1","""Die231""
EC:08:6B:42:B5:4A","""LabSerc 2.4""
94:10:3E:86:13:20","""Lab Energias Renovables""
F4:EC:38:D2:09:78"
0,"(0,1)",-76,-69,-75,-72,-77,-50,-78,-77,-72,-78,-73,-67,-88,-78,-75
1,"(0,1)",-76,-69,-74,-73,-77,-50,-78,-78,-74,-78,-73,-69,-88,-78,-74
2,"(0,1)",-77,-68,-74,-73,-77,-50,-78,-77,-74,-78,-73,-70,-89,-78,-74
3,"(0,1)",-77,-68,-74,-73,-77,-50,-77,-77,-73,-78,-73,-71,-89,-78,-74
4,"(0,1)",-77,-68,-74,-73,-77,-50,-77,-78,-73,-78,-73,-71,-89,-78,-74
5,"(0,1)",-77,-68,-74,-73,-77,-50,-77,-78,-73,-78,-73,-70,-89,-78,-75
6,"(0,1)",-77,-68,-74,-74,-77,-50,-77,-78,-73,-78,-73,-69,-89,-78,-75
7,"(0,1)",-77,-68,-74,-74,-77,-50,-77,-78,-72,-78,-73,-70,-89,-78,-74
8,"(0,1)",-77,-68,-74,-73,-77,-50,-77,-78,-72,-79,-73,-70,-89,-78,-75
9,"(0,1)",-76,-68,-74,-74,-77,-50,-77,-78,-72,-79,-72,-69,-89,-78,-74
10,"(0,1)",-76,-68,-75,-74,-77,-50,-77,-78,-72,-79,-72,-69,-90,-78,-74
11,"(0,1)",-77,-68,-74,-75,-77,-50,-77,-78,-73,-79,-72,-68,-90,-78,-74
12,"(0,1)",-77,-68,-74,-75,-77,-50,-77,-78,-73,-79,-72,-68,-90,-78,-75
13,"(0,1)",-77,-68,-74,-74,-77,-50,-77,-78,-73,-79,-72,-68,-90,-78,-74
14,"(0,1)",-76,-68,-74,-74,-77,-50,-77,-78,-73,-79,-72,-69,-90,-78,-74
15,"(0,1)",-77,-68,-73,-74,-77,-50,-77,-78,-73,-79,-72,-69,-90,-78,-75
16,"(0,1)",-77,-68,-74,-74,-77,-50,-77,-77,-72,-79,-72,-72,-90,-78,-75
17,"(0,1)",-77,-69,-73,-73,-77,-50,-77,-77,-72,-79,-72,-72,-90,-78,-74
18,"(0,1)",-77,-69,-74,-72,-77,-50,-77,-77,-72,-79,-72,-72,-90,-78,-74
19,"(0,1)",-76,-69,-74,-73,-77,-50,-77,-77,-72,-79,-72,-72,-90,-78,-74
20,"(0,1)",-76,-69,-74,-73,-77,-50,-77,-77,-72,-79,-72,-71,-90,-78,-75
21,"(0,1)",-76,-69,-74,-73,-77,-50,-77,-77,-72,-79,-72,-70,-90,-78,-75
22,"(0,1)",-75,-69,-74,-74,-77,-50,-77,-77,-72,-79,-72,-69,-90,-78,-75
23,"(0,1)",-76,-69,-74,-74,-77,-58,-77,-77,-72,-79,-72,-70,-90,-78,-75
24,"(0,1)",-75,-69,-74,-75,-77,-56,-77,-77,-72,-79,-72,-68,-90,-78,-74
25,"(0,1)",-73,-69,-74,-75,-77,-56,-78,-78,-72,-79,-72,-68,-90,-78,-74
26,"(0,1)",-73,-69,-74,-74,-77,-55,-78,-78,-72,-79,-72,-68,-90,-78,-75
27,"(0,1)",-75,-69,-74,-75,-77,-54,-78,-78,-72,-79,-72,-68,-90,-78,-75
28,"(0,1)",-76,-69,-74,-74,-77,-53,-78,-78,-72,-79,-72,-70,-90,-78,-76
29,"(0,1)",-76,-68,-73,-74,-77,-52,-78,-78,-72,-79,-72,-71,-90,-78,-75
30,"(0,1)",-77,-68,-73,-74,-77,-52,-78,-78,-72,-79,-72,-70,-90,-78,-76
31,"(0,1)",-77,-69,-74,-74,-77,-53,-78,-78,-73,-79,-72,-69,-90,-78,-76
32,"(0,1)",-77,-69,-74,-74,-77,-52,-78,-78,-74,-79,-72,-70,-89,-78,-75
33,"(0,1)",-77,-69,-74,-74,-77,-52,-78,-78,-73,-79,-72,-70,-89,-78,-75
34,"(0,1)",-77,-69,-74,-74,-77,-52,-78,-78,-74,-79,-72,-70,-89,-78,-74
35,"(0,1)",-77,-69,-74,-74,-77,-52,-78,-78,-73,-79,-72,-69,-89,-78,-75
36,"(0,1)",-76,-69,-75,-74,-77,-52,-78,-78,-73,-79,-72,-70,-89,-78,-74
37,"(0,1)",-75,-69,-74,-74,-77,-52,-78,-78,-74,-79,-71,-69,-89,-78,-74
38,"(0,1)",-75,-69,-74,-74,-77,-52,-78,-78,-75,-79,-71,-68,-89,-78,-74
39,"(0,1)",-76,-69,-74,-74,-77,-52,-78,-78,-74,-79,-71,-73,-89,-78,-75
40,"(0,1)",-76,-69,-74,-74,-77,-52,-78,-78,-73,-79,-71,-73,-89,-78,-75
41,"(0,1)",-76,-69,-74,-73,-77,-52,-78,-78,-73,-79,-71,-71,-89,-78,-75
42,"(0,1)",-77,-69,-74,-73,-77,-52,-78,-78,-74,-79,-71,-70,-89,-78,-75
43,"(0,1)",-76,-69,-74,-74,-77,-52,-78,-78,-73,-79,-71,-69,-89,-78,-75
44,"(0,1)",-77,-69,-74,-74,-77,-52,-78,-78,-73,-79,-71,-70,-89,-78,-74
45,"(0,1)",-77,-69,-74,-74,-77,-52,-78,-78,-72,-79,-71,-69,-89,-78,-75
46,"(0,1)",-77,-69,-74,-74,-77,-52,-78,-78,-74,-79,-71,-68,-89,-78,-75
47,"(0,1)",-77,-69,-75,-73,-77,-52,-78,-78,-74,-79,-71,-70,-89,-78,-75
48,"(0,1)",-77,-69,-74,-74,-77,-52,-78,-78,-73,-79,-71,-70,-89,-78,-74
49,"(0,1)",-77,-69,-74,-75,-77,-52,-78,-78,-73,-79,-71,-69,-89,-78,-75
50,"(0,1)",-77,-69,-74,-74,-77,-52,-77,-78,-73,-79,-71,-68,-89,-78,-75
51,"(0,1)",-77,-69,-74,-74,-77,-52,-78,-78,-73,-79,-71,-69,-89,-78,-74
52,"(0,1)",-77,-69,-74,-74,-77,-52,-78,-78,-73,-79,-71,-69,-87,-78,-74
53,"(0,1)",-78,-69,-74,-74,-77,-52,-78,-78,-73,-79,-71,-69,-87,-78,-74
54,"(0,1)",-78,-69,-74,-74,-77,-52,-78,-78,-73,-79,-71,-70,-88,-78,-74
55,"(0,1)",-76,-69,-74,-74,-77,-52,-78,-78,-73,-79,-71,-69,-88,-78,-75
56,"(0,1)",-76,-69,-74,-74,-77,-52,-78,-78,-72,-79,-71,-71,-88,-78,-75
57,"(0,1)",-76,-69,-74,-74,-77,-52,-78,-78,-72,-79,-71,-69,-88,-78,-75
58,"(0,1)",-77,-69,-74,-75,-77,-52,-78,-78,-74,-79,-71,-70,-89,-78,-76
59,"(0,1)",-77,-69,-75,-74,-77,-52,-78,-78,-73,-79,-71,-68,-88,-79,-77
60,"(0,1)",-77,-69,-74,-74,-77,-52,-78,-78,-72,-79,-71,-68,-88,-79,-76
61,"(0,1)",-77,-69,-75,-74,-78,-52,-78,-78,-72,-79,-71,-67,-88,-79,-75
62,"(0,1)",-76,-69,-74,-74,-78,-52,-78,-78,-72,-79,-72,-68,-88,-79,-76
63,"(0,1)",-76,-69,-74,-74,-78,-52,-77,-78,-72,-79,-72,-69,-89,-79,-75
64,"(0,1)",-76,-69,-74,-75,-78,-52,-77,-78,-72,-79,-72,-69,-89,-79,-74
65,"(0,1)",-76,-69,-74,-75,-78,-52,-77,-78,-73,-79,-72,-68,-90,-79,-74
66,"(0,1)",-77,-69,-74,-74,-78,-52,-78,-78,-73,-79,-72,-69,-89,-79,-75
67,"(0,1)",-77,-69,-74,-75,-78,-52,-78,-78,-73,-79,-72,-68,-89,-79,-74
68,"(0,1)",-77,-69,-74,-74,-78,-52,-78,-78,-72,-79,-74,-68,-89,-79,-75
69,"(0,1)",-76,-69,-74,-74,-78,-52,-78,-78,-72,-79,-74,-69,-89,-79,-75
70,"(0,1)",-76,-69,-74,-74,-78,-52,-78,-78,-72,-79,-75,-69,-91,-79,-74
71,"(0,1)",-76,-68,-75,-75,-78,-52,-78,-78,-72,-79,-74,-71,-91,-79,-75
72,"(0,1)",-76,-68,-75,-75,-78,-52,-78,-78,-72,-79,-73,-69,-91,-79,-74
73,"(0,1)",-76,-68,-75,-74,-78,-52,-78,-78,-72,-79,-73,-69,-91,-79,-74
74,"(0,1)",-76,-68,-75,-74,-78,-52,-78,-78,-72,-79,-72,-69,-91,-79,-74
75,"(0,1)",-76,-68,-74,-74,-78,-52,-78,-78,-72,-79,-72,-69,-91,-79,-74
76,"(0,1)",-76,-68,-74,-73,-78,-52,-78,-78,-72,-79,-72,-69,-91,-79,-74
77,"(0,1)",-76,-68,-74,-73,-78,-52,-78,-78,-72,-79,-72,-68,-91,-79,-74
78,"(0,1)",-76,-68,-74,-73,-78,-52,-78,-78,-72,-79,-72,-68,-91,-79,-74
79,"(0,1)",-76,-68,-74,-73,-78,-52,-77,-78,-72,-79,-72,-69,-91,-79,-75
80,"(0,1)",-76,-68,-74,-73,-78,-52,-78,-78,-72,-79,-72,-69,-91,-79,-74
81,"(0,1)",-77,-68,-74,-74,-78,-52,-78,-78,-72,-79,-72,-69,-91,-79,-75
82,"(0,1)",-77,-68,-74,-74,-78,-52,-78,-78,-72,-79,-72,-69,-91,-79,-76
83,"(0,1)",-77,-68,-74,-74,-78,-52,-78,-78,-72,-79,-72,-68,-91,-79,-75
84,"(0,1)",-77,-68,-75,-73,-78,-52,-78,-78,-72,-79,-72,-69,-90,-79,-75
85,"(0,1)",-77,-68,-74,-74,-78,-52,-78,-78,-72,-79,-72,-70,-88,-79,-74
86,"(0,1)",-77,-68,-74,-73,-78,-52,-78,-78,-72,-79,-72,-70,-89,-79,-74
87,"(0,1)",-77,-68,-76,-73,-78,-52,-78,-78,-72,-79,-72,-69,-89,-79,-75
88,"(0,1)",-77,-68,-75,-74,-78,-52,-78,-78,-72,-79,-72,-70,-89,-79,-74
89,"(0,1)",-77,-68,-74,-74,-78,-52,-78,-78,-72,-79,-72,-69,-90,-79,-74
90,"(0,1)",-77,-68,-74,-75,-78,-52,-77,-78,-72,-79,-72,-70,-90,-79,-74
91,"(0,1)",-77,-68,-74,-75,-78,-52,-76,-78,-72,-79,-72,-70,-90,-79,-74
92,"(0,1)",-77,-69,-74,-75,-78,-52,-76,-78,-72,-79,-72,-70,-90,-79,-75
93,"(0,1)",-77,-69,-74,-75,-78,-52,-77,-78,-72,-79,-72,-70,-91,-79,-74
94,"(0,1)",-77,-69,-74,-75,-78,-53,-77,-82,-73,-79,-72,-70,-91,-79,-74
95,"(0,1)",-77,-69,-74,-75,-78,-52,-77,-80,-73,-79,-72,-70,-91,-79,-75
96,"(0,1)",-77,-69,-74,-75,-78,-52,-77,-80,-73,-79,-72,-70,-91,-79,-75
97,"(0,1)",-76,-69,-74,-75,-78,-52,-78,-79,-73,-79,-72,-70,-91,-79,-76
98,"(0,1)",-77,-69,-74,-76,-76,-52,-78,-79,-73,-79,-71,-72,-91,-79,-75
99,"(0,1)",-77,-69,-74,-76,-77,-52,-78,-79,-73,-79,-71,-72,-91,-79,-75
100,"(0,1)",-77,-69,-74,-76,-77,-52,-78,-79,-72,-79,-71,-69,-91,-79,-75
101,"(0,1)",-77,-68,-73,-75,-77,-52,-78,-79,-72,-79,-71,-69,-90,-79,-75
102,"(0,1)",-77,-68,-73,-77,-77,-52,-78,-78,-72,-79,-71,-70,-90,-79,-74
103,"(0,1)",-77,-68,-74,-76,-77,-52,-78,-78,-72,-79,-71,-70,-90,-79,-74
104,"(0,1)",-77,-68,-74,-75,-77,-52,-78,-78,-72,-79,-71,-69,-90,-79,-75
105,"(0,1)",-77,-69,-74,-75,-77,-52,-77,-78,-72,-79,-71,-69,-90,-79,-75
106,"(0,1)",-77,-69,-74,-76,-77,-52,-77,-78,-72,-79,-71,-69,-90,-79,-75
107,"(0,1)",-77,-69,-74,-75,-77,-52,-77,-78,-73,-79,-71,-69,-90,-79,-75
108,"(0,1)",-77,-69,-74,-75,-77,-52,-77,-78,-74,-79,-71,-69,-90,-79,-74
109,"(0,1)",-75,-69,-74,-74,-77,-52,-77,-78,-74,-79,-71,-70,-90,-79,-74
110,"(0,1)",-75,-69,-74,-74,-77,-52,-78,-77,-73,-79,-71,-69,-90,-79,-74
111,"(0,1)",-75,-69,-75,-73,-77,-52,-77,-78,-72,-79,-71,-68,-90,-79,-74
112,"(0,1)",-74,-68,-74,-73,-77,-52,-77,-78,-72,-79,-71,-68,-89,-79,-74
113,"(0,1)",-73,-68,-74,-74,-77,-52,-76,-78,-73,-79,-71,-69,-89,-79,-74
114,"(0,1)",-72,-68,-74,-74,-77,-52,-77,-78,-73,-79,-71,-68,-89,-79,-74
115,"(0,1)",-74,-68,-74,-73,-77,-52,-77,-78,-73,-79,-71,-68,-89,-79,-75
116,"(0,1)",-75,-68,-74,-74,-77,-52,-78,-77,-73,-79,-71,-67,-89,-79,-75
117,"(0,1)",-73,-68,-73,-73,-77,-52,-78,-77,-72,-79,-71,-67,-89,-79,-75
118,"(0,1)",-75,-68,-73,-73,-77,-52,-77,-77,-73,-79,-71,-68,-89,-79,-77
119,"(0,1)",-74,-68,-73,-76,-77,-52,-77,-77,-73,-79,-71,-71,-89,-79,-77
120,"(0,1)",-75,-68,-73,-75,-77,-52,-78,-78,-73,-79,-71,-71,-89,-79,-77
121,"(0,1)",-75,-68,-73,-75,-77,-52,-78,-77,-73,-79,-71,-71,-89,-79,-77
122,"(0,1)",-75,-68,-73,-74,-77,-52,-78,-77,-73,-79,-71,-70,-89,-79,-77
123,"(0,1)",-76,-68,-73,-74,-77,-52,-78,-77,-72,-81,-71,-70,-91,-79,-77
124,"(0,1)",-77,-68,-73,-74,-77,-52,-78,-77,-72,-81,-71,-70,-91,-79,-77
125,"(0,1)",-77,-68,-73,-74,-77,-52,-78,-77,-73,-80,-71,-70,-91,-79,-75
126,"(0,1)",-77,-68,-73,-73,-77,-52,-78,-77,-73,-80,-71,-70,-90,-79,-74
127,"(0,1)",-77,-69,-73,-74,-78,-52,-78,-77,-72,-79,-71,-70,-90,-79,-76
128,"(0,1)",-77,-69,-74,-75,-77,-52,-78,-77,-72,-79,-71,-69,-90,-79,-75
129,"(0,1)",-77,-69,-74,-74,-77,-52,-78,-78,-73,-79,-71,-69,-90,-79,-76
130,"(0,1)",-77,-69,-73,-74,-77,-52,-78,-78,-73,-79,-71,-70,-89,-79,-76
131,"(0,1)",-76,-69,-74,-73,-77,-52,-78,-78,-73,-79,-71,-69,-89,-79,-77
132,"(0,1)",-76,-69,-74,-73,-77,-52,-77,-78,-73,-79,-71,-69,-89,-79,-77
133,"(0,1)",-76,-69,-74,-73,-77,-52,-77,-78,-72,-79,-71,-68,-89,-79,-77
134,"(0,1)",-75,-69,-74,-73,-76,-52,-78,-78,-72,-79,-71,-68,-89,-79,-77
135,"(0,1)",-75,-69,-74,-73,-76,-52,-78,-78,-72,-79,-71,-69,-89,-79,-77
136,"(0,1)",-75,-69,-74,-73,-77,-52,-78,-78,-72,-79,-71,-70,-89,-79,-76
137,"(0,1)",-75,-69,-74,-73,-77,-52,-78,-78,-72,-79,-71,-70,-89,-79,-75
138,"(0,1)",-75,-69,-74,-73,-77,-52,-78,-78,-73,-79,-71,-70,-89,-79,-75
139,"(0,1)",-75,-69,-74,-73,-77,-52,-78,-78,-73,-79,-71,-70,-89,-79,-75
140,"(0,1)",-75,-69,-73,-73,-77,-52,-78,-78,-73,-79,-71,-69,-89,-79,-75
141,"(0,1)",-75,-68,-73,-73,-77,-52,-78,-77,-72,-79,-71,-70,-89,-79,-75
142,"(0,1)",-76,-68,-73,-73,-77,-52,-78,-77,-72,-79,-71,-70,-89,-79,-75
143,"(0,1)",-76,-68,-73,-73,-77,-52,-78,-77,-72,-79,-71,-68,-89,-79,-75
144,"(0,1)",-77,-68,-74,-73,-77,-52,-78,-78,-72,-79,-71,-70,-89,-79,-74
145,"(0,1)",-77,-68,-74,-73,-77,-52,-78,-78,-72,-82,-71,-70,-89,-79,-74
146,"(0,1)",-77,-68,-74,-73,-77,-52,-78,-78,-72,-81,-71,-69,-89,-79,-74
147,"(0,1)",-77,-68,-74,-73,-77,-52,-78,-78,-72,-80,-71,-69,-89,-79,-74
148,"(0,1)",-77,-68,-75,-73,-77,-52,-78,-78,-72,-80,-71,-70,-91,-79,-74
149,"(0,1)",-77,-68,-74,-73,-77,-52,-77,-78,-72,-80,-71,-70,-91,-79,-75
150,"(0,1)",-77,-68,-74,-72,-77,-52,-78,-78,-72,-80,-71,-70,-91,-79,-76
151,"(0,1)",-77,-68,-73,-72,-77,-52,-77,-78,-72,-80,-71,-69,-91,-79,-75
152,"(0,1)",-77,-68,-73,-72,-77,-52,-76,-78,-72,-80,-71,-70,-91,-79,-74
153,"(0,1)",-77,-68,-73,-73,-76,-52,-75,-78,-72,-79,-71,-70,-91,-79,-74
154,"(0,1)",-77,-68,-74,-73,-76,-52,-76,-78,-72,-79,-71,-70,-91,-79,-74
155,"(0,1)",-77,-68,-74,-73,-77,-52,-76,-78,-72,-79,-71,-70,-91,-79,-75
156,"(0,1)",-77,-68,-74,-74,-77,-52,-77,-78,-73,-79,-71,-70,-91,-79,-74
157,"(0,1)",-77,-68,-74,-74,-77,-52,-77,-78,-73,-79,-71,-70,-91,-79,-74
158,"(0,1)",-77,-68,-74,-75,-77,-52,-77,-78,-73,-79,-71,-70,-91,-79,-74
159,"(0,1)",-77,-68,-73,-75,-77,-52,-78,-78,-74,-79,-71,-70,-90,-79,-74
160,"(0,1)",-77,-68,-73,-75,-77,-52,-78,-78,-73,-79,-71,-69,-90,-79,-75
161,"(0,1)",-77,-69,-74,-75,-77,-52,-78,-78,-72,-79,-71,-69,-90,-79,-75
162,"(0,1)",-77,-69,-74,-75,-77,-52,-77,-78,-72,-79,-71,-70,-90,-79,-74
163,"(0,1)",-77,-69,-74,-74,-77,-52,-77,-78,-72,-79,-71,-70,-90,-79,-76
164,"(0,1)",-75,-69,-74,-74,-77,-56,-77,-78,-72,-79,-71,-70,-90,-79,-75
165,"(0,1)",-76,-69,-74,-74,-77,-54,-77,-78,-72,-79,-71,-69,-90,-79,-75
166,"(0,1)",-77,-68,-74,-75,-77,-53,-77,-78,-73,-79,-71,-69,-89,-79,-74
167,"(0,1)",-77,-68,-73,-75,-77,-52,-77,-78,-73,-79,-71,-69,-89,-79,-74
168,"(0,1)",-77,-68,-73,-75,-77,-52,-77,-78,-73,-79,-71,-69,-89,-79,-75
169,"(0,1)",-77,-68,-73,-74,-77,-52,-77,-78,-73,-79,-71,-69,-89,-79,-74
170,"(0,1)",-77,-68,-73,-74,-76,-52,-77,-78,-73,-79,-71,-69,-89,-79,-74
171,"(0,1)",-76,-68,-73,-74,-77,-52,-78,-78,-72,-79,-71,-70,-89,-79,-75
172,"(0,1)",-76,-68,-73,-74,-77,-52,-78,-78,-72,-79,-71,-70,-89,-79,-74
173,"(0,1)",-77,-68,-73,-74,-77,-52,-78,-78,-72,-79,-71,-70,-89,-79,-74
174,"(0,1)",-77,-68,-74,-73,-77,-52,-78,-78,-72,-79,-71,-70,-89,-79,-74
175,"(0,1)",-77,-68,-74,-72,-77,-52,-78,-78,-72,-79,-71,-70,-89,-79,-75
176,"(0,1)",-75,-68,-74,-74,-77,-52,-78,-78,-72,-79,-71,-70,-89,-79,-75
177,"(0,1)",-76,-68,-74,-74,-77,-52,-78,-78,-72,-79,-71,-70,-89,-79,-74
178,"(0,1)",-77,-68,-74,-74,-77,-52,-78,-78,-72,-78,-71,-70,-89,-79,-74
179,"(0,1)",-77,-68,-73,-75,-77,-52,-77,-78,-72,-78,-71,-70,-89,-79,-75
180,"(0,1)",-77,-68,-74,-75,-77,-52,-78,-78,-72,-79,-71,-68,-89,-79,-75
181,"(0,1)",-77,-68,-74,-74,-77,-52,-78,-78,-72,-79,-71,-68,-89,-79,-75
182,"(0,1)",-77,-68,-74,-76,-77,-52,-78,-78,-72,-79,-71,-69,-89,-79,-74
183,"(0,1)",-77,-68,-74,-76,-77,-52,-78,-78,-72,-79,-71,-69,-89,-79,-74
184,"(0,1)",-77,-68,-74,-76,-77,-52,-78,-78,-72,-79,-71,-69,-89,-79,-74
185,"(0,1)",-77,-68,-74,-76,-77,-52,-78,-78,-72,-79,-71,-69,-89,-79,-74
186,"(0,1)",-77,-68,-74,-76,-77,-52,-78,-78,-72,-79,-71,-68,-89,-79,-74
187,"(0,1)",-75,-69,-74,-75,-77,-52,-78,-78,-72,-79,-71,-68,-89,-79,-75
188,"(0,1)",-75,-69,-74,-75,-77,-52,-78,-78,-72,-79,-71,-69,-89,-79,-74
189,"(0,1)",-76,-69,-74,-76,-77,-52,-78,-78,-73,-79,-71,-69,-89,-79,-74
190,"(0,1)",-76,-69,-75,-75,-77,-52,-78,-78,-73,-79,-71,-69,-89,-79,-75
191,"(0,1)",-76,-69,-74,-74,-77,-52,-78,-78,-73,-79,-74,-68,-89,-79,-75
192,"(0,1)",-77,-69,-74,-72,-77,-52,-78,-78,-73,-79,-73,-68,-89,-79,-74
193,"(0,1)",-77,-70,-74,-75,-76,-52,-78,-78,-72,-79,-72,-68,-88,-79,-76
194,"(0,1)",-76,-70,-75,-73,-77,-52,-78,-78,-72,-79,-72,-68,-88,-79,-75
195,"(0,1)",-77,-70,-74,-73,-77,-52,-78,-78,-72,-79,-72,-71,-88,-79,-76
196,"(0,1)",-77,-70,-74,-73,-77,-52,-78,-78,-72,-79,-72,-71,-88,-79,-76
197,"(0,1)",-77,-70,-75,-73,-77,-52,-78,-78,-72,-79,-72,-69,-88,-79,-77
198,"(0,1)",-77,-70,-74,-73,-77,-52,-78,-78,-72,-79,-72,-70,-88,-79,-76
199,"(0,1)",-77,-70,-74,-74,-77,-52,-78,-78,-72,-79,-72,-69,-88,-79,-76
200,"(0,1)",-77,-70,-73,-74,-77,-52,-78,-78,-72,-79,-74,-69,-88,-79,-75
201,"(0,1)",-76,-70,-73,-73,-77,-52,-78,-82,-72,-79,-73,-69,-89,-79,-74
202,"(0,1)",-76,-70,-73,-73,-76,-52,-78,-82,-72,-79,-72,-69,-89,-79,-75
203,"(0,1)",-77,-70,-73,-73,-77,-52,-78,-82,-72,-79,-72,-70,-89,-79,-74
204,"(0,1)",-77,-70,-73,-72,-77,-52,-78,-81,-73,-79,-72,-70,-89,-79,-74
205,"(0,1)",-77,-70,-73,-72,-77,-52,-78,-80,-73,-79,-72,-70,-89,-79,-76
206,"(0,1)",-77,-70,-73,-72,-77,-52,-78,-80,-72,-79,-72,-70,-89,-79,-76
207,"(0,1)",-77,-70,-73,-73,-77,-52,-78,-80,-73,-79,-72,-69,-89,-79,-77
208,"(0,1)",-77,-70,-74,-73,-77,-52,-78,-80,-72,-79,-72,-70,-89,-79,-75
209,"(0,1)",-77,-70,-74,-73,-77,-52,-78,-79,-72,-79,-72,-69,-89,-79,-74
210,"(0,1)",-77,-70,-74,-73,-77,-52,-78,-79,-72,-79,-72,-69,-89,-79,-75
211,"(0,1)",-77,-70,-74,-73,-77,-52,-78,-79,-72,-79,-72,-69,-89,-79,-78
212,"(0,1)",-77,-70,-75,-73,-77,-52,-77,-79,-72,-79,-72,-69,-89,-79,-76
213,"(0,1)",-76,-70,-74,-74,-77,-52,-77,-79,-73,-79,-72,-69,-89,-79,-77
214,"(0,1)",-76,-70,-74,-74,-77,-52,-77,-79,-74,-79,-72,-70,-89,-79,-76
215,"(0,1)",-77,-70,-74,-74,-77,-52,-80,-79,-74,-79,-72,-69,-89,-79,-75
216,"(0,1)",-76,-70,-74,-74,-77,-52,-78,-79,-73,-78,-72,-70,-89,-79,-75
217,"(0,1)",-76,-70,-73,-73,-77,-52,-78,-79,-73,-78,-72,-70,-89,-79,-75
218,"(0,1)",-76,-70,-73,-73,-77,-52,-78,-79,-73,-78,-72,-69,-89,-79,-74
219,"(0,1)",-76,-70,-73,-75,-77,-52,-78,-79,-73,-78,-72,-68,-89,-79,-75
220,"(0,1)",-76,-70,-73,-74,-77,-52,-78,-79,-72,-78,-72,-68,-89,-79,-74
221,"(0,1)",-76,-70,-73,-74,-77,-52,-78,-79,-72,-78,-71,-69,-89,-79,-74
222,"(0,1)",-77,-70,-74,-74,-77,-52,-76,-79,-73,-78,-71,-69,-89,-79,-74
223,"(0,1)",-76,-70,-74,-74,-76,-52,-77,-79,-73,-78,-71,-68,-89,-79,-75
224,"(0,1)",-76,-70,-74,-74,-77,-52,-77,-79,-73,-77,-71,-69,-89,-79,-74
225,"(0,1)",-75,-70,-74,-73,-77,-52,-78,-79,-73,-78,-71,-69,-89,-79,-74
226,"(0,1)",-75,-70,-74,-74,-77,-52,-78,-79,-73,-78,-71,-70,-89,-79,-75
227,"(0,1)",-74,-70,-74,-75,-77,-52,-78,-79,-73,-78,-71,-71,-89,-79,-75
228,"(0,1)",-74,-70,-74,-75,-77,-52,-78,-79,-73,-78,-71,-71,-89,-79,-74
229,"(0,1)",-75,-70,-74,-75,-77,-52,-78,-79,-73,-78,-71,-71,-89,-79,-74
230,"(0,1)",-76,-70,-74,-74,-77,-52,-78,-79,-73,-78,-71,-70,-89,-79,-74
231,"(0,1)",-76,-70,-74,-74,-77,-52,-78,-79,-74,-78,-72,-70,-89,-79,-74
232,"(0,1)",-77,-70,-73,-74,-77,-52,-78,-79,-73,-78,-72,-70,-89,-79,-74
233,"(0,1)",-77,-70,-73,-74,-77,-52,-78,-79,-74,-79,-72,-70,-89,-79,-74
234,"(0,1)",-76,-70,-73,-75,-76,-52,-78,-79,-74,-79,-72,-69,-89,-79,-74
235,"(0,1)",-75,-70,-75,-74,-76,-52,-78,-79,-74,-79,-72,-69,-89,-79,-74
236,"(0,1)",-74,-70,-75,-72,-77,-52,-78,-79,-74,-79,-72,-69,-89,-79,-74
237,"(0,1)",-75,-70,-74,-73,-77,-52,-78,-79,-74,-79,-72,-69,-89,-79,-75
238,"(0,1)",-75,-70,-74,-74,-77,-52,-78,-78,-74,-79,-72,-68,-89,-79,-75
239,"(0,1)",-76,-70,-74,-74,-77,-52,-78,-78,-74,-79,-72,-69,-89,-79,-75
240,"(0,1)",-77,-70,-75,-75,-77,-52,-78,-79,-73,-79,-72,-69,-89,-79,-74
241,"(0,1)",-76,-70,-74,-75,-77,-52,-78,-79,-73,-79,-72,-70,-89,-79,-74
242,"(0,1)",-77,-70,-74,-74,-77,-52,-78,-79,-73,-79,-72,-70,-89,-79,-74
243,"(0,1)",-77,-70,-74,-75,-77,-52,-78,-79,-73,-79,-72,-70,-89,-79,-75
244,"(0,1)",-77,-70,-74,-74,-76,-52,-78,-79,-73,-79,-72,-70,-89,-79,-74
245,"(0,1)",-77,-69,-74,-74,-77,-52,-78,-79,-74,-79,-72,-70,-89,-79,-74
246,"(0,1)",-77,-69,-74,-74,-77,-52,-78,-79,-73,-79,-72,-69,-89,-79,-75
247,"(0,1)",-77,-69,-75,-74,-77,-52,-78,-79,-73,-79,-72,-69,-89,-79,-75
248,"(0,1)",-77,-69,-74,-74,-76,-52,-78,-79,-72,-79,-72,-70,-89,-79,-74
249,"(0,1)",-77,-69,-74,-74,-76,-52,-78,-79,-72,-79,-72,-70,-89,-79,-74
250,"(0,1)",-77,-69,-74,-74,-77,-52,-77,-79,-72,-79,-72,-70,-89,-79,-74
251,"(0,1)",-77,-69,-74,-74,-77,-52,-78,-79,-72,-79,-72,-70,-89,-79,-74
252,"(0,1)",-77,-69,-73,-74,-77,-52,-78,-79,-72,-79,-72,-70,-89,-79,-74
253,"(0,1)",-77,-69,-74,-73,-77,-52,-78,-79,-72,-79,-72,-70,-89,-79,-76
254,"(0,1)",-76,-69,-74,-73,-77,-52,-77,-79,-72,-79,-72,-71,-89,-79,-74
255,"(0,1)",-76,-69,-74,-73,-77,-52,-77,-79,-73,-79,-72,-71,-89,-79,-74
256,"(0,1)",-77,-69,-74,-74,-76,-52,-77,-79,-73,-78,-72,-71,-89,-79,-74
257,"(0,1)",-77,-69,-74,-74,-75,-52,-77,-79,-73,-79,-72,-70,-89,-79,-74
258,"(0,1)",-76,-69,-74,-74,-75,-52,-77,-79,-72,-79,-71,-68,-90,-79,-73
259,"(0,1)",-77,-69,-74,-74,-76,-52,-78,-79,-73,-79,-71,-68,-90,-79,-73
260,"(0,1)",-77,-69,-74,-74,-77,-52,-78,-79,-73,-74,-71,-68,-90,-79,-75
261,"(0,1)",-76,-69,-74,-74,-77,-52,-78,-79,-73,-74,-71,-68,-90,-79,-76
262,"(0,1)",-76,-69,-74,-74,-77,-52,-78,-78,-72,-76,-71,-69,-90,-79,-75
263,"(0,1)",-76,-69,-74,-73,-77,-52,-78,-78,-72,-76,-71,-69,-89,-79,-75
264,"(0,1)",-76,-69,-75,-73,-77,-52,-78,-78,-72,-78,-71,-69,-89,-79,-74
265,"(0,1)",-76,-69,-74,-74,-77,-52,-78,-78,-72,-78,-71,-69,-89,-79,-74
266,"(0,1)",-77,-69,-74,-73,-77,-52,-78,-78,-72,-78,-71,-70,-89,-79,-74
267,"(0,1)",-77,-69,-73,-73,-77,-52,-78,-78,-72,-79,-71,-69,-89,-79,-74
268,"(0,1)",-76,-68,-73,-73,-77,-52,-78,-78,-73,-79,-71,-69,-89,-79,-74
269,"(0,1)",-76,-68,-73,-73,-77,-52,-78,-78,-74,-79,-71,-70,-89,-79,-74
270,"(0,1)",-76,-68,-73,-73,-77,-52,-78,-78,-73,-79,-71,-70,-89,-79,-75
271,"(0,1)",-76,-68,-73,-72,-77,-52,-78,-78,-73,-79,-71,-69,-89,-79,-74
272,"(0,1)",-76,-68,-73,-72,-77,-52,-78,-78,-73,-79,-71,-70,-89,-79,-74
273,"(0,1)",-76,-68,-73,-72,-77,-52,-78,-78,-72,-79,-71,-71,-89,-79,-75
274,"(0,1)",-77,-68,-73,-73,-77,-52,-78,-78,-72,-79,-71,-70,-89,-79,-74
275,"(0,1)",-77,-68,-73,-74,-77,-52,-77,-78,-72,-79,-71,-70,-89,-79,-74
276,"(0,1)",-77,-68,-73,-74,-77,-52,-77,-78,-72,-79,-71,-69,-89,-79,-74
277,"(0,1)",-77,-68,-73,-74,-77,-52,-78,-78,-72,-79,-71,-70,-89,-79,-75
278,"(0,1)",-77,-68,-74,-74,-77,-52,-78,-78,-72,-79,-71,-71,-89,-79,-74
279,"(0,1)",-77,-68,-74,-74,-77,-52,-77,-78,-73,-79,-71,-70,-89,-79,-74
280,"(0,1)",-77,-69,-74,-74,-77,-52,-77,-78,-72,-79,-71,-71,-89,-79,-74
281,"(0,1)",-77,-69,-74,-74,-77,-52,-77,-78,-72,-79,-71,-70,-91,-79,-75
282,"(0,1)",-77,-69,-74,-74,-76,-52,-77,-78,-72,-79,-71,-70,-91,-79,-74
283,"(0,1)",-77,-69,-74,-74,-76,-52,-77,-78,-72,-79,-71,-69,-89,-79,-75
284,"(0,1)",-77,-69,-74,-74,-77,-52,-77,-78,-72,-79,-71,-71,-89,-79,-74
285,"(0,1)",-77,-69,-74,-74,-77,-52,-77,-77,-72,-79,-71,-71,-89,-79,-75
286,"(0,1)",-76,-68,-74,-74,-77,-52,-77,-78,-72,-79,-71,-70,-89,-79,-75
287,"(0,1)",-76,-68,-74,-74,-77,-52,-78,-78,-72,-79,-71,-70,-89,-79,-75
288,"(0,1)",-76,-68,-74,-74,-77,-52,-78,-78,-72,-79,-71,-71,-89,-79,-74
289,"(0,1)",-76,-68,-74,-77,-52,-78,-78,-72,-79,-71,-69,-89,-79,-74,-77
290,"(0,1)",-76,-68,-74,-77,-52,-78,-78,-72,-79,-71,-69,-89,-79,-74,-77
291,"(0,1)",-76,-68,-74,-77,-52,-78,-78,-72,-79,-71,-70,-89,-79,-75,-77
292,"(0,1)",-75,-68,-73,-77,-52,-78,-78,-73,-79,-71,-70,-89,-79,-74,-77
293,"(0,1)",-75,-68,-73,-77,-52,-78,-78,-72,-79,-71,-70,-89,-78,-74,-77
294,"(0,1)",-75,-68,-74,-76,-52,-78,-78,-72,-79,-71,-69,-89,-78,-74,-77
295,"(0,1)",-75,-68,-74,-77,-52,-78,-78,-72,-79,-71,-70,-89,-78,-74,-77
296,"(0,1)",-75,-68,-73,-77,-52,-78,-78,-72,-82,-72,-70,-89,-78,-74,-77
297,"(0,1)",-76,-68,-73,-77,-52,-77,-78,-72,-80,-72,-70,-89,-78,-74,-76
298,"(0,1)",-76,-68,-75,-77,-52,-78,-78,-72,-79,-72,-70,-89,-78,-74,-77
299,"(0,1)",-76,-68,-75,-77,-52,-78,-78,-72,-79,-73,-69,-89,-78,-74,-77
300,"(0,1)",-76,-68,-74,-77,-52,-78,-78,-72,-79,-72,-69,-89,-78,-74,-76
301,"(0,1)",-76,-68,-74,-77,-52,-78,-78,-72,-79,-72,-68,-89,-78,-74,-77
302,"(0,1)",-76,-68,-74,-77,-52,-78,-78,-72,-79,-72,-70,-89,-78,-74,-77
303,"(0,1)",-76,-69,-74,-77,-52,-78,-77,-72,-79,-72,-70,-89,-78,-74,-77
304,"(0,1)",-76,-69,-73,-77,-52,-78,-77,-72,-79,-72,-70,-89,-78,-74,-77
305,"(0,1)",-76,-69,-73,-77,-52,-78,-77,-72,-79,-72,-68,-89,-78,-74,-77
306,"(0,1)",-76,-69,-73,-77,-52,-78,-77,-73,-79,-72,-70,-89,-78,-74,-77
307,"(0,1)",-76,-69,-73,-77,-52,-78,-77,-73,-79,-72,-70,-89,-78,-75,-77
308,"(0,1)",-76,-69,-73,-77,-52,-78,-77,-73,-79,-72,-71,-89,-78,-75,-77
309,"(0,1)",-77,-69,-73,-77,-52,-78,-78,-73,-79,-72,-70,-89,-78,-75,-77
310,"(0,1)",-76,-69,-73,-77,-52,-78,-78,-73,-79,-72,-70,-89,-78,-75,-77
311,"(0,1)",-76,-69,-72,-77,-52,-78,-78,-73,-79,-72,-70,-89,-78,-74,-77
312,"(0,1)",-77,-69,-72,-77,-52,-78,-78,-73,-79,-72,-69,-90,-78,-74,-77
313,"(0,1)",-77,-69,-72,-76,-52,-78,-78,-73,-79,-72,-70,-90,-78,-75,-77
314,"(0,1)",-77,-69,-72,-76,-52,-78,-78,-73,-79,-72,-70,-90,-78,-75,-77
315,"(0,1)",-77,-69,-72,-77,-52,-78,-78,-73,-79,-72,-69,-90,-78,-75,-77
316,"(0,1)",-77,-69,-72,-77,-52,-78,-78,-73,-79,-72,-69,-91,-78,-74,-78
317,"(0,1)",-77,-69,-72,-77,-52,-78,-78,-73,-79,-72,-69,-91,-78,-74,-78
318,"(0,1)",-75,-69,-72,-77,-52,-78,-78,-73,-81,-72,-69,-91,-78,-74,-78
319,"(0,1)",-76,-69,-72,-77,-52,-78,-78,-73,-80,-72,-70,-91,-78,-74,-78
320,"(0,1)",-76,-69,-72,-77,-52,-78,-78,-72,-80,-72,-69,-91,-78,-76,-78
321,"(0,1)",-77,-69,-72,-77,-52,-78,-78,-72,-80,-72,-69,-90,-78,-75,-78
322,"(0,1)",-77,-69,-73,-77,-52,-78,-78,-72,-80,-72,-70,-90,-78,-76,-78
323,"(0,1)",-76,-69,-73,-77,-52,-78,-78,-72,-80,-72,-70,-90,-78,-76,-78
324,"(0,1)",-76,-68,-73,-77,-52,-78,-78,-72,-80,-72,-69,-90,-78,-76,-78
325,"(0,1)",-76,-68,-73,-77,-52,-78,-78,-73,-79,-72,-69,-90,-78,-76,-78
326,"(0,1)",-77,-68,-73,-77,-52,-78,-78,-73,-79,-72,-69,-89,-78,-76,-78
327,"(0,1)",-77,-68,-74,-77,-52,-78,-78,-72,-79,-72,-70,-89,-78,-76,-78
328,"(0,1)",-76,-68,-74,-77,-52,-77,-78,-72,-79,-72,-70,-89,-78,-76,-78
329,"(0,1)",-76,-68,-74,-77,-52,-77,-78,-72,-79,-72,-69,-89,-78,-76,-78
330,"(0,1)",-75,-68,-73,-77,-52,-77,-78,-72,-79,-72,-69,-89,-78,-75,-78
331,"(0,1)",-75,-69,-73,-77,-52,-78,-80,-73,-79,-72,-70,-89,-78,-77,-78
332,"(0,1)",-76,-69,-73,-77,-52,-78,-80,-73,-79,-72,-70,-91,-78,-77,-78
333,"(0,1)",-75,-69,-73,-76,-52,-78,-79,-73,-79,-72,-70,-91,-78,-76,-78
334,"(0,1)",-75,-69,-73,-77,-52,-79,-79,-73,-79,-72,-70,-92,-78,-77,-78
335,"(0,1)",-75,-69,-74,-76,-52,-79,-79,-74,-79,-72,-70,-91,-78,-75,-78
336,"(0,1)",-77,-69,-74,-76,-52,-79,-79,-73,-79,-72,-70,-91,-78,-75,-78
337,"(0,1)",-76,-69,-74,-76,-52,-78,-78,-73,-79,-72,-70,-91,-78,-74,-78
338,"(0,1)",-76,-69,-74,-76,-53,-78,-78,-73,-79,-72,-70,-91,-78,-74,-78
339,"(0,1)",-76,-68,-74,-77,-52,-78,-78,-75,-79,-72,-70,-91,-78,-74,-78
340,"(0,1)",-76,-68,-74,-77,-52,-78,-78,-74,-79,-72,-70,-91,-78,-74,-78
341,"(0,1)",-76,-68,-74,-77,-52,-78,-78,-73,-79,-72,-70,-91,-78,-74,-78
342,"(0,1)",-76,-68,-75,-77,-52,-77,-78,-73,-79,-72,-69,-92,-78,-74,-78
343,"(0,1)",-76,-68,-74,-77,-52,-78,-78,-73,-79,-72,-69,-92,-78,-75,-78
344,"(0,1)",-77,-68,-74,-77,-52,-77,-77,-73,-79,-72,-69,-91,-78,-75,-78
345,"(0,1)",-76,-68,-74,-77,-52,-77,-77,-73,-79,-72,-70,-91,-78,-75,-78
346,"(0,1)",-76,-68,-74,-77,-52,-77,-77,-72,-79,-72,-71,-91,-78,-74,-78
347,"(0,1)",-75,-68,-74,-77,-52,-77,-78,-72,-79,-72,-70,-91,-78,-74,-78
348,"(0,1)",-76,-68,-74,-77,-52,-77,-78,-72,-79,-72,-70,-91,-78,-75,-78
349,"(0,1)",-76,-68,-74,-77,-52,-78,-78,-72,-79,-72,-69,-91,-78,-74,-78
350,"(0,1)",-76,-68,-75,-77,-52,-77,-77,-72,-79,-72,-70,-91,-78,-75,-78
351,"(0,1)",-75,-68,-74,-77,-52,-77,-78,-73,-79,-72,-70,-91,-78,-77,-78
352,"(0,1)",-76,-69,-74,-76,-52,-77,-78,-73,-79,-72,-69,-91,-78,-76,-78
353,"(0,1)",-76,-69,-74,-77,-52,-77,-78,-74,-79,-72,-70,-90,-78,-77,-78
354,"(0,1)",-76,-69,-74,-77,-52,-77,-77,-73,-79,-72,-69,-90,-78,-78,-78
355,"(0,1)",-77,-69,-74,-77,-52,-78,-77,-73,-79,-72,-70,-90,-78,-78,-78
356,"(0,1)",-77,-69,-74,-77,-52,-77,-77,-73,-79,-72,-70,-90,-78,-78,-78
357,"(0,1)",-77,-69,-74,-77,-52,-77,-77,-73,-79,-72,-70,-90,-78,-77,-78
358,"(0,1)",-77,-69,-74,-77,-52,-77,-76,-74,-79,-72,-70,-90,-78,-77,-78
359,"(0,1)",-77,-69,-74,-77,-52,-78,-77,-73,-79,-72,-69,-90,-78,-77,-78
360,"(0,1)",-76,-69,-74,-77,-52,-78,-77,-73,-79,-72,-69,-90,-78,-75,-78
361,"(0,1)",-76,-69,-73,-77,-52,-78,-77,-73,-79,-72,-70,-90,-78,-74,-78
362,"(0,1)",-76,-69,-74,-77,-52,-77,-78,-72,-79,-72,-70,-90,-78,-75,-77
363,"(0,1)",-77,-69,-73,-77,-52,-77,-78,-72,-79,-72,-70,-89,-78,-75,-78
364,"(0,1)",-77,-69,-73,-77,-52,-78,-78,-72,-79,-72,-70,-89,-78,-74,-78
365,"(0,1)",-77,-69,-73,-77,-52,-78,-78,-72,-79,-72,-69,-89,-78,-75,-78
366,"(0,1)",-77,-69,-73,-77,-52,-78,-78,-73,-79,-72,-68,-89,-78,-75,-78
367,"(0,1)",-77,-69,-73,-75,-52,-78,-78,-73,-79,-72,-69,-89,-78,-75,-78
368,"(0,1)",-77,-70,-73,-77,-52,-78,-78,-72,-79,-72,-70,-87,-78,-76,-78
369,"(0,1)",-77,-70,-73,-77,-52,-78,-78,-72,-79,-72,-70,-88,-78,-75,-78
370,"(0,1)",-77,-70,-73,-77,-52,-78,-78,-72,-79,-72,-71,-88,-78,-75,-78
371,"(0,1)",-76,-70,-73,-77,-52,-78,-78,-72,-79,-72,-70,-88,-78,-75,-78
372,"(0,1)",-76,-70,-73,-77,-52,-78,-78,-72,-79,-72,-70,-88,-78,-74,-78
373,"(0,1)",-76,-70,-73,-77,-52,-78,-78,-72,-79,-72,-70,-88,-78,-74,-78
374,"(0,1)",-76,-70,-73,-77,-52,-78,-78,-72,-79,-72,-69,-87,-78,-74,-78
375,"(0,1)",-77,-70,-73,-77,-52,-78,-78,-72,-79,-72,-70,-87,-78,-74,-78
376,"(0,1)",-76,-70,-73,-77,-52,-78,-78,-72,-79,-72,-70,-87,-78,-74,-78
377,"(0,1)",-76,-69,-73,-77,-52,-77,-78,-72,-79,-72,-70,-88,-78,-74,-78
378,"(0,1)",-77,-69,-73,-77,-52,-77,-78,-72,-79,-72,-70,-88,-78,-75,-78
379,"(0,1)",-77,-69,-73,-77,-52,-78,-78,-72,-79,-72,-70,-88,-78,-75,-78
380,"(0,1)",-77,-69,-73,-77,-52,-78,-78,-72,-79,-72,-70,-88,-78,-76,-78
381,"(0,1)",-77,-69,-73,-77,-52,-78,-78,-72,-79,-72,-70,-88,-78,-76,-78
382,"(0,1)",-77,-69,-72,-77,-52,-78,-78,-72,-79,-72,-69,-88,-79,-74,-78
383,"(0,1)",-75,-69,-73,-77,-52,-78,-78,-72,-79,-72,-69,-88,-79,-75,-78
384,"(0,1)",-76,-69,-73,-77,-52,-78,-78,-72,-79,-72,-69,-88,-79,-76,-78
385,"(0,1)",-76,-69,-73,-76,-52,-78,-78,-72,-79,-72,-69,-88,-79,-76,-78
386,"(0,1)",-76,-69,-73,-76,-52,-78,-78,-72,-79,-72,-69,-88,-79,-76,-78
387,"(0,1)",-77,-69,-73,-76,-52,-78,-78,-72,-79,-72,-70,-88,-79,-75,-78
388,"(0,1)",-77,-69,-73,-76,-52,-78,-78,-72,-79,-72,-70,-88,-79,-75,-78
389,"(0,1)",-77,-69,-75,-77,-52,-78,-78,-72,-79,-72,-70,-88,-79,-76,-78
390,"(0,1)",-77,-69,-74,-77,-52,-78,-78,-72,-79,-72,-70,-88,-79,-76,-78
391,"(0,1)",-77,-68,-74,-77,-52,-78,-78,-72,-79,-72,-69,-88,-79,-75,-78
392,"(0,1)",-77,-68,-74,-77,-52,-78,-78,-72,-78,-72,-69,-89,-79,-74,-78
393,"(0,1)",-77,-68,-74,-77,-52,-78,-78,-72,-78,-75,-68,-89,-79,-74,-78
394,"(0,1)",-76,-68,-74,-77,-52,-78,-78,-72,-78,-73,-67,-89,-79,-75,-78
395,"(0,1)",-76,-68,-74,-77,-52,-78,-78,-72,-78,-73,-68,-89,-79,-77,-78
396,"(0,1)",-77,-68,-74,-77,-52,-78,-78,-72,-78,-73,-68,-89,-79,-75,-78
397,"(0,1)",-77,-68,-74,-77,-52,-78,-78,-72,-78,-73,-68,-89,-79,-76,-78
398,"(0,1)",-77,-68,-75,-77,-52,-78,-78,-73,-78,-73,-69,-89,-79,-77,-78
399,"(0,1)",-77,-68,-75,-77,-52,-78,-78,-72,-78,-73,-69,-89,-79,-77,-78
400,"(0,1)",-77,-68,-74,-77,-52,-78,-78,-73,-78,-73,-69,-89,-79,-75,-78
401,"(0,1)",-76,-68,-74,-77,-52,-78,-78,-73,-78,-73,-69,-89,-79,-75,-78
402,"(0,1)",-76,-68,-74,-77,-52,-78,-78,-73,-79,-73,-68,-89,-79,-75,-78
403,"(0,1)",-76,-68,-75,-77,-52,-78,-77,-72,-79,-72,-69,-89,-79,-75,-78
404,"(0,1)",-76,-68,-75,-77,-52,-78,-78,-72,-79,-72,-69,-89,-79,-74,-78
405,"(0,1)",-77,-68,-74,-77,-52,-77,-78,-72,-79,-72,-69,-89,-79,-75,-78
406,"(0,1)",-77,-68,-74,-77,-52,-77,-78,-72,-79,-72,-69,-89,-79,-74,-78
407,"(0,1)",-77,-68,-74,-77,-52,-78,-78,-72,-79,-72,-73,-89,-79,-75,-78
408,"(0,1)",-77,-68,-74,-77,-52,-78,-78,-72,-79,-72,-72,-89,-79,-75,-78
409,"(0,1)",-77,-68,-75,-77,-52,-82,-78,-72,-79,-72,-72,-89,-79,-76,-78
410,"(0,1)",-77,-68,-74,-77,-52,-82,-78,-72,-79,-72,-70,-89,-79,-75,-78
411,"(0,1)",-77,-68,-74,-77,-52,-81,-78,-72,-79,-72,-70,-89,-79,-75,-78
412,"(0,1)",-78,-68,-74,-77,-52,-80,-77,-72,-79,-72,-70,-89,-79,-76,-78
413,"(0,1)",-78,-68,-74,-77,-52,-79,-77,-72,-79,-72,-69,-89,-79,-76,-78
414,"(0,1)",-75,-68,-74,-77,-52,-79,-77,-72,-79,-72,-69,-90,-79,-74,-78
415,"(0,1)",-76,-68,-74,-77,-52,-79,-77,-72,-79,-72,-69,-90,-79,-74,-78
416,"(0,1)",-76,-68,-75,-77,-52,-79,-77,-72,-79,-72,-68,-90,-79,-75,-78
417,"(0,1)",-76,-68,-74,-77,-52,-79,-78,-72,-79,-72,-68,-90,-79,-75,-78
418,"(0,1)",-76,-68,-74,-77,-52,-79,-78,-72,-79,-72,-69,-90,-79,-74,-79
419,"(0,1)",-77,-68,-74,-77,-52,-79,-78,-72,-79,-72,-69,-91,-79,-74,-79
420,"(0,1)",-77,-68,-74,-77,-52,-79,-78,-72,-79,-72,-69,-91,-79,-75,-79
421,"(0,1)",-77,-69,-74,-77,-52,-79,-78,-72,-79,-72,-69,-91,-79,-74,-79
422,"(0,1)",-77,-68,-73,-77,-52,-79,-77,-73,-79,-72,-68,-91,-79,-75,-79
423,"(0,1)",-77,-68,-73,-77,-52,-79,-77,-73,-79,-72,-69,-91,-79,-75,-79
424,"(0,1)",-77,-68,-73,-77,-52,-79,-78,-73,-79,-72,-69,-91,-79,-75,-79
425,"(0,1)",-76,-68,-73,-77,-52,-79,-78,-72,-79,-72,-68,-91,-79,-75,-79
426,"(0,1)",-76,-68,-72,-77,-52,-79,-78,-72,-79,-72,-69,-91,-79,-74,-79
427,"(0,1)",-76,-68,-72,-77,-52,-78,-78,-72,-79,-72,-70,-91,-79,-74,-79
428,"(0,1)",-77,-68,-72,-77,-52,-78,-77,-72,-79,-72,-69,-91,-79,-74,-79
429,"(0,1)",-77,-68,-72,-77,-52,-78,-77,-72,-79,-72,-69,-91,-79,-74,-79
430,"(0,1)",-77,-68,-72,-77,-52,-78,-77,-72,-79,-72,-69,-91,-79,-74,-78
431,"(0,1)",-76,-68,-72,-76,-52,-78,-77,-72,-79,-72,-68,-91,-79,-74,-78
432,"(0,1)",-76,-68,-72,-77,-52,-77,-77,-72,-79,-72,-69,-91,-79,-74,-78
433,"(0,1)",-76,-68,-72,-77,-52,-77,-77,-72,-79,-72,-71,-91,-79,-74,-78
434,"(0,1)",-76,-68,-72,-77,-52,-77,-77,-72,-79,-72,-71,-91,-79,-74,-78
435,"(0,1)",-77,-68,-72,-77,-55,-77,-77,-72,-79,-72,-70,-91,-79,-74,-78
436,"(0,1)",-76,-68,-72,-77,-54,-77,-77,-72,-79,-72,-70,-91,-79,-74,-78
437,"(0,1)",-76,-68,-72,-78,-53,-77,-78,-73,-79,-72,-70,-91,-79,-73,-78
438,"(0,1)",-77,-68,-72,-78,-52,-78,-78,-73,-79,-72,-69,-91,-79,-73,-78
439,"(0,1)",-77,-68,-72,-77,-52,-78,-78,-74,-79,-72,-68,-91,-79,-74,-78
440,"(0,1)",-77,-68,-72,-77,-52,-78,-78,-74,-79,-72,-69,-90,-79,-74,-78
441,"(0,1)",-77,-68,-73,-77,-52,-78,-78,-74,-79,-72,-69,-90,-79,-74,-77
442,"(0,1)",-77,-68,-73,-77,-52,-78,-77,-74,-79,-72,-70,-90,-79,-74,-77
443,"(0,1)",-77,-68,-75,-77,-52,-78,-77,-73,-79,-72,-69,-90,-79,-75,-76
444,"(0,1)",-77,-68,-74,-77,-52,-78,-77,-73,-79,-72,-69,-90,-79,-74,-76
445,"(0,1)",-77,-68,-74,-77,-52,-78,-77,-72,-79,-72,-70,-90,-79,-75,-77
446,"(0,1)",-74,-68,-74,-77,-52,-78,-78,-72,-79,-72,-70,-90,-79,-74,-77
447,"(0,1)",-75,-68,-74,-77,-52,-78,-78,-72,-79,-72,-69,-90,-79,-74,-77
448,"(0,1)",-74,-68,-75,-77,-52,-79,-78,-72,-79,-72,-70,-90,-79,-76,-77
449,"(0,1)",-75,-68,-74,-77,-52,-79,-78,-72,-79,-72,-70,-90,-79,-75,-77
450,"(0,1)",-75,-68,-74,-77,-52,-79,-78,-72,-79,-72,-71,-90,-79,-75,-77
451,"(0,1)",-74,-68,-74,-77,-52,-79,-78,-73,-79,-72,-70,-90,-79,-74,-77
452,"(0,1)",-75,-68,-74,-77,-52,-79,-78,-73,-79,-72,-69,-90,-79,-74,-77
453,"(0,1)",-75,-68,-74,-76,-52,-79,-78,-73,-78,-72,-70,-90,-79,-74,-77
454,"(0,1)",-75,-68,-74,-76,-52,-79,-78,-74,-78,-72,-69,-90,-79,-74,-77
455,"(0,1)",-76,-68,-74,-77,-52,-79,-77,-74,-79,-72,-70,-89,-79,-74,-77
456,"(0,1)",-77,-68,-74,-77,-52,-78,-77,-73,-79,-72,-70,-89,-79,-73,-77
457,"(0,1)",-77,-68,-74,-77,-52,-78,-78,-73,-79,-72,-70,-89,-79,-73,-77
458,"(0,1)",-75,-68,-73,-77,-52,-78,-78,-73,-79,-72,-70,-89,-79,-74,-77
459,"(0,1)",-75,-68,-73,-77,-52,-78,-78,-73,-79,-72,-70,-89,-79,-75,-77
460,"(0,1)",-76,-68,-73,-77,-52,-78,-78,-73,-79,-72,-69,-89,-79,-74,-77
461,"(0,1)",-76,-68,-73,-77,-52,-78,-78,-72,-79,-72,-69,-89,-79,-74,-77
462,"(0,1)",-76,-68,-73,-77,-52,-78,-78,-72,-79,-72,-69,-89,-79,-74,-77
463,"(0,1)",-76,-68,-73,-76,-52,-78,-78,-72,-79,-72,-69,-89,-79,-74,-77
464,"(0,1)",-77,-68,-73,-77,-56,-78,-78,-72,-79,-72,-70,-89,-79,-74,-77
465,"(0,1)",-77,-68,-73,-77,-54,-78,-79,-72,-79,-72,-70,-89,-79,-74,-77
466,"(0,1)",-77,-68,-73,-77,-53,-78,-79,-72,-79,-72,-69,-90,-79,-74,-77
467,"(0,1)",-77,-68,-73,-77,-52,-78,-79,-72,-79,-72,-69,-90,-79,-74,-77
468,"(0,1)",-77,-68,-73,-77,-52,-78,-79,-72,-79,-72,-68,-90,-79,-74,-77
469,"(0,1)",-76,-68,-73,-77,-52,-78,-79,-72,-79,-72,-67,-90,-79,-74,-77
470,"(0,1)",-76,-68,-74,-77,-52,-78,-79,-72,-79,-72,-68,-90,-79,-74,-79
471,"(0,1)",-76,-68,-75,-77,-52,-78,-79,-72,-79,-72,-68,-90,-79,-74,-79
472,"(0,1)",-77,-68,-74,-77,-52,-78,-79,-72,-79,-72,-68,-90,-79,-74,-79
473,"(0,1)",-77,-68,-74,-77,-52,-78,-79,-72,-79,-72,-68,-90,-79,-74,-79
474,"(0,1)",-77,-68,-75,-77,-52,-78,-79,-72,-79,-72,-68,-90,-79,-74,-79
475,"(0,1)",-77,-68,-75,-77,-52,-78,-79,-74,-79,-72,-69,-90,-79,-74,-79
476,"(0,1)",-77,-68,-75,-77,-52,-78,-79,-74,-79,-72,-69,-90,-79,-75,-79
477,"(0,1)",-77,-68,-73,-77,-52,-78,-78,-73,-79,-72,-70,-90,-79,-74,-79
478,"(0,1)",-77,-68,-74,-77,-52,-78,-78,-73,-79,-72,-69,-90,-79,-74,-79
479,"(0,1)",-77,-68,-74,-77,-52,-79,-78,-73,-79,-72,-70,-90,-79,-74,-79
480,"(0,1)",-77,-68,-75,-77,-52,-79,-78,-72,-79,-72,-70,-90,-79,-74,-79
481,"(0,1)",-77,-68,-75,-77,-52,-79,-78,-72,-79,-72,-69,-90,-79,-74,-79
482,"(0,1)",-76,-68,-74,-77,-52,-79,-78,-72,-79,-72,-69,-90,-79,-74,-79
483,"(0,1)",-76,-68,-74,-77,-52,-79,-78,-72,-79,-72,-70,-90,-79,-75,-79
484,"(0,1)",-77,-68,-74,-77,-52,-79,-78,-72,-79,-72,-70,-90,-79,-74,-79
485,"(0,1)",-77,-68,-73,-77,-52,-79,-78,-72,-79,-72,-70,-90,-79,-75,-79
486,"(0,1)",-77,-68,-73,-77,-52,-79,-78,-72,-79,-72,-72,-90,-79,-75,-79
487,"(0,1)",-77,-68,-73,-77,-52,-79,-78,-72,-79,-72,-70,-90,-79,-74,-79
488,"(0,1)",-77,-68,-73,-77,-52,-79,-78,-72,-79,-71,-70,-90,-79,-74,-79
489,"(0,1)",-77,-68,-74,-76,-52,-79,-78,-72,-79,-71,-69,-90,-79,-74,-79
490,"(0,1)",-76,-68,-74,-77,-52,-79,-78,-72,-79,-71,-70,-90,-79,-74,-79
491,"(0,1)",-76,-68,-74,-77,-52,-79,-78,-72,-79,-71,-69,-90,-79,-74,-78
492,"(0,1)",-76,-68,-74,-77,-52,-79,-78,-72,-79,-72,-69,-90,-79,-74,-78
493,"(0,1)",-76,-68,-74,-77,-52,-78,-78,-72,-79,-72,-68,-90,-79,-74,-77
494,"(0,1)",-77,-68,-74,-77,-52,-78,-78,-72,-79,-72,-70,-90,-79,-74,-77
495,"(0,1)",-77,-68,-74,-76,-52,-78,-78,-72,-79,-72,-70,-89,-79,-75,-77
496,"(0,1)",-75,-68,-74,-77,-52,-78,-78,-72,-79,-72,-70,-89,-79,-74,-77
497,"(0,1)",-76,-68,-74,-77,-52,-78,-78,-72,-79,-72,-69,-89,-79,-74,-76
498,"(0,1)",-76,-68,-74,-77,-52,-78,-78,-72,-79,-72,-69,-89,-79,-74,-76
499,"(0,1)",-76,-68,-74,-77,-52,-78,-78,-72,-79,-72,-68,-89,-79,-74,-77
