,"X,Y","""Convertidores Estaticos""
20:AA:4B:AE:FD:0A","""Lab ERNC""
00:90:4C:91:00:03","""Ing. Civil Telecomunicaciones""
00:1E:E5:7B:E0:BE","""CE5CFB""
98:FC:11:E2:A6:A5","""Lab Sistemas Electronicos""
68:FF:7B:47:9E:A1","""Lab Energias Renovables""
F4:EC:38:D2:09:78","""Vibraciones""
50:C7:BF:DD:C3:B3","""FabLab""
AC:84:C6:3E:EF:51","""Lab Energia Renovable 2""
98:FC:11:54:32:53","""Microondas""
48:F8:B3:22:4D:4B","""AP_1612927617""
BC:54:F9:FC:7F:60","""Eduescob1""
68:FF:7B:1D:44:01","""Laboratorio de Redes""
48:F8:B3:22:4C:FA","""Docentes FI""
0E:18:D6:CB:01:A4","""linksys""
00:25:9C:98:4B:7D","""UdeC""
84:D4:7E:29:3E:80","""Baxter""
EC:22:80:F3:EB:EA","""Sala Dise\xC3\xB1o""
0A:18:D6:CB:01:A4","""Lab 212""
00:23:CD:18:65:9C","""eduroam""
84:D4:7E:29:3C:E2"
0,"(1,2)",-63,-65,-51,-69,-57,-61,-73,-67,-67,-61,-69,-75,-35,-65,-81,-63,-65,-67,-77,-83
1,"(1,2)",-63,-65,-51,-67,-55,-61,-69,-67,-67,-61,-69,-85,-35,-65,-81,-63,-65,-67,-77,-81
2,"(1,2)",-65,-65,-51,-69,-57,-61,-73,-75,-67,-61,-75,-79,-37,-67,-81,-63,-67,-67,-77,-81
3,"(1,2)",-63,-61,-61,-63,-55,-61,-73,-73,-69,-61,-75,-81,-35,-67,-75,-63,-67,-67,-77,-81
4,"(1,2)",-65,-65,-51,-65,-57,-61,-73,-75,-69,-61,-75,-81,-35,-67,-81,-63,-65,-67,-77,-81
5,"(1,2)",-63,-61,-51,-71,-57,-61,-69,-75,-69,-57,-69,-81,-37,-63,-83,-59,-65,-67,-77,-81
6,"(1,2)",-65,-59,-51,-71,-57,-61,-69,-75,-69,-67,-73,-79,-37,-67,-83,-59,-67,-67,-77,-81
7,"(1,2)",-65,-69,-51,-69,-57,-61,-65,-73,-69,-65,-71,-83,-37,-67,-83,-59,-67,-63,-77,-81
8,"(1,2)",-65,-69,-51,-69,-57,-63,-73,-67,-67,-57,-71,-81,-37,-67,-83,-63,-65,-63,-77,-81
9,"(1,2)",-65,-65,-51,-69,-57,-61,-73,-73,-67,-63,-71,-81,-37,-67,-81,-63,-67,-57,-77,-81
10,"(1,2)",-65,-65,-51,-69,-51,-59,-65,-71,-67,-55,-73,-89,-37,-63,-77,-63,-65,-67,-79,-83
11,"(1,2)",-63,-63,-51,-65,-59,-63,-67,-67,-67,-63,-71,-89,-37,-67,-79,-83,-65,-67,-79,-81
12,"(1,2)",-65,-63,-51,-69,-57,-61,-71,-67,-67,-63,-71,-83,-33,-67,-81,-63,-67,-67,-79,-81
13,"(1,2)",-63,-65,-51,-69,-49,-63,-71,-69,-67,-63,-67,-83,-33,-69,-81,-63,-65,-63,-79,-81
14,"(1,2)",-63,-65,-51,-69,-59,-61,-71,-67,-61,-63,-67,-83,-35,-63,-81,-63,-65,-63,-77,-81
15,"(1,2)",-63,-63,-51,-67,-59,-63,-71,-75,-67,-67,-75,-83,-35,-69,-81,-63,-65,-63,-77,-81
16,"(1,2)",-63,-63,-51,-69,-59,-59,-67,-73,-67,-67,-73,-83,-35,-69,-81,-63,-65,-63,-77,-83
17,"(1,2)",-65,-63,-51,-73,-59,-61,-67,-73,-67,-59,-75,-83,-35,-67,-75,-63,-65,-67,-79,-83
18,"(1,2)",-63,-63,-51,-65,-55,-61,-73,-73,-67,-65,-73,-79,-39,-67,-75,-63,-63,-63,-75,-83
19,"(1,2)",-63,-65,-51,-65,-57,-61,-69,-67,-65,-67,-73,-81,-39,-67,-83,-63,-67,-63,-75,-83
20,"(1,2)",-65,-65,-53,-69,-51,-59,-73,-73,-65,-67,-73,-81,-39,-67,-81,-63,-67,-63,-75,-81
21,"(1,2)",-65,-63,-53,-67,-55,-61,-71,-73,-65,-67,-71,-83,-37,-69,-81,-63,-65,-63,-75,-81
22,"(1,2)",-65,-65,-51,-69,-57,-61,-71,-75,-65,-67,-73,-81,-37,-65,-81,-63,-67,-67,-75,-81
23,"(1,2)",-65,-63,-51,-69,-57,-61,-73,-67,-67,-63,-73,-83,-37,-67,-83,-65,-63,-67,-75,-81
24,"(1,2)",-63,-65,-53,-67,-83,-57,-73,-75,-67,-63,-73,-83,-37,-67,-81,-65,-67,-67,-81,-81
25,"(1,2)",-61,-65,-51,-65,-55,-57,-73,-73,-67,-57,-63,-83,-35,-67,-81,-65,-65,-67,-81,-81
26,"(1,2)",-63,-65,-51,-69,-57,-61,-73,-75,-65,-67,-71,-81,-37,-67,-83,-65,-65,-67,-81,-81
27,"(1,2)",-63,-65,-51,-69,-59,-63,-71,-67,-61,-61,-73,-81,-37,-67,-83,-81,-65,-65,-81,-81
28,"(1,2)",-65,-65,-49,-69,-57,-63,-71,-73,-59,-65,-71,-81,-37,-63,-81,-81,-67,-65,-81,-79
29,"(1,2)",-63,-59,-51,-65,-59,-61,-71,-71,-67,-63,-75,-81,-35,-69,-81,-81,-61,-65,-81,-77
30,"(1,2)",-63,-65,-51,-67,-57,-61,-69,-73,-65,-63,-75,-83,-35,-69,-81,-65,-65,-63,-79,-81
31,"(1,2)",-63,-65,-51,-69,-57,-61,-69,-73,-69,-89,-75,-79,-35,-63,-81,-65,-65,-67,-79,-81
32,"(1,2)",-61,-65,-51,-69,-57,-59,-69,-73,-67,-89,-73,-83,-33,-63,-83,-65,-65,-67,-79,-81
33,"(1,2)",-65,-69,-51,-69,-57,-63,-73,-71,-65,-63,-75,-83,-37,-63,-83,-65,-65,-69,-79,-81
34,"(1,2)",-63,-63,-49,-67,-57,-61,-73,-73,-67,-67,-73,-75,-35,-63,-81,-65,-67,-69,-77,-81
35,"(1,2)",-63,-63,-51,-59,-53,-61,-71,-69,-65,-67,-75,-81,-37,-57,-83,-65,-67,-65,-77,-81
36,"(1,2)",-63,-65,-51,-65,-57,-61,-73,-73,-65,-63,-71,-75,-37,-65,-81,-65,-65,-63,-79,-81
37,"(1,2)",-63,-65,-51,-67,-57,-61,-69,-73,-65,-67,-75,-85,-39,-67,-83,-59,-65,-63,-77,-81
38,"(1,2)",-63,-65,-51,-69,-51,-61,-73,-73,-67,-65,-75,-85,-37,-67,-75,-59,-67,-63,-77,-81
39,"(1,2)",-65,-63,-51,-67,-59,-63,-73,-73,-61,-65,-75,-85,-37,-63,-81,-59,-67,-69,-77,-81
40,"(1,2)",-65,-63,-51,-71,-55,-63,-73,-73,-65,-63,-73,-81,-35,-87,-79,-59,-67,-63,-79,-81
41,"(1,2)",-63,-69,-51,-71,-57,-63,-73,-73,-67,-61,-73,-83,-35,-63,-81,-65,-65,-63,-79,-81
42,"(1,2)",-65,-69,-51,-71,-59,-63,-73,-73,-67,-61,-75,-83,-35,-63,-81,-65,-65,-63,-79,-81
43,"(1,2)",-65,-69,-51,-71,-59,-61,-71,-77,-67,-61,-73,-77,-35,-63,-81,-65,-67,-67,-79,-81
44,"(1,2)",-63,-61,-51,-71,-55,-63,-73,-75,-67,-67,-61,-79,-35,-63,-81,-63,-67,-63,-77,-81
45,"(1,2)",-65,-61,-51,-69,-51,-63,-73,-67,-67,-63,-61,-77,-37,-63,-81,-63,-65,-69,-81,-77
46,"(1,2)",-63,-61,-51,-69,-57,-63,-71,-75,-67,-61,-61,-77,-35,-63,-79,-65,-67,-69,-81,-81
47,"(1,2)",-65,-61,-51,-69,-53,-63,-71,-75,-67,-67,-61,-77,-37,-67,-81,-63,-67,-63,-81,-81
48,"(1,2)",-67,-67,-51,-83,-59,-61,-73,-73,-67,-65,-61,-77,-35,-71,-79,-65,-65,-63,-81,-81
49,"(1,2)",-63,-65,-51,-69,-57,-61,-69,-67,-67,-65,-71,-81,-39,-61,-79,-65,-65,-63,-79,-81
50,"(1,2)",-63,-65,-49,-67,-53,-63,-71,-67,-67,-61,-73,-81,-39,-63,-81,-65,-67,-63,-79,-81
51,"(1,2)",-63,-61,-51,-67,-57,-63,-75,-67,-67,-63,-69,-81,-39,-61,-77,-65,-65,-63,-79,-81
52,"(1,2)",-63,-67,-51,-69,-55,-63,-73,-75,-67,-61,-69,-79,-35,-61,-75,-65,-67,-67,-79,-81
53,"(1,2)",-65,-67,-51,-69,-57,-63,-69,-77,-65,-63,-63,-81,-35,-63,-75,-65,-67,-67,-79,-81
54,"(1,2)",-63,-69,-51,-69,-57,-61,-73,-75,-67,-63,-63,-81,-39,-63,-75,-65,-67,-59,-79,-75
55,"(1,2)",-63,-65,-51,-69,-57,-59,-67,-73,-69,-61,-71,-81,-35,-55,-81,-63,-65,-63,-79,-75
56,"(1,2)",-65,-65,-49,-69,-59,-61,-67,-73,-69,-65,-71,-81,-37,-83,-75,-65,-67,-63,-81,-75
57,"(1,2)",-63,-63,-51,-67,-53,-57,-67,-75,-65,-61,-73,-81,-37,-83,-81,-65,-65,-63,-81,-75
58,"(1,2)",-63,-65,-51,-65,-59,-55,-69,-75,-67,-55,-73,-81,-37,-67,-77,-59,-63,-63,-77,-75
59,"(1,2)",-65,-65,-51,-67,-59,-63,-69,-75,-67,-63,-73,-81,-35,-65,-77,-59,-63,-67,-77,-75
60,"(1,2)",-63,-65,-51,-67,-57,-59,-73,-75,-67,-59,-69,-81,-35,-69,-73,-59,-63,-67,-77,-75
61,"(1,2)",-65,-65,-51,-65,-59,-61,-71,-71,-63,-65,-69,-81,-37,-69,-75,-59,-63,-67,-75,-77
62,"(1,2)",-65,-63,-51,-71,-59,-61,-73,-67,-67,-61,-73,-81,-35,-67,-75,-63,-63,-67,-75,-77
63,"(1,2)",-63,-69,-51,-69,-57,-61,-73,-67,-65,-65,-63,-81,-35,-67,-83,-63,-63,-63,-75,-77
64,"(1,2)",-65,-61,-53,-67,-59,-59,-71,-67,-65,-67,-63,-81,-35,-63,-75,-63,-65,-67,-75,-77
65,"(1,2)",-65,-65,-49,-69,-57,-61,-71,-73,-65,-63,-73,-81,-37,-61,-75,-63,-65,-67,-77,-77
66,"(1,2)",-65,-65,-51,-69,-59,-61,-71,-67,-67,-63,-71,-81,-35,-67,-79,-57,-65,-63,-81,-75
67,"(1,2)",-65,-65,-51,-69,-55,-61,-71,-67,-67,-65,-61,-81,-37,-63,-81,-57,-65,-65,-79,-81
68,"(1,2)",-63,-65,-51,-67,-59,-61,-73,-67,-65,-65,-73,-37,-63,-81,-63,-67,-63,-79,-75,-69
69,"(1,2)",-63,-65,-51,-69,-51,-61,-73,-73,-65,-61,-71,-33,-63,-77,-63,-67,-63,-79,-75,-69
70,"(1,2)",-65,-65,-51,-69,-57,-63,-71,-73,-65,-67,-71,-35,-67,-73,-59,-65,-63,-79,-81,-69
71,"(1,2)",-63,-65,-53,-65,-57,-61,-71,-77,-65,-69,-73,-39,-61,-81,-63,-65,-67,-81,-81,-69
72,"(1,2)",-63,-83,-53,-71,-51,-63,-71,-67,-67,-63,-73,-39,-67,-81,-63,-67,-67,-81,-81,-69
73,"(1,2)",-63,-83,-51,-69,-59,-61,-73,-73,-67,-67,-73,-39,-67,-77,-65,-67,-63,-73,-83,-69
74,"(1,2)",-65,-63,-51,-69,-59,-63,-67,-73,-67,-67,-65,-69,-69,-81,-63,-67,-63,-73,-81,-69
75,"(1,2)",-65,-67,-51,-69,-57,-57,-71,-69,-65,-67,-73,-39,-61,-75,-59,-61,-55,-73,-81,-69
76,"(1,2)",-65,-67,-51,-67,-55,-61,-71,-73,-65,-63,-73,-37,-61,-75,-63,-67,-55,-73,-81,-69
77,"(1,2)",-63,-65,-51,-69,-53,-61,-73,-73,-65,-63,-61,-83,-63,-75,-63,-73,-55,-75,-75,-69
78,"(1,2)",-65,-65,-51,-69,-51,-61,-71,-71,-65,-65,-61,-37,-67,-75,-63,-61,-69,-75,-75,-69
79,"(1,2)",-63,-59,-51,-69,-51,-61,-73,-71,-67,-63,-73,-33,-67,-75,-63,-67,-67,-75,-77,-69
80,"(1,2)",-63,-63,-51,-69,-53,-61,-69,-71,-67,-67,-69,-67,-67,-75,-63,-63,-73,-75,-77,-69
81,"(1,2)",-63,-61,-51,-67,-59,-61,-73,-67,-67,-67,-69,-67,-63,-75,-63,-67,-67,-75,-77,-69
82,"(1,2)",-65,-61,-51,-65,-51,-63,-73,-69,-67,-63,-73,-35,-69,-77,-65,-65,-67,-75,-77,-71
83,"(1,2)",-65,-63,-51,-71,-85,-61,-73,-67,-69,-63,-71,-37,-63,-77,-65,-65,-67,-73,-77,-69
84,"(1,2)",-65,-69,-51,-69,-51,-61,-73,-73,-67,-63,-73,-35,-63,-77,-65,-65,-63,-75,-77,-69
85,"(1,2)",-63,-69,-51,-69,-57,-63,-71,-71,-67,-63,-73,-35,-65,-77,-65,-67,-79,-81,-77,-65
86,"(1,2)",-65,-69,-49,-69,-59,-61,-71,-71,-67,-63,-73,-35,-67,-81,-65,-67,-67,-81,-81,-69
87,"(1,2)",-65,-69,-51,-67,-57,-63,-71,-75,-67,-63,-71,-35,-69,-77,-65,-65,-67,-81,-81,-69
88,"(1,2)",-63,-67,-51,-65,-53,-89,-73,-75,-67,-63,-71,-35,-63,-77,-65,-65,-59,-75,-81,-69
89,"(1,2)",-65,-67,-51,-69,-53,-61,-73,-75,-67,-63,-71,-35,-67,-77,-63,-65,-59,-75,-81,-69
90,"(1,2)",-65,-63,-51,-69,-53,-61,-71,-73,-67,-67,-71,-39,-69,-77,-63,-65,-53,-75,-75,-69
91,"(1,2)",-65,-67,-51,-69,-57,-61,-71,-67,-67,-67,-71,-35,-69,-77,-63,-65,-67,-75,-81,-69
92,"(1,2)",-65,-67,-51,-69,-57,-59,-69,-67,-67,-67,-73,-37,-63,-77,-59,-65,-63,-81,-77,-69
93,"(1,2)",-63,-65,-51,-69,-57,-61,-63,-67,-67,-67,-73,-37,-69,-77,-59,-67,-67,-81,-77,-63
94,"(1,2)",-65,-65,-51,-65,-59,-61,-71,-67,-67,-67,-73,-37,-63,-77,-65,-65,-67,-81,-75,-63
95,"(1,2)",-65,-67,-51,-69,-59,-55,-71,-73,-67,-63,-71,-33,-69,-79,-65,-65,-67,-81,-75,-71
96,"(1,2)",-65,-69,-51,-69,-53,-61,-71,-67,-67,-63,-73,-37,-69,-75,-65,-61,-67,-81,-75,-63
97,"(1,2)",-65,-69,-51,-69,-59,-61,-71,-69,-67,-63,-73,-35,-67,-75,-63,-65,-63,-81,-75,-63
98,"(1,2)",-65,-69,-51,-69,-59,-63,-71,-73,-67,-63,-73,-33,-67,-77,-63,-69,-63,-79,-75,-63
99,"(1,2)",-63,-63,-51,-69,-53,-61,-71,-71,-63,-65,-63,-35,-63,-75,-65,-69,-63,-73,-75,-63
100,"(1,2)",-61,-63,-51,-67,-55,-61,-71,-67,-67,-65,-75,-37,-67,-77,-63,-69,-63,-73,-75,-69
101,"(1,2)",-61,-63,-51,-69,-53,-61,-71,-69,-65,-65,-75,-37,-67,-77,-63,-67,-63,-73,-75,-69
102,"(1,2)",-63,-63,-51,-63,-59,-61,-67,-73,-67,-65,-69,-37,-67,-73,-65,-67,-63,-73,-81,-69
103,"(1,2)",-63,-63,-53,-65,-57,-61,-67,-75,-67,-65,-69,-35,-61,-75,-65,-67,-63,-73,-77,-69
104,"(1,2)",-63,-63,-49,-69,-55,-61,-71,-73,-65,-65,-69,-37,-65,-75,-65,-65,-63,-81,-77,-69
105,"(1,2)",-63,-63,-51,-69,-57,-61,-73,-67,-63,-65,-69,-37,-69,-75,-65,-67,-63,-81,-77,-69
106,"(1,2)",-63,-63,-51,-65,-51,-63,-73,-73,-63,-63,-69,-37,-69,-75,-63,-69,-63,-81,-77,-71
107,"(1,2)",-65,-69,-51,-69,-51,-61,-71,-71,-63,-67,-69,-37,-63,-75,-63,-69,-63,-81,-81,-71
108,"(1,2)",-63,-69,-51,-69,-51,-61,-71,-69,-63,-65,-69,-35,-67,-77,-63,-63,-65,-81,-81,-69
109,"(1,2)",-63,-65,-51,-69,-51,-63,-69,-75,-63,-65,-69,-37,-63,-77,-65,-65,-65,-75,-81,-69
110,"(1,2)",-63,-63,-51,-65,-59,-61,-71,-67,-63,-65,-73,-35,-67,-75,-65,-65,-63,-75,-81,-69
111,"(1,2)",-63,-63,-51,-65,-53,-61,-71,-67,-65,-63,-75,-35,-67,-77,-65,-65,-65,-75,-81,-69
112,"(1,2)",-65,-65,-51,-67,-59,-61,-71,-69,-65,-65,-73,-37,-67,-81,-65,-67,-65,-75,-81,-69
113,"(1,2)",-63,-65,-51,-69,-57,-61,-71,-67,-67,-65,-71,-37,-67,-75,-63,-65,-65,-75,-81,-69
114,"(1,2)",-63,-63,-51,-67,-59,-61,-73,-67,-67,-65,-71,-35,-65,-75,-63,-65,-63,-75,-81,-69
115,"(1,2)",-63,-63,-51,-67,-57,-63,-73,-67,-65,-67,-71,-35,-65,-77,-63,-65,-67,-75,-81,-69
116,"(1,2)",-63,-65,-51,-67,-57,-61,-73,-71,-67,-63,-61,-37,-67,-77,-63,-65,-71,-75,-81,-69
117,"(1,2)",-65,-63,-51,-69,-57,-61,-73,-75,-65,-61,-81,-35,-63,-77,-63,-65,-67,-75,-81,-69
118,"(1,2)",-63,-67,-51,-69,-57,-61,-69,-73,-65,-67,-71,-35,-63,-75,-65,-67,-67,-75,-81,-69
119,"(1,2)",-63,-67,-51,-69,-57,-61,-69,-71,-67,-63,-71,-35,-63,-77,-63,-67,-67,-75,-81,-69
120,"(1,2)",-63,-67,-51,-65,-57,-61,-69,-75,-65,-67,-61,-35,-67,-77,-65,-67,-67,-75,-81,-69
121,"(1,2)",-63,-67,-51,-65,-59,-61,-69,-73,-69,-67,-69,-39,-67,-73,-63,-67,-67,-75,-81,-69
122,"(1,2)",-63,-63,-51,-69,-53,-61,-71,-75,-63,-63,-71,-37,-67,-73,-63,-67,-67,-75,-81,-69
123,"(1,2)",-63,-67,-51,-67,-55,-59,-71,-75,-63,-63,-71,-37,-63,-79,-63,-67,-63,-75,-69,-85
124,"(1,2)",-65,-67,-51,-69,-55,-61,-73,-69,-67,-63,-71,-37,-69,-75,-63,-67,-67,-75,-69,-85
125,"(1,2)",-65,-67,-51,-69,-57,-61,-71,-73,-67,-63,-63,-39,-69,-75,-63,-65,-67,-75,-69,-85
126,"(1,2)",-63,-65,-51,-69,-57,-61,-73,-73,-65,-63,-71,-39,-69,-79,-63,-65,-63,-75,-69,-85
127,"(1,2)",-65,-65,-51,-71,-49,-57,-73,-67,-63,-67,-73,-39,-55,-77,-63,-65,-63,-75,-69,-85
128,"(1,2)",-63,-63,-51,-61,-55,-57,-71,-71,-67,-65,-73,-63,-63,-75,-63,-65,-67,-75,-69,-85
129,"(1,2)",-63,-63,-51,-67,-59,-61,-73,-75,-65,-63,-73,-39,-63,-75,-63,-65,-65,-75,-69,-85
130,"(1,2)",-63,-63,-51,-69,-59,-61,-73,-75,-67,-67,-73,-35,-63,-73,-83,-63,-67,-75,-69,-85
131,"(1,2)",-65,-63,-49,-69,-51,-61,-73,-71,-65,-67,-73,-39,-63,-75,-57,-65,-65,-75,-69,-83
132,"(1,2)",-63,-65,-51,-69,-53,-59,-73,-71,-59,-67,-73,-33,-67,-73,-57,-65,-61,-75,-69,-83
133,"(1,2)",-63,-67,-51,-69,-57,-57,-71,-71,-67,-63,-75,-67,-67,-75,-57,-65,-65,-69,-83,-57
134,"(1,2)",-63,-63,-51,-69,-53,-57,-71,-71,-67,-63,-75,-37,-63,-77,-57,-59,-65,-69,-85,-57
135,"(1,2)",-63,-65,-51,-69,-51,-61,-69,-73,-65,-61,-71,-37,-63,-75,-83,-65,-65,-69,-83,-57
136,"(1,2)",-63,-65,-51,-71,-51,-59,-73,-71,-65,-63,-63,-35,-69,-77,-83,-65,-69,-69,-83,-57
137,"(1,2)",-63,-61,-51,-71,-87,-61,-73,-67,-57,-65,-63,-35,-63,-75,-83,-65,-65,-69,-75,-57
138,"(1,2)",-65,-73,-51,-69,-57,-59,-67,-67,-65,-61,-63,-35,-63,-75,-59,-65,-63,-69,-75,-57
139,"(1,2)",-63,-63,-51,-67,-55,-59,-67,-73,-65,-67,-71,-35,-65,-77,-65,-67,-63,-69,-85,-65
140,"(1,2)",-63,-67,-51,-61,-57,-61,-71,-73,-65,-63,-75,-39,-63,-81,-65,-65,-63,-69,-85,-65
141,"(1,2)",-63,-67,-51,-69,-57,-61,-71,-73,-65,-61,-71,-35,-65,-75,-65,-65,-63,-69,-85,-65
142,"(1,2)",-63,-63,-51,-65,-57,-61,-73,-75,-61,-63,-71,-35,-65,-73,-65,-65,-63,-69,-87,-63
143,"(1,2)",-63,-69,-51,-69,-53,-57,-73,-75,-63,-65,-71,-35,-67,-75,-65,-67,-65,-69,-87,-85
144,"(1,2)",-65,-69,-51,-69,-57,-61,-67,-73,-65,-67,-73,-37,-63,-77,-65,-67,-63,-69,-87,-85
145,"(1,2)",-63,-69,-51,-67,-55,-61,-67,-67,-67,-63,-71,-37,-65,-75,-63,-67,-61,-69,-85,-63
146,"(1,2)",-65,-67,-51,-65,-57,-57,-69,-71,-67,-61,-75,-37,-65,-81,-57,-67,-61,-69,-85,-61
147,"(1,2)",-65,-65,-51,-67,-57,-63,-71,-73,-61,-61,-75,-35,-69,-77,-57,-67,-61,-69,-83,-61
148,"(1,2)",-65,-63,-51,-67,-55,-61,-73,-71,-67,-67,-75,-35,-63,-75,-61,-67,-67,-69,-85,-59
149,"(1,2)",-65,-65,-51,-67,-57,-61,-73,-71,-65,-63,-75,-35,-65,-75,-61,-69,-67,-69,-85,-59
150,"(1,2)",-63,-61,-51,-69,-51,-61,-69,-71,-67,-67,-71,-37,-63,-77,-63,-69,-63,-69,-85,-63
151,"(1,2)",-63,-67,-51,-69,-57,-61,-71,-73,-67,-63,-69,-35,-63,-75,-65,-69,-69,-69,-85,-65
152,"(1,2)",-63,-65,-51,-69,-59,-63,-71,-75,-67,-63,-65,-37,-65,-75,-65,-69,-63,-69,-85,-65
153,"(1,2)",-63,-69,-51,-69,-57,-85,-71,-73,-65,-63,-65,-37,-63,-77,-65,-67,-63,-69,-83,-65
154,"(1,2)",-63,-69,-51,-71,-53,-57,-67,-67,-65,-63,-65,-37,-63,-79,-65,-67,-63,-69,-83,-65
155,"(1,2)",-63,-69,-51,-69,-57,-61,-67,-67,-65,-61,-65,-35,-67,-77,-61,-67,-63,-69,-75,-57
156,"(1,2)",-63,-67,-51,-69,-51,-61,-67,-73,-65,-63,-65,-35,-67,-79,-59,-67,-65,-67,-75,-59
157,"(1,2)",-65,-63,-51,-71,-55,-61,-69,-73,-65,-61,-75,-37,-65,-75,-65,-67,-67,-69,-85,-65
158,"(1,2)",-65,-69,-51,-71,-55,-63,-69,-75,-67,-61,-71,-37,-61,-73,-65,-63,-67,-69,-85,-59
159,"(1,2)",-65,-65,-49,-71,-57,-63,-69,-75,-67,-61,-73,-37,-61,-83,-57,-67,-67,-69,-83,-59
160,"(1,2)",-63,-61,-49,-69,-51,-61,-69,-75,-67,-63,-73,-37,-63,-81,-63,-67,-63,-69,-85,-65
161,"(1,2)",-63,-63,-51,-69,-59,-61,-69,-73,-65,-63,-61,-37,-63,-81,-63,-67,-67,-69,-87,-65
162,"(1,2)",-63,-69,-51,-65,-57,-61,-69,-73,-63,-65,-65,-35,-67,-75,-63,-71,-65,-71,-85,-65
163,"(1,2)",-63,-69,-51,-67,-65,-63,-71,-71,-63,-63,-75,-39,-63,-77,-63,-71,-67,-71,-83,-65
164,"(1,2)",-65,-63,-51,-67,-65,-61,-69,-67,-67,-63,-75,-37,-63,-79,-63,-71,-61,-71,-83,-65
165,"(1,2)",-63,-63,-51,-65,-59,-61,-69,-73,-65,-61,-69,-35,-75,-81,-63,-67,-67,-71,-79,-65
166,"(1,2)",-63,-67,-51,-65,-57,-61,-71,-73,-69,-63,-71,-37,-75,-77,-65,-65,-79,-73,-85,-63
167,"(1,2)",-63,-63,-51,-69,-53,-61,-71,-71,-61,-65,-71,-35,-63,-75,-65,-67,-79,-69,-75,-65
168,"(1,2)",-65,-63,-51,-65,-57,-61,-69,-67,-65,-63,-71,-35,-63,-75,-65,-67,-63,-69,-87,-65
169,"(1,2)",-63,-63,-51,-67,-57,-61,-73,-67,-67,-61,-71,-33,-65,-75,-65,-67,-67,-69,-87,-65
170,"(1,2)",-65,-63,-51,-67,-87,-61,-69,-73,-67,-61,-63,-37,-65,-75,-65,-67,-67,-69,-85,-65
171,"(1,2)",-65,-63,-51,-67,-57,-61,-71,-71,-67,-65,-69,-39,-65,-81,-65,-67,-63,-69,-85,-65
172,"(1,2)",-65,-65,-53,-71,-57,-63,-73,-71,-67,-67,-63,-37,-61,-81,-65,-61,-63,-69,-85,-65
173,"(1,2)",-65,-65,-51,-71,-51,-61,-73,-71,-67,-65,-63,-35,-63,-77,-65,-61,-63,-69,-83,-65
174,"(1,2)",-63,-63,-51,-67,-59,-63,-71,-73,-67,-67,-73,-37,-63,-75,-65,-67,-63,-71,-85,-65
175,"(1,2)",-65,-63,-51,-69,-55,-55,-73,-75,-61,-63,-63,-35,-69,-77,-59,-71,-67,-69,-83,-65
176,"(1,2)",-63,-65,-51,-69,-57,-61,-73,-75,-59,-61,-71,-37,-69,-81,-65,-61,-67,-69,-85,-65
177,"(1,2)",-63,-65,-51,-69,-55,-61,-71,-71,-59,-67,-75,-37,-65,-81,-65,-65,-67,-69,-85,-65
178,"(1,2)",-63,-65,-51,-69,-59,-57,-73,-71,-63,-67,-71,-35,-63,-77,-65,-67,-67,-69,-85,-65
179,"(1,2)",-63,-59,-51,-69,-55,-61,-73,-73,-61,-67,-71,-37,-63,-77,-65,-67,-65,-69,-85,-65
180,"(1,2)",-65,-59,-51,-69,-53,-57,-71,-73,-63,-67,-71,-37,-63,-73,-65,-67,-63,-69,-85,-65
181,"(1,2)",-63,-77,-51,-69,-53,-61,-69,-69,-65,-61,-75,-37,-63,-79,-65,-67,-63,-69,-85,-65
182,"(1,2)",-65,-67,-51,-71,-59,-59,-73,-71,-65,-59,-75,-35,-69,-77,-65,-67,-63,-69,-85,-65
183,"(1,2)",-63,-63,-51,-65,-59,-61,-71,-69,-67,-63,-75,-37,-63,-75,-65,-65,-63,-69,-85,-65
184,"(1,2)",-65,-63,-51,-67,-53,-63,-69,-67,-67,-61,-75,-35,-63,-75,-65,-67,-63,-69,-85,-65
185,"(1,2)",-65,-67,-51,-67,-57,-61,-69,-73,-67,-67,-63,-39,-65,-75,-65,-67,-69,-69,-85,-65
186,"(1,2)",-63,-65,-51,-69,-57,-63,-71,-73,-67,-67,-63,-37,-63,-77,-65,-67,-69,-69,-85,-65
187,"(1,2)",-63,-65,-53,-67,-51,-61,-71,-69,-61,-61,-63,-33,-63,-75,-65,-67,-63,-69,-85,-65
188,"(1,2)",-63,-63,-53,-67,-57,-61,-71,-67,-61,-61,-69,-85,-61,-75,-63,-67,-63,-69,-85,-63
189,"(1,2)",-63,-63,-51,-69,-59,-61,-71,-75,-65,-65,-71,-37,-63,-77,-63,-67,-69,-69,-87,-63
190,"(1,2)",-63,-69,-51,-65,-53,-61,-71,-77,-63,-61,-73,-35,-67,-79,-65,-67,-69,-69,-87,-65
191,"(1,2)",-63,-59,-51,-69,-51,-61,-71,-77,-65,-63,-71,-37,-67,-77,-65,-67,-69,-69,-87,-65
192,"(1,2)",-63,-63,-51,-69,-59,-59,-73,-73,-69,-63,-69,-37,-69,-83,-63,-67,-63,-69,-85,-63
193,"(1,2)",-63,-69,-51,-67,-57,-61,-73,-69,-65,-63,-75,-35,-65,-79,-59,-67,-63,-69,-85,-59
194,"(1,2)",-65,-61,-51,-71,-57,-63,-71,-75,-67,-67,-75,-35,-65,-75,-65,-67,-61,-69,-85,-65
195,"(1,2)",-63,-65,-51,-69,-57,-61,-69,-71,-65,-63,-75,-37,-65,-77,-65,-65,-69,-69,-85,-65
196,"(1,2)",-65,-65,-51,-69,-59,-61,-69,-75,-63,-61,-75,-33,-65,-79,-65,-61,-69,-69,-83,-65
197,"(1,2)",-65,-65,-51,-75,-53,-61,-73,-75,-67,-63,-71,-37,-65,-73,-65,-61,-79,-69,-83,-59
198,"(1,2)",-63,-61,-51,-69,-51,-63,-73,-73,-67,-63,-73,-35,-65,-79,-65,-67,-67,-69,-83,-59
199,"(1,2)",-65,-69,-51,-71,-59,-61,-71,-73,-67,-63,-73,-35,-65,-77,-63,-61,-63,-69,-83,-63
200,"(1,2)",-65,-61,-51,-69,-59,-61,-71,-73,-67,-65,-71,-35,-63,-75,-63,-63,-63,-69,-85,-63
201,"(1,2)",-63,-65,-51,-65,-59,-63,-73,-75,-67,-65,-71,-39,-61,-75,-63,-69,-63,-71,-85,-63
202,"(1,2)",-63,-65,-51,-65,-53,-63,-73,-67,-67,-65,-71,-35,-61,-75,-63,-69,-63,-71,-83,-63
203,"(1,2)",-63,-67,-51,-65,-57,-63,-73,-73,-61,-55,-71,-37,-63,-73,-63,-69,-63,-71,-87,-65
204,"(1,2)",-63,-63,-51,-69,-57,-63,-73,-73,-67,-63,-63,-37,-63,-83,-63,-67,-63,-69,-85,-67
205,"(1,2)",-63,-63,-49,-67,-55,-63,-73,-67,-67,-63,-73,-39,-63,-75,-65,-67,-63,-69,-85,-63
206,"(1,2)",-63,-65,-51,-69,-57,-61,-73,-73,-67,-59,-75,-35,-69,-75,-63,-67,-67,-69,-85,-65
207,"(1,2)",-63,-63,-51,-65,-57,-63,-73,-69,-69,-59,-69,-39,-65,-75,-63,-67,-67,-69,-85,-65
208,"(1,2)",-65,-69,-51,-69,-57,-57,-73,-73,-69,-61,-69,-37,-63,-81,-63,-61,-67,-69,-85,-63
209,"(1,2)",-63,-63,-49,-69,-57,-61,-71,-75,-65,-67,-61,-37,-63,-83,-65,-67,-67,-69,-85,-63
210,"(1,2)",-63,-63,-51,-67,-59,-61,-71,-75,-67,-61,-73,-37,-63,-81,-65,-67,-61,-69,-85,-65
211,"(1,2)",-65,-65,-51,-67,-59,-61,-73,-73,-61,-61,-75,-37,-65,-83,-65,-67,-61,-69,-85,-65
212,"(1,2)",-65,-61,-51,-69,-55,-57,-71,-75,-69,-61,-75,-37,-65,-81,-65,-67,-61,-69,-83,-65
213,"(1,2)",-65,-67,-51,-67,-57,-57,-71,-73,-69,-63,-61,-37,-67,-81,-65,-69,-65,-69,-83,-65
214,"(1,2)",-63,-63,-51,-69,-57,-57,-73,-75,-69,-63,-67,-37,-63,-79,-65,-67,-67,-71,-85,-65
215,"(1,2)",-65,-63,-51,-65,-53,-57,-73,-77,-67,-63,-75,-39,-63,-81,-65,-67,-65,-71,-87,-65
216,"(1,2)",-63,-63,-51,-65,-57,-61,-73,-73,-67,-61,-71,-37,-67,-81,-65,-67,-61,-71,-85,-65
217,"(1,2)",-65,-63,-49,-71,-59,-61,-71,-67,-69,-63,-73,-35,-67,-79,-63,-67,-63,-71,-85,-63
218,"(1,2)",-63,-69,-51,-69,-59,-61,-69,-73,-67,-61,-75,-37,-67,-81,-63,-67,-67,-69,-83,-63
219,"(1,2)",-63,-63,-41,-69,-57,-61,-73,-71,-67,-61,-73,-37,-65,-81,-63,-63,-63,-69,-83,-63
220,"(1,2)",-63,-67,-51,-69,-53,-61,-69,-67,-67,-71,-75,-35,-67,-81,-63,-65,-63,-69,-87,-65
221,"(1,2)",-65,-65,-49,-69,-51,-61,-71,-75,-67,-63,-75,-35,-67,-81,-65,-67,-63,-69,-83,-65
222,"(1,2)",-63,-67,-51,-69,-51,-63,-73,-75,-67,-63,-71,-35,-67,-81,-65,-65,-67,-69,-83,-65
223,"(1,2)",-63,-63,-51,-69,-61,-63,-75,-73,-67,-63,-71,-35,-67,-81,-57,-59,-67,-59,-83,-59
224,"(1,2)",-63,-65,-51,-69,-59,-57,-71,-75,-63,-63,-75,-71,-67,-81,-65,-65,-65,-59,-83,-65
225,"(1,2)",-65,-61,-51,-65,-59,-61,-73,-73,-67,-67,-75,-37,-63,-81,-65,-69,-65,-59,-85,-59
226,"(1,2)",-63,-63,-51,-65,-57,-61,-71,-75,-67,-67,-63,-35,-65,-75,-65,-69,-63,-69,-83,-65
227,"(1,2)",-63,-61,-51,-71,-55,-59,-75,-75,-67,-63,-63,-39,-65,-81,-65,-69,-63,-69,-85,-65
228,"(1,2)",-63,-67,-51,-67,-57,-61,-69,-75,-61,-65,-69,-35,-63,-81,-65,-67,-79,-69,-85,-63
229,"(1,2)",-63,-67,-51,-71,-59,-63,-75,-67,-67,-63,-69,-77,-63,-81,-65,-69,-65,-69,-85,-63
230,"(1,2)",-63,-65,-51,-67,-51,-57,-75,-67,-67,-61,-61,-37,-67,-83,-59,-69,-69,-69,-77,-59
231,"(1,2)",-65,-63,-51,-67,-53,-63,-71,-69,-67,-63,-61,-39,-67,-83,-65,-69,-65,-63,-77,-65
232,"(1,2)",-63,-65,-51,-67,-53,-63,-73,-73,-67,-63,-61,-37,-65,-77,-65,-73,-65,-63,-85,-85
233,"(1,2)",-63,-65,-51,-71,-89,-61,-71,-71,-65,-67,-71,-35,-63,-77,-65,-73,-67,-63,-85,-59
234,"(1,2)",-63,-65,-51,-71,-51,-61,-73,-75,-67,-53,-71,-37,-63,-77,-63,-73,-67,-63,-75,-65
235,"(1,2)",-63,-63,-51,-67,-55,-59,-67,-75,-65,-63,-71,-35,-63,-77,-63,-63,-65,-69,-83,-63
236,"(1,2)",-65,-63,-51,-67,-51,-63,-67,-75,-67,-67,-71,-37,-63,-75,-63,-63,-65,-69,-83,-63
237,"(1,2)",-65,-69,-51,-65,-57,-63,-67,-73,-67,-67,-69,-35,-65,-75,-65,-63,-63,-69,-83,-63
238,"(1,2)",-63,-69,-49,-69,-57,-61,-73,-69,-65,-65,-69,-37,-65,-77,-65,-67,-69,-69,-83,-63
239,"(1,2)",-65,-63,-51,-67,-51,-63,-67,-75,-65,-63,-63,-37,-67,-77,-65,-67,-67,-69,-83,-59
240,"(1,2)",-65,-61,-51,-67,-53,-61,-69,-75,-65,-63,-63,-35,-63,-77,-65,-67,-67,-69,-83,-63
241,"(1,2)",-61,-69,-51,-65,-57,-61,-69,-75,-63,-63,-69,-37,-63,-73,-65,-67,-69,-69,-83,-63
242,"(1,2)",-65,-61,-51,-69,-59,-61,-73,-67,-67,-67,-63,-33,-63,-75,-65,-65,-69,-61,-85,-65
243,"(1,2)",-61,-65,-51,-71,-59,-61,-71,-73,-65,-67,-71,-33,-67,-75,-65,-65,-67,-69,-85,-65
244,"(1,2)",-65,-63,-51,-65,-57,-63,-71,-75,-67,-63,-71,-37,-67,-77,-65,-65,-67,-69,-81,-65
245,"(1,2)",-65,-63,-49,-69,-57,-61,-67,-77,-69,-63,-71,-37,-63,-77,-63,-65,-65,-69,-85,-63
246,"(1,2)",-65,-67,-51,-67,-55,-57,-67,-67,-69,-63,-71,-37,-63,-77,-63,-65,-67,-69,-83,-65
247,"(1,2)",-63,-67,-51,-69,-59,-57,-71,-73,-69,-63,-71,-37,-73,-77,-63,-65,-63,-69,-85,-59
248,"(1,2)",-63,-67,-51,-69,-55,-61,-71,-73,-69,-61,-71,-37,-67,-81,-63,-65,-63,-61,-85,-59
249,"(1,2)",-63,-67,-51,-67,-55,-61,-65,-73,-67,-65,-73,-37,-61,-77,-63,-67,-63,-61,-83,-63
250,"(1,2)",-63,-63,-51,-69,-55,-61,-73,-71,-67,-65,-73,-37,-67,-77,-65,-67,-63,-61,-83,-65
251,"(1,2)",-61,-63,-51,-65,-59,-63,-71,-71,-65,-63,-71,-35,-69,-75,-63,-67,-57,-69,-85,-63
252,"(1,2)",-63,-63,-51,-65,-57,-61,-71,-67,-65,-63,-69,-39,-69,-73,-65,-67,-63,-69,-87,-65
253,"(1,2)",-63,-65,-49,-65,-59,-63,-71,-73,-67,-67,-69,-39,-65,-83,-63,-67,-63,-69,-87,-63
254,"(1,2)",-65,-65,-51,-69,-57,-61,-71,-71,-65,-63,-71,-39,-67,-75,-65,-67,-67,-69,-83,-65
255,"(1,2)",-63,-65,-51,-67,-57,-63,-71,-69,-65,-63,-71,-35,-63,-75,-65,-67,-67,-69,-83,-63
256,"(1,2)",-63,-65,-51,-67,-59,-61,-73,-67,-65,-63,-73,-37,-63,-75,-65,-67,-63,-69,-83,-63
257,"(1,2)",-63,-69,-51,-71,-57,-57,-73,-73,-65,-63,-73,-37,-67,-75,-65,-67,-63,-69,-83,-63
258,"(1,2)",-65,-69,-51,-69,-55,-63,-71,-73,-67,-61,-73,-39,-67,-81,-65,-67,-63,-69,-85,-63
259,"(1,2)",-63,-69,-51,-69,-53,-57,-73,-73,-67,-63,-75,-35,-65,-81,-65,-67,-63,-69,-83,-63
260,"(1,2)",-63,-63,-51,-67,-59,-63,-73,-67,-61,-61,-61,-37,-65,-81,-65,-67,-63,-69,-83,-63
261,"(1,2)",-65,-63,-51,-69,-57,-87,-69,-73,-65,-61,-75,-35,-65,-81,-65,-67,-65,-69,-85,-65
262,"(1,2)",-65,-65,-49,-69,-59,-63,-69,-75,-67,-63,-75,-75,-63,-77,-63,-67,-65,-69,-83,-63
263,"(1,2)",-65,-65,-49,-71,-55,-61,-71,-75,-69,-65,-75,-39,-63,-77,-63,-67,-69,-69,-83,-63
264,"(1,2)",-63,-65,-51,-65,-51,-61,-71,-73,-69,-65,-75,-39,-65,-81,-63,-67,-69,-69,-85,-65
265,"(1,2)",-63,-69,-51,-69,-51,-87,-67,-73,-69,-67,-69,-37,-65,-81,-57,-67,-69,-71,-87,-59
266,"(1,2)",-65,-65,-51,-65,-55,-61,-73,-75,-67,-65,-63,-37,-65,-81,-65,-61,-69,-71,-87,-63
267,"(1,2)",-65,-59,-51,-69,-71,-61,-73,-73,-65,-63,-75,-37,-67,-81,-65,-69,-67,-71,-87,-65
268,"(1,2)",-63,-69,-51,-69,-61,-61,-73,-75,-67,-67,-73,-37,-65,-81,-65,-67,-67,-71,-85,-65
269,"(1,2)",-63,-63,-49,-69,-53,-63,-71,-73,-67,-61,-73,-39,-61,-81,-65,-67,-63,-69,-85,-63
270,"(1,2)",-63,-65,-51,-69,-57,-61,-73,-75,-69,-63,-71,-35,-63,-81,-65,-63,-63,-69,-85,-65
271,"(1,2)",-65,-61,-49,-69,-57,-61,-71,-71,-67,-61,-61,-39,-61,-81,-65,-61,-63,-69,-85,-65
272,"(1,2)",-63,-63,-49,-69,-57,-61,-71,-73,-67,-61,-75,-37,-63,-81,-65,-67,-63,-69,-85,-63
273,"(1,2)",-61,-63,-51,-65,-59,-61,-71,-73,-67,-63,-73,-37,-65,-79,-63,-65,-63,-69,-85,-65
274,"(1,2)",-63,-65,-53,-65,-57,-57,-65,-69,-67,-57,-75,-35,-77,-83,-63,-67,-65,-69,-83,-63
275,"(1,2)",-61,-65,-51,-69,-51,-63,-65,-67,-67,-63,-75,-35,-77,-81,-65,-67,-63,-69,-85,-63
276,"(1,2)",-63,-63,-49,-67,-53,-63,-71,-75,-67,-65,-73,-37,-77,-83,-63,-67,-63,-69,-85,-63
277,"(1,2)",-65,-65,-51,-69,-57,-57,-73,-73,-67,-65,-75,-37,-77,-81,-63,-67,-57,-69,-85,-63
278,"(1,2)",-65,-63,-51,-67,-53,-61,-67,-77,-67,-63,-73,-35,-77,-79,-63,-67,-63,-71,-83,-63
279,"(1,2)",-65,-69,-51,-65,-51,-61,-71,-73,-67,-61,-73,-35,-67,-83,-63,-75,-67,-71,-83,-65
280,"(1,2)",-63,-65,-51,-69,-57,-63,-71,-73,-65,-61,-75,-35,-67,-81,-63,-65,-67,-69,-83,-65
281,"(1,2)",-63,-63,-51,-69,-55,-61,-71,-69,-67,-63,-83,-37,-67,-81,-63,-67,-67,-71,-83,-65
282,"(1,2)",-63,-63,-51,-69,-59,-61,-73,-75,-67,-63,-75,-33,-67,-81,-63,-67,-67,-71,-83,-65
283,"(1,2)",-63,-63,-51,-65,-53,-61,-73,-73,-67,-69,-71,-37,-65,-81,-63,-67,-67,-71,-83,-65
284,"(1,2)",-63,-65,-51,-65,-57,-57,-71,-67,-67,-67,-77,-37,-63,-83,-65,-67,-63,-71,-83,-65
285,"(1,2)",-63,-63,-51,-67,-55,-61,-67,-75,-69,-61,-75,-37,-63,-81,-65,-67,-63,-69,-85,-65
286,"(1,2)",-65,-61,-51,-67,-53,-57,-73,-75,-69,-63,-75,-35,-63,-77,-65,-67,-63,-69,-85,-65
287,"(1,2)",-65,-65,-51,-67,-59,-61,-71,-75,-69,-61,-73,-33,-63,-81,-85,-67,-63,-69,-85,-65
288,"(1,2)",-63,-65,-51,-65,-57,-61,-71,-73,-67,-63,-73,-37,-63,-81,-65,-67,-63,-69,-85,-65
289,"(1,2)",-63,-65,-49,-69,-59,-61,-73,-75,-67,-63,-71,-39,-79,-81,-65,-67,-63,-69,-85,-65
290,"(1,2)",-63,-65,-51,-65,-59,-59,-71,-69,-67,-65,-71,-39,-65,-73,-65,-67,-63,-69,-85,-65
291,"(1,2)",-65,-65,-51,-69,-53,-61,-71,-73,-67,-63,-69,-35,-65,-81,-65,-67,-65,-69,-85,-65
292,"(1,2)",-63,-63,-51,-69,-59,-61,-69,-73,-69,-65,-73,-35,-67,-83,-65,-67,-65,-69,-85,-65
293,"(1,2)",-65,-65,-51,-71,-57,-61,-73,-75,-65,-63,-73,-37,-69,-81,-65,-67,-67,-69,-85,-65
294,"(1,2)",-65,-63,-51,-67,-57,-61,-71,-75,-67,-69,-75,-39,-63,-81,-65,-69,-67,-73,-87,-65
295,"(1,2)",-65,-65,-51,-71,-57,-61,-73,-73,-67,-67,-75,-39,-63,-81,-65,-69,-67,-69,-85,-87
296,"(1,2)",-65,-65,-51,-69,-55,-63,-69,-67,-67,-63,-71,-37,-63,-83,-65,-69,-67,-69,-83,-65
297,"(1,2)",-63,-65,-51,-67,-53,-61,-73,-67,-65,-63,-73,-39,-63,-81,-65,-67,-67,-69,-85,-59
298,"(1,2)",-63,-65,-49,-65,-53,-59,-73,-75,-61,-67,-65,-39,-63,-81,-63,-67,-67,-69,-85,-63
299,"(1,2)",-63,-65,-51,-67,-53,-57,-73,-75,-67,-63,-71,-37,-63,-81,-63,-67,-67,-69,-85,-63
300,"(1,2)",-65,-63,-51,-69,-53,-61,-73,-75,-67,-63,-71,-35,-63,-81,-63,-67,-67,-69,-85,-63
301,"(1,2)",-63,-63,-51,-69,-51,-61,-75,-73,-67,-67,-73,-37,-63,-79,-65,-67,-67,-69,-85,-65
302,"(1,2)",-65,-61,-51,-69,-57,-61,-71,-67,-67,-69,-73,-35,-67,-83,-63,-67,-65,-69,-85,-63
303,"(1,2)",-65,-69,-49,-69,-57,-61,-71,-73,-67,-69,-75,-37,-67,-75,-63,-67,-59,-69,-85,-63
304,"(1,2)",-57,-65,-51,-69,-57,-61,-73,-73,-67,-67,-75,-35,-69,-75,-63,-67,-67,-69,-85,-63
305,"(1,2)",-63,-67,-87,-67,-57,-55,-71,-73,-67,-61,-73,-35,-69,-79,-63,-67,-67,-69,-85,-63
306,"(1,2)",-63,-65,-51,-67,-57,-59,-71,-75,-67,-61,-61,-35,-69,-79,-63,-65,-63,-69,-85,-63
307,"(1,2)",-63,-67,-51,-71,-57,-61,-71,-69,-67,-63,-75,-37,-63,-81,-65,-69,-63,-69,-85,-65
308,"(1,2)",-65,-65,-51,-69,-57,-63,-71,-73,-65,-63,-75,-37,-63,-83,-65,-67,-67,-69,-85,-65
309,"(1,2)",-63,-61,-51,-67,-59,-61,-71,-75,-67,-63,-75,-37,-63,-81,-65,-67,-65,-69,-85,-65
310,"(1,2)",-61,-63,-51,-65,-59,-61,-71,-73,-63,-67,-71,-37,-63,-79,-65,-67,-67,-69,-85,-65
311,"(1,2)",-63,-69,-51,-69,-51,-63,-73,-73,-67,-63,-71,-37,-63,-79,-65,-67,-67,-69,-85,-65
312,"(1,2)",-65,-69,-51,-69,-59,-61,-73,-67,-63,-67,-73,-35,-63,-79,-65,-67,-67,-69,-85,-65
313,"(1,2)",-63,-63,-51,-67,-57,-61,-71,-73,-67,-61,-75,-37,-67,-83,-65,-67,-63,-69,-83,-65
314,"(1,2)",-63,-65,-51,-69,-57,-61,-73,-73,-67,-61,-71,-37,-67,-81,-65,-67,-63,-69,-83,-65
315,"(1,2)",-65,-65,-51,-65,-59,-63,-73,-73,-65,-67,-73,-37,-67,-81,-65,-69,-63,-69,-83,-65
316,"(1,2)",-65,-67,-51,-71,-51,-63,-73,-71,-67,-67,-73,-37,-67,-81,-65,-67,-69,-69,-83,-65
317,"(1,2)",-63,-67,-51,-65,-51,-61,-71,-75,-67,-63,-73,-37,-63,-77,-85,-67,-69,-69,-83,-65
318,"(1,2)",-65,-67,-53,-69,-51,-57,-71,-71,-67,-63,-75,-37,-63,-81,-85,-67,-69,-69,-83,-65
319,"(1,2)",-65,-65,-49,-67,-53,-63,-73,-73,-67,-63,-73,-37,-63,-81,-65,-67,-69,-69,-83,-65
320,"(1,2)",-65,-69,-51,-67,-57,-61,-71,-75,-67,-67,-73,-37,-63,-81,-65,-67,-63,-71,-83,-65
321,"(1,2)",-65,-67,-53,-69,-59,-61,-71,-75,-65,-63,-73,-37,-75,-79,-65,-67,-67,-71,-83,-81
322,"(1,2)",-63,-65,-51,-67,-53,-61,-73,-73,-69,-63,-75,-37,-65,-79,-65,-63,-67,-71,-83,-65
323,"(1,2)",-63,-65,-51,-69,-53,-61,-73,-73,-67,-63,-71,-39,-65,-79,-65,-65,-67,-69,-83,-65
324,"(1,2)",-65,-65,-51,-67,-57,-61,-69,-67,-67,-55,-73,-37,-67,-81,-65,-67,-65,-69,-83,-65
325,"(1,2)",-65,-61,-51,-77,-83,-61,-71,-73,-65,-61,-73,-37,-67,-81,-63,-65,-65,-69,-83,-65
326,"(1,2)",-63,-65,-51,-67,-59,-61,-73,-67,-67,-67,-75,-35,-63,-81,-65,-67,-67,-69,-83,-65
327,"(1,2)",-65,-63,-51,-69,-59,-61,-73,-71,-67,-67,-73,-37,-63,-81,-65,-67,-67,-69,-77,-65
328,"(1,2)",-65,-65,-51,-69,-53,-61,-71,-69,-63,-67,-73,-37,-61,-81,-65,-65,-65,-69,-77,-65
329,"(1,2)",-63,-61,-51,-69,-57,-63,-71,-75,-65,-63,-73,-37,-67,-79,-65,-67,-63,-69,-77,-65
330,"(1,2)",-63,-67,-51,-69,-57,-59,-73,-75,-69,-63,-73,-39,-67,-81,-65,-65,-67,-69,-83,-65
331,"(1,2)",-63,-63,-51,-69,-59,-63,-73,-71,-67,-67,-73,-37,-67,-79,-59,-63,-67,-69,-83,-59
332,"(1,2)",-65,-63,-51,-67,-59,-63,-73,-71,-67,-61,-75,-37,-63,-81,-59,-65,-67,-69,-83,-59
333,"(1,2)",-65,-61,-51,-69,-53,-61,-69,-69,-67,-61,-73,-37,-67,-81,-65,-65,-61,-69,-83,-65
334,"(1,2)",-63,-65,-51,-67,-59,-63,-71,-69,-67,-63,-75,-35,-67,-81,-65,-65,-61,-69,-83,-65
335,"(1,2)",-65,-63,-51,-63,-59,-61,-71,-73,-67,-63,-73,-37,-67,-79,-65,-65,-63,-65,-83,-65
336,"(1,2)",-65,-63,-51,-63,-51,-61,-71,-69,-67,-63,-73,-37,-67,-81,-63,-65,-65,-69,-85,-65
337,"(1,2)",-65,-63,-51,-63,-57,-57,-73,-71,-59,-55,-75,-89,-57,-81,-63,-67,-63,-69,-85,-65
338,"(1,2)",-65,-67,-51,-63,-57,-63,-65,-75,-63,-59,-73,-33,-57,-81,-65,-67,-63,-69,-85,-65
339,"(1,2)",-63,-65,-51,-65,-57,-63,-73,-73,-67,-67,-75,-35,-63,-79,-65,-67,-63,-69,-85,-65
340,"(1,2)",-65,-65,-51,-65,-55,-63,-71,-69,-67,-63,-75,-51,-63,-77,-59,-67,-63,-69,-85,-65
341,"(1,2)",-65,-65,-51,-69,-59,-59,-73,-71,-67,-57,-73,-51,-61,-81,-65,-67,-63,-69,-81,-65
342,"(1,2)",-63,-65,-51,-69,-57,-87,-73,-73,-67,-67,-71,-37,-65,-79,-65,-67,-67,-69,-81,-65
343,"(1,2)",-63,-65,-51,-69,-57,-87,-73,-73,-67,-63,-73,-37,-67,-81,-65,-67,-81,-69,-83,-65
344,"(1,2)",-63,-67,-51,-69,-57,-63,-73,-75,-65,-63,-59,-37,-65,-81,-65,-61,-81,-67,-83,-65
345,"(1,2)",-61,-65,-51,-65,-59,-63,-73,-75,-67,-61,-69,-35,-63,-81,-65,-61,-81,-67,-83,-65
346,"(1,2)",-63,-65,-51,-69,-57,-59,-73,-75,-67,-61,-73,-39,-63,-81,-65,-61,-81,-61,-83,-65
347,"(1,2)",-63,-65,-51,-65,-57,-61,-73,-75,-67,-65,-73,-39,-67,-81,-63,-61,-81,-61,-83,-63
348,"(1,2)",-63,-63,-49,-67,-57,-61,-73,-77,-67,-61,-73,-39,-61,-81,-65,-65,-69,-61,-83,-65
349,"(1,2)",-63,-69,-51,-65,-53,-59,-71,-65,-67,-63,-73,-37,-63,-81,-65,-65,-69,-61,-83,-63
350,"(1,2)",-65,-65,-51,-65,-53,-61,-71,-75,-67,-63,-73,-37,-63,-81,-65,-65,-69,-69,-85,-63
351,"(1,2)",-59,-65,-51,-67,-53,-75,-67,-75,-61,-65,-73,-37,-63,-81,-65,-65,-63,-69,-83,-65
352,"(1,2)",-65,-65,-51,-67,-55,-61,-71,-73,-61,-65,-75,-35,-63,-81,-65,-65,-63,-63,-83,-65
353,"(1,2)",-61,-67,-51,-69,-61,-61,-73,-73,-65,-61,-73,-37,-63,-81,-65,-65,-63,-67,-83,-65
354,"(1,2)",-65,-65,-51,-69,-57,-61,-73,-69,-67,-69,-75,-37,-61,-73,-65,-67,-63,-67,-83,-65
355,"(1,2)",-65,-65,-51,-67,-51,-61,-71,-75,-67,-69,-75,-35,-61,-79,-65,-65,-61,-67,-83,-65
356,"(1,2)",-63,-65,-51,-71,-59,-61,-73,-73,-61,-67,-75,-37,-65,-75,-65,-65,-61,-67,-85,-65
357,"(1,2)",-67,-69,-51,-69,-59,-61,-67,-75,-61,-63,-65,-37,-65,-75,-65,-67,-61,-67,-83,-65
358,"(1,2)",-65,-69,-51,-67,-59,-61,-71,-75,-65,-61,-75,-37,-63,-81,-65,-67,-61,-67,-81,-65
359,"(1,2)",-65,-63,-51,-69,-57,-61,-69,-73,-65,-61,-63,-37,-69,-79,-65,-67,-63,-67,-83,-63
360,"(1,2)",-63,-65,-51,-69,-53,-63,-73,-67,-67,-61,-61,-37,-61,-81,-65,-67,-63,-69,-85,-65
361,"(1,2)",-65,-63,-51,-69,-51,-57,-73,-73,-67,-61,-73,-37,-61,-81,-65,-67,-63,-67,-85,-65
362,"(1,2)",-63,-63,-51,-69,-51,-63,-73,-75,-67,-67,-75,-37,-67,-73,-65,-65,-63,-67,-83,-65
363,"(1,2)",-65,-65,-51,-67,-53,-61,-71,-79,-67,-67,-73,-37,-67,-73,-65,-65,-63,-69,-81,-65
364,"(1,2)",-63,-63,-51,-71,-57,-63,-69,-75,-63,-67,-73,-33,-67,-83,-65,-59,-61,-67,-81,-63
365,"(1,2)",-65,-65,-51,-67,-55,-61,-73,-73,-65,-67,-63,-37,-67,-81,-83,-65,-61,-67,-81,-63
366,"(1,2)",-63,-65,-51,-69,-51,-57,-69,-67,-67,-67,-71,-35,-67,-81,-63,-65,-61,-67,-81,-65
367,"(1,2)",-65,-63,-51,-69,-59,-61,-69,-73,-67,-67,-73,-35,-61,-81,-65,-69,-67,-67,-81,-65
368,"(1,2)",-65,-61,-51,-65,-59,-57,-67,-73,-67,-63,-71,-33,-61,-81,-59,-69,-67,-69,-83,-61
369,"(1,2)",-63,-65,-51,-65,-83,-61,-71,-69,-65,-67,-73,-37,-65,-81,-65,-69,-67,-69,-85,-65
370,"(1,2)",-59,-67,-51,-69,-83,-61,-69,-67,-67,-65,-73,-37,-67,-81,-61,-65,-67,-67,-85,-65
371,"(1,2)",-65,-65,-49,-69,-51,-61,-67,-73,-69,-65,-73,-33,-65,-81,-65,-67,-65,-69,-85,-65
372,"(1,2)",-63,-65,-53,-69,-57,-59,-71,-73,-67,-65,-71,-35,-65,-81,-65,-67,-67,-69,-85,-65
373,"(1,2)",-63,-65,-51,-69,-55,-61,-71,-75,-67,-61,-75,-79,-65,-81,-65,-67,-67,-69,-81,-65
374,"(1,2)",-65,-65,-51,-69,-57,-61,-67,-65,-69,-61,-75,-35,-65,-81,-85,-71,-63,-69,-81,-65
375,"(1,2)",-65,-65,-51,-69,-55,-61,-69,-75,-65,-63,-71,-37,-67,-75,-85,-69,-63,-69,-81,-65
376,"(1,2)",-67,-65,-49,-69,-59,-63,-71,-73,-65,-63,-63,-37,-65,-81,-85,-69,-65,-69,-83,-65
377,"(1,2)",-65,-63,-51,-65,-51,-55,-69,-75,-65,-63,-73,-37,-65,-81,-65,-65,-65,-69,-85,-65
378,"(1,2)",-63,-65,-51,-69,-59,-61,-73,-73,-65,-63,-73,-35,-61,-81,-63,-65,-63,-69,-85,-65
379,"(1,2)",-63,-65,-51,-65,-57,-59,-71,-73,-67,-65,-75,-37,-65,-79,-63,-65,-63,-69,-85,-65
380,"(1,2)",-65,-63,-51,-69,-57,-63,-67,-73,-65,-69,-71,-33,-67,-81,-65,-69,-63,-69,-81,-65
381,"(1,2)",-63,-63,-51,-67,-57,-57,-71,-73,-65,-77,-73,-37,-67,-81,-65,-69,-63,-69,-81,-65
382,"(1,2)",-63,-65,-51,-69,-57,-61,-71,-75,-63,-63,-61,-37,-61,-81,-65,-69,-63,-69,-83,-65
383,"(1,2)",-65,-67,-51,-69,-59,-63,-69,-75,-67,-69,-71,-37,-63,-75,-65,-69,-55,-69,-83,-63
384,"(1,2)",-65,-63,-53,-69,-55,-61,-71,-73,-69,-63,-75,-37,-63,-81,-63,-65,-67,-67,-83,-65
385,"(1,2)",-63,-65,-49,-69,-57,-87,-69,-73,-67,-61,-75,-39,-63,-81,-65,-65,-67,-67,-83,-65
386,"(1,2)",-63,-69,-51,-69,-53,-61,-67,-73,-69,-61,-75,-35,-63,-81,-65,-65,-67,-67,-83,-65
387,"(1,2)",-63,-67,-51,-67,-55,-61,-71,-81,-69,-63,-75,-39,-63,-81,-65,-67,-67,-67,-83,-65
388,"(1,2)",-65,-63,-51,-71,-57,-61,-71,-67,-69,-63,-75,-39,-63,-83,-65,-65,-67,-69,-83,-65
389,"(1,2)",-65,-65,-51,-69,-57,-57,-73,-73,-67,-67,-69,-33,-69,-81,-65,-67,-63,-69,-83,-65
390,"(1,2)",-63,-63,-51,-67,-57,-61,-73,-75,-67,-67,-75,-33,-67,-81,-67,-67,-63,-71,-81,-67
391,"(1,2)",-63,-63,-51,-71,-87,-63,-73,-67,-67,-67,-75,-33,-61,-79,-67,-67,-67,-69,-83,-67
392,"(1,2)",-63,-69,-51,-73,-51,-63,-73,-65,-67,-63,-75,-37,-65,-81,-63,-65,-67,-69,-83,-63
393,"(1,2)",-63,-63,-51,-73,-59,-61,-73,-69,-67,-67,-73,-37,-67,-81,-63,-69,-63,-69,-83,-63
394,"(1,2)",-65,-63,-51,-71,-57,-61,-63,-73,-67,-65,-73,-35,-65,-81,-65,-67,-65,-69,-83,-65
395,"(1,2)",-65,-65,-51,-69,-59,-61,-71,-73,-67,-63,-75,-35,-63,-81,-63,-69,-65,-65,-87,-63
396,"(1,2)",-63,-61,-51,-77,-57,-61,-73,-73,-67,-61,-75,-37,-65,-81,-63,-67,-63,-63,-85,-63
397,"(1,2)",-63,-61,-51,-69,-59,-61,-73,-73,-67,-63,-73,-37,-63,-75,-65,-67,-63,-63,-83,-57
398,"(1,2)",-63,-65,-51,-71,-57,-61,-67,-77,-67,-67,-71,-35,-63,-81,-65,-67,-63,-63,-85,-63
399,"(1,2)",-65,-63,-49,-65,-59,-61,-71,-73,-69,-67,-71,-35,-69,-83,-63,-67,-65,-65,-83,-79
400,"(1,2)",-63,-65,-49,-69,-55,-61,-71,-73,-67,-59,-71,-37,-63,-81,-63,-65,-63,-73,-83,-79
401,"(1,2)",-63,-69,-51,-67,-51,-59,-69,-73,-61,-59,-75,-33,-65,-81,-65,-67,-63,-69,-85,-65
402,"(1,2)",-65,-63,-51,-65,-59,-61,-65,-71,-67,-67,-71,-35,-65,-81,-65,-65,-63,-63,-83,-65
403,"(1,2)",-63,-65,-51,-69,-53,-63,-71,-75,-67,-51,-63,-37,-63,-81,-65,-67,-63,-67,-85,-65
404,"(1,2)",-63,-67,-51,-69,-57,-61,-71,-75,-67,-61,-75,-37,-67,-81,-65,-65,-69,-67,-83,-65
405,"(1,2)",-63,-65,-51,-69,-57,-61,-69,-69,-61,-67,-75,-39,-69,-79,-65,-69,-65,-67,-85,-65
406,"(1,2)",-65,-65,-51,-69,-57,-61,-73,-67,-65,-67,-75,-39,-69,-81,-65,-69,-65,-69,-83,-63
407,"(1,2)",-63,-63,-53,-69,-57,-61,-67,-75,-63,-61,-69,-37,-63,-81,-59,-67,-65,-69,-83,-65
408,"(1,2)",-63,-63,-51,-69,-55,-61,-67,-75,-65,-69,-71,-35,-69,-79,-59,-67,-63,-67,-83,-65
409,"(1,2)",-65,-63,-51,-69,-53,-63,-73,-73,-67,-63,-71,-33,-63,-81,-59,-69,-67,-67,-83,-65
410,"(1,2)",-63,-65,-51,-71,-51,-61,-71,-73,-67,-61,-73,-37,-67,-81,-59,-71,-69,-69,-85,-65
411,"(1,2)",-65,-69,-51,-69,-51,-59,-69,-69,-67,-69,-75,-37,-63,-81,-83,-67,-67,-69,-83,-65
412,"(1,2)",-63,-65,-51,-69,-51,-61,-73,-71,-59,-69,-73,-35,-57,-79,-65,-67,-67,-69,-83,-65
413,"(1,2)",-63,-65,-51,-67,-51,-61,-73,-73,-67,-65,-71,-35,-67,-81,-85,-67,-63,-69,-83,-65
414,"(1,2)",-63,-65,-51,-67,-57,-61,-65,-73,-67,-67,-73,-35,-69,-81,-65,-69,-63,-69,-83,-63
415,"(1,2)",-65,-65,-51,-67,-57,-61,-71,-73,-63,-63,-73,-35,-69,-79,-67,-69,-63,-69,-83,-65
416,"(1,2)",-65,-69,-51,-65,-57,-61,-71,-73,-61,-63,-73,-35,-67,-79,-65,-69,-63,-69,-83,-65
417,"(1,2)",-63,-63,-51,-69,-57,-63,-75,-73,-67,-63,-75,-37,-59,-81,-59,-69,-59,-69,-83,-59
418,"(1,2)",-63,-59,-51,-67,-57,-57,-71,-73,-61,-61,-75,-35,-63,-79,-63,-69,-63,-69,-81,-63
419,"(1,2)",-63,-65,-51,-69,-51,-61,-71,-73,-67,-63,-75,-37,-57,-81,-63,-69,-63,-75,-81,-63
420,"(1,2)",-63,-65,-51,-67,-57,-59,-73,-75,-67,-67,-73,-35,-57,-81,-63,-69,-67,-65,-81,-67
421,"(1,2)",-63,-69,-51,-69,-57,-63,-69,-75,-67,-63,-73,-39,-65,-81,-65,-69,-67,-65,-83,-65
422,"(1,2)",-65,-59,-51,-69,-59,-63,-69,-69,-67,-61,-75,-37,-65,-83,-65,-65,-67,-69,-83,-65
423,"(1,2)",-63,-67,-49,-69,-55,-59,-73,-65,-67,-61,-75,-35,-61,-81,-65,-65,-67,-69,-83,-65
424,"(1,2)",-63,-61,-51,-69,-51,-61,-73,-65,-65,-63,-75,-39,-67,-79,-65,-65,-63,-69,-81,-65
425,"(1,2)",-65,-61,-51,-69,-51,-57,-73,-75,-67,-67,-73,-37,-69,-81,-59,-67,-63,-69,-81,-65
426,"(1,2)",-61,-63,-51,-69,-59,-63,-67,-73,-65,-63,-73,-39,-63,-81,-65,-67,-63,-69,-81,-65
427,"(1,2)",-63,-65,-51,-67,-57,-63,-71,-75,-67,-57,-65,-35,-63,-83,-65,-65,-63,-69,-83,-65
428,"(1,2)",-65,-63,-51,-71,-57,-57,-71,-77,-67,-61,-73,-37,-63,-81,-59,-65,-63,-63,-83,-65
429,"(1,2)",-65,-63,-51,-69,-57,-61,-73,-73,-67,-63,-73,-35,-61,-81,-65,-67,-63,-67,-85,-65
430,"(1,2)",-65,-65,-51,-69,-51,-59,-75,-69,-67,-65,-73,-35,-61,-77,-65,-67,-63,-67,-85,-65
431,"(1,2)",-65,-65,-51,-69,-57,-59,-75,-69,-61,-57,-73,-39,-61,-81,-59,-69,-63,-65,-85,-65
432,"(1,2)",-63,-65,-53,-67,-59,-61,-69,-75,-67,-61,-75,-37,-61,-81,-65,-65,-65,-65,-83,-65
433,"(1,2)",-63,-69,-51,-67,-57,-61,-69,-73,-65,-61,-75,-37,-63,-83,-63,-65,-65,-65,-83,-63
434,"(1,2)",-63,-63,-51,-71,-51,-61,-71,-75,-67,-61,-75,-37,-67,-81,-63,-65,-67,-65,-83,-63
435,"(1,2)",-63,-65,-51,-67,-55,-57,-73,-73,-65,-61,-75,-37,-61,-81,-63,-65,-63,-65,-83,-63
436,"(1,2)",-63,-65,-51,-69,-57,-63,-73,-71,-67,-63,-75,-35,-67,-81,-63,-65,-67,-67,-83,-63
437,"(1,2)",-65,-69,-49,-69,-59,-85,-73,-67,-65,-59,-75,-39,-67,-81,-63,-65,-67,-67,-83,-63
438,"(1,2)",-63,-63,-51,-69,-55,-63,-71,-67,-67,-67,-73,-35,-63,-75,-65,-67,-67,-63,-83,-59
439,"(1,2)",-63,-65,-51,-69,-53,-61,-75,-73,-67,-63,-75,-67,-63,-81,-59,-67,-67,-63,-83,-57
440,"(1,2)",-63,-63,-51,-69,-51,-61,-67,-69,-67,-65,-75,-37,-65,-81,-75,-65,-63,-63,-83,-59
441,"(1,2)",-63,-63,-51,-69,-51,-61,-71,-75,-61,-65,-71,-35,-67,-81,-75,-65,-67,-65,-83,-59
442,"(1,2)",-65,-65,-51,-69,-55,-57,-73,-75,-67,-63,-73,-37,-63,-81,-75,-65,-67,-67,-85,-59
443,"(1,2)",-65,-65,-51,-67,-51,-55,-73,-65,-65,-63,-73,-35,-63,-81,-63,-65,-63,-67,-85,-63
444,"(1,2)",-65,-65,-51,-69,-57,-61,-73,-75,-67,-63,-65,-35,-65,-81,-63,-67,-67,-67,-85,-63
445,"(1,2)",-63,-69,-51,-69,-59,-61,-73,-73,-67,-63,-71,-35,-63,-81,-63,-67,-67,-67,-85,-63
446,"(1,2)",-65,-69,-51,-67,-53,-61,-67,-75,-67,-63,-75,-35,-67,-81,-67,-67,-67,-63,-83,-63
447,"(1,2)",-65,-61,-53,-69,-59,-61,-71,-65,-63,-63,-69,-39,-65,-81,-63,-67,-67,-69,-87,-63
448,"(1,2)",-63,-67,-51,-71,-57,-57,-71,-75,-61,-63,-71,-39,-63,-75,-65,-65,-63,-69,-81,-65
449,"(1,2)",-63,-61,-51,-65,-51,-63,-67,-65,-61,-67,-77,-35,-63,-81,-65,-65,-63,-69,-81,-65
450,"(1,2)",-65,-65,-51,-67,-57,-61,-71,-73,-61,-65,-75,-37,-63,-79,-65,-65,-67,-69,-81,-65
451,"(1,2)",-63,-69,-51,-69,-53,-61,-69,-75,-67,-65,-69,-37,-61,-81,-65,-65,-63,-69,-81,-65
452,"(1,2)",-65,-63,-51,-65,-57,-61,-73,-75,-67,-67,-75,-35,-67,-81,-65,-65,-67,-69,-81,-65
453,"(1,2)",-65,-63,-51,-67,-57,-61,-69,-73,-63,-67,-73,-37,-61,-83,-65,-65,-67,-69,-81,-65
454,"(1,2)",-65,-67,-51,-69,-59,-57,-69,-73,-67,-53,-75,-35,-67,-79,-65,-65,-67,-67,-91,-65
455,"(1,2)",-65,-63,-51,-65,-55,-57,-69,-67,-67,-53,-75,-33,-67,-81,-65,-65,-65,-67,-83,-65
456,"(1,2)",-65,-71,-51,-69,-53,-61,-73,-67,-67,-53,-75,-37,-67,-79,-65,-65,-65,-65,-83,-65
457,"(1,2)",-63,-65,-51,-71,-59,-61,-69,-67,-67,-69,-69,-37,-63,-81,-65,-65,-63,-65,-83,-65
458,"(1,2)",-63,-69,-51,-69,-51,-63,-71,-75,-67,-69,-75,-39,-63,-79,-83,-65,-65,-65,-83,-65
459,"(1,2)",-65,-59,-51,-65,-59,-63,-71,-73,-67,-65,-73,-35,-67,-81,-85,-65,-55,-65,-83,-83
460,"(1,2)",-63,-59,-51,-65,-57,-63,-73,-73,-67,-65,-75,-39,-65,-83,-85,-61,-65,-65,-83,-83
461,"(1,2)",-63,-67,-51,-69,-53,-57,-73,-75,-65,-67,-75,-37,-63,-77,-65,-61,-65,-67,-85,-65
462,"(1,2)",-63,-67,-51,-69,-57,-61,-73,-73,-65,-67,-75,-39,-63,-75,-65,-61,-65,-67,-83,-65
463,"(1,2)",-65,-67,-51,-67,-57,-61,-73,-69,-67,-63,-75,-37,-67,-75,-65,-61,-63,-67,-83,-65
464,"(1,2)",-63,-61,-51,-67,-55,-55,-73,-73,-65,-57,-61,-33,-63,-75,-83,-65,-63,-67,-83,-65
465,"(1,2)",-65,-71,-51,-69,-59,-63,-71,-73,-65,-67,-61,-37,-63,-75,-65,-65,-63,-67,-83,-65
466,"(1,2)",-63,-65,-51,-69,-59,-63,-71,-75,-65,-63,-71,-33,-63,-75,-65,-65,-69,-67,-83,-65
467,"(1,2)",-63,-67,-51,-69,-59,-63,-71,-67,-67,-67,-71,-37,-63,-75,-65,-65,-67,-67,-81,-65
468,"(1,2)",-65,-65,-51,-67,-59,-63,-71,-73,-67,-61,-69,-37,-63,-77,-87,-61,-67,-67,-81,-65
469,"(1,2)",-65,-67,-51,-69,-57,-61,-71,-67,-69,-61,-69,-35,-63,-75,-83,-61,-63,-67,-81,-65
470,"(1,2)",-65,-63,-51,-69,-57,-63,-71,-67,-69,-63,-71,-33,-63,-75,-65,-67,-63,-67,-91,-65
471,"(1,2)",-63,-69,-51,-67,-53,-61,-73,-73,-69,-67,-71,-33,-65,-83,-65,-67,-63,-67,-85,-65
472,"(1,2)",-63,-63,-51,-65,-55,-57,-73,-73,-65,-67,-71,-39,-63,-77,-65,-67,-67,-63,-83,-65
473,"(1,2)",-65,-63,-51,-69,-53,-61,-71,-67,-69,-63,-71,-39,-77,-77,-59,-65,-67,-63,-83,-57
474,"(1,2)",-63,-65,-49,-69,-53,-63,-73,-67,-61,-63,-71,-39,-77,-81,-65,-65,-69,-67,-81,-65
475,"(1,2)",-63,-65,-51,-67,-55,-61,-71,-75,-69,-61,-73,-37,-77,-73,-63,-65,-69,-67,-83,-63
476,"(1,2)",-65,-65,-51,-69,-55,-61,-71,-75,-67,-63,-73,-37,-77,-77,-65,-65,-67,-71,-83,-65
477,"(1,2)",-63,-63,-51,-71,-51,-61,-69,-75,-69,-61,-73,-37,-77,-77,-65,-65,-67,-69,-83,-65
478,"(1,2)",-65,-65,-83,-69,-69,-61,-65,-67,-65,-61,-75,-37,-67,-75,-63,-67,-63,-69,-83,-63
479,"(1,2)",-65,-65,-51,-69,-57,-61,-71,-75,-65,-57,-69,-37,-67,-77,-63,-67,-69,-69,-83,-63
480,"(1,2)",-65,-69,-51,-69,-59,-63,-73,-65,-61,-63,-69,-53,-61,-81,-63,-65,-69,-69,-81,-63
481,"(1,2)",-65,-67,-49,-67,-57,-61,-69,-75,-63,-63,-69,-39,-61,-81,-63,-65,-65,-69,-85,-63
482,"(1,2)",-65,-61,-51,-65,-55,-55,-69,-73,-61,-65,-69,-39,-59,-81,-63,-65,-65,-69,-85,-63
483,"(1,2)",-65,-69,-51,-67,-53,-61,-69,-73,-67,-65,-69,-35,-61,-81,-63,-65,-67,-69,-83,-65
484,"(1,2)",-63,-69,-51,-67,-51,-63,-71,-71,-65,-69,-67,-35,-67,-75,-63,-65,-63,-69,-83,-63
485,"(1,2)",-63,-65,-51,-69,-53,-61,-71,-71,-65,-63,-69,-35,-67,-75,-63,-65,-65,-69,-83,-63
486,"(1,2)",-63,-65,-51,-65,-55,-57,-71,-63,-65,-63,-73,-35,-67,-77,-65,-65,-65,-69,-83,-63
487,"(1,2)",-65,-69,-51,-69,-57,-61,-71,-71,-63,-79,-73,-39,-67,-81,-63,-67,-61,-69,-83,-65
488,"(1,2)",-65,-69,-51,-69,-57,-61,-69,-73,-63,-59,-73,-35,-65,-75,-63,-67,-61,-69,-83,-65
489,"(1,2)",-75,-69,-51,-69,-57,-61,-67,-75,-67,-63,-73,-35,-69,-77,-65,-63,-67,-67,-83,-65
490,"(1,2)",-75,-67,-51,-67,-53,-61,-73,-73,-67,-63,-71,-35,-63,-77,-65,-67,-63,-69,-83,-65
491,"(1,2)",-65,-61,-49,-67,-57,-63,-73,-75,-61,-69,-71,-37,-63,-77,-63,-67,-67,-69,-83,-63
492,"(1,2)",-65,-65,-49,-67,-51,-57,-73,-73,-65,-61,-71,-39,-67,-75,-65,-67,-67,-65,-83,-63
493,"(1,2)",-63,-65,-51,-69,-59,-61,-71,-73,-63,-63,-69,-39,-67,-75,-63,-67,-67,-65,-83,-63
494,"(1,2)",-65,-65,-51,-69,-57,-61,-71,-75,-67,-63,-71,-37,-67,-75,-63,-63,-67,-67,-85,-81
495,"(1,2)",-65,-65,-51,-69,-57,-61,-71,-71,-65,-63,-71,-37,-63,-75,-63,-65,-67,-67,-85,-63
496,"(1,2)",-63,-65,-49,-69,-57,-61,-71,-71,-65,-67,-71,-35,-65,-75,-63,-65,-69,-67,-85,-63
497,"(1,2)",-63,-65,-51,-69,-59,-61,-71,-69,-65,-61,-71,-39,-63,-75,-63,-65,-69,-65,-83,-63
498,"(1,2)",-63,-63,-51,-65,-57,-61,-71,-69,-61,-61,-71,-39,-63,-75,-63,-65,-63,-69,-83,-63
499,"(1,2)",-63,-69,-51,-69,-51,-57,-73,-77,-63,-67,-71,-39,-59,-75,-63,-65,-67,-69,-83,-63
500,"(1,2)",-63,-67,-51,-69,-59,-61,-73,-77,-65,-67,-71,-37,-63,-75,-65,-67,-63,-71,-83,-65
501,"(1,2)",-63,-69,-51,-69,-57,-61,-73,-73,-59,-63,-69,-37,-67,-77,-65,-67,-65,-67,-83,-65
502,"(1,2)",-63,-63,-51,-65,-59,-59,-71,-67,-65,-61,-63,-37,-67,-77,-65,-67,-63,-69,-83,-65
503,"(1,2)",-63,-59,-51,-67,-51,-61,-69,-67,-65,-65,-63,-35,-69,-75,-65,-65,-69,-69,-81,-65
504,"(1,2)",-63,-67,-51,-67,-57,-57,-67,-73,-61,-63,-63,-37,-69,-75,-59,-65,-69,-67,-81,-57
505,"(1,2)",-63,-59,-49,-69,-57,-61,-73,-73,-69,-61,-65,-37,-67,-75,-59,-65,-69,-67,-81,-57
506,"(1,2)",-63,-65,-51,-69,-61,-63,-73,-77,-65,-63,-73,-35,-67,-79,-63,-65,-67,-69,-81,-65
507,"(1,2)",-65,-65,-51,-69,-57,-63,-73,-73,-67,-61,-73,-35,-61,-83,-63,-65,-67,-69,-81,-65
508,"(1,2)",-65,-67,-51,-71,-57,-63,-73,-71,-65,-63,-75,-35,-67,-81,-63,-65,-63,-69,-85,-65
509,"(1,2)",-63,-65,-51,-69,-51,-61,-71,-67,-65,-63,-69,-37,-65,-81,-63,-65,-63,-69,-85,-63
510,"(1,2)",-63,-61,-51,-67,-57,-57,-67,-73,-67,-65,-71,-39,-89,-81,-63,-65,-63,-65,-83,-63
511,"(1,2)",-65,-63,-51,-69,-57,-55,-71,-79,-61,-63,-75,-39,-63,-81,-63,-65,-67,-69,-83,-63
512,"(1,2)",-65,-63,-51,-71,-55,-61,-69,-67,-67,-67,-61,-35,-67,-81,-59,-65,-63,-67,-83,-63
513,"(1,2)",-65,-61,-51,-71,-59,-61,-65,-75,-65,-67,-69,-33,-69,-77,-67,-67,-63,-67,-83,-59
514,"(1,2)",-65,-61,-51,-71,-57,-61,-69,-75,-65,-63,-71,-39,-63,-79,-67,-67,-63,-69,-83,-67
515,"(1,2)",-63,-63,-51,-71,-55,-61,-71,-75,-61,-67,-71,-39,-69,-75,-67,-67,-67,-69,-83,-65
516,"(1,2)",-63,-63,-51,-69,-53,-61,-73,-61,-63,-67,-71,-33,-69,-75,-67,-67,-67,-69,-83,-83
517,"(1,2)",-65,-61,-51,-71,-53,-61,-71,-77,-67,-63,-71,-33,-63,-75,-69,-67,-67,-69,-83,-69
518,"(1,2)",-65,-73,-51,-73,-57,-61,-65,-77,-67,-61,-73,-39,-65,-77,-65,-63,-67,-63,-83,-65
519,"(1,2)",-65,-65,-51,-69,-57,-61,-73,-77,-67,-63,-73,-39,-63,-77,-63,-67,-67,-63,-85,-63
520,"(1,2)",-65,-69,-51,-73,-55,-59,-67,-75,-67,-59,-73,-39,-63,-83,-59,-65,-67,-63,-85,-63
521,"(1,2)",-65,-69,-51,-71,-59,-61,-69,-75,-67,-63,-71,-37,-63,-77,-65,-67,-67,-69,-85,-65
522,"(1,2)",-63,-69,-51,-71,-59,-63,-71,-73,-67,-67,-71,-37,-69,-77,-65,-67,-67,-69,-85,-59
523,"(1,2)",-65,-65,-51,-69,-55,-63,-71,-67,-63,-63,-71,-37,-67,-77,-59,-65,-67,-69,-79,-57
524,"(1,2)",-63,-69,-51,-69,-59,-61,-73,-67,-63,-63,-73,-35,-67,-81,-65,-67,-67,-69,-79,-65
525,"(1,2)",-63,-69,-51,-69,-55,-61,-67,-73,-63,-63,-73,-35,-77,-75,-63,-67,-67,-69,-83,-65
526,"(1,2)",-65,-67,-51,-69,-57,-57,-69,-77,-65,-61,-73,-39,-61,-83,-57,-67,-67,-69,-83,-63
527,"(1,2)",-65,-65,-51,-65,-57,-59,-73,-77,-67,-69,-69,-37,-63,-83,-63,-67,-67,-69,-83,-63
528,"(1,2)",-61,-65,-51,-71,-57,-61,-65,-77,-67,-55,-69,-37,-67,-77,-63,-67,-67,-69,-83,-63
529,"(1,2)",-63,-65,-51,-69,-59,-61,-73,-77,-67,-55,-69,-37,-67,-77,-65,-67,-67,-69,-83,-65
530,"(1,2)",-63,-63,-51,-63,-57,-61,-73,-67,-65,-61,-71,-39,-63,-75,-65,-67,-65,-61,-87,-65
531,"(1,2)",-63,-63,-51,-63,-59,-57,-73,-67,-65,-63,-71,-39,-61,-75,-65,-67,-65,-61,-87,-65
532,"(1,2)",-63,-63,-51,-67,-55,-61,-65,-73,-65,-63,-71,-33,-61,-75,-65,-67,-63,-69,-79,-65
533,"(1,2)",-63,-67,-51,-65,-55,-57,-65,-73,-65,-63,-69,-33,-63,-75,-65,-65,-63,-69,-79,-57
534,"(1,2)",-65,-65,-51,-65,-57,-61,-73,-75,-61,-63,-69,-35,-67,-75,-65,-67,-67,-69,-79,-57
535,"(1,2)",-63,-63,-51,-63,-57,-61,-69,-71,-65,-63,-69,-35,-61,-75,-65,-67,-67,-67,-85,-65
536,"(1,2)",-63,-65,-49,-69,-59,-61,-69,-77,-67,-65,-69,-35,-63,-77,-65,-67,-67,-69,-85,-65
537,"(1,2)",-63,-69,-51,-67,-89,-57,-73,-77,-67,-65,-69,-37,-63,-75,-65,-67,-67,-67,-83,-65
538,"(1,2)",-63,-67,-49,-67,-59,-63,-67,-73,-67,-61,-71,-33,-63,-75,-65,-67,-67,-67,-83,-87
539,"(1,2)",-63,-73,-51,-67,-87,-61,-73,-75,-65,-61,-71,-33,-69,-77,-65,-67,-61,-67,-83,-87
540,"(1,2)",-63,-65,-51,-69,-57,-61,-73,-75,-67,-63,-71,-33,-63,-75,-65,-67,-61,-67,-83,-59
541,"(1,2)",-63,-61,-51,-69,-57,-61,-73,-75,-67,-65,-69,-33,-67,-75,-65,-67,-67,-67,-83,-59
542,"(1,2)",-65,-65,-51,-69,-59,-61,-73,-73,-61,-63,-71,-33,-65,-73,-65,-67,-67,-67,-83,-65
543,"(1,2)",-65,-63,-51,-69,-59,-61,-73,-73,-65,-63,-69,-33,-61,-75,-65,-65,-67,-67,-83,-65
544,"(1,2)",-65,-69,-49,-69,-53,-57,-67,-77,-65,-63,-69,-37,-67,-75,-65,-65,-63,-67,-85,-65
545,"(1,2)",-65,-69,-51,-67,-57,-61,-69,-77,-67,-67,-69,-33,-63,-75,-65,-65,-67,-67,-83,-65
546,"(1,2)",-63,-63,-51,-67,-57,-61,-71,-73,-69,-65,-71,-33,-65,-75,-65,-65,-57,-67,-83,-65
547,"(1,2)",-63,-65,-51,-63,-51,-61,-67,-75,-59,-61,-75,-35,-65,-75,-65,-67,-57,-67,-83,-65
548,"(1,2)",-65,-65,-49,-71,-51,-61,-67,-69,-67,-61,-75,-35,-67,-75,-61,-69,-57,-67,-83,-57
549,"(1,2)",-63,-65,-49,-71,-59,-61,-65,-69,-67,-67,-75,-35,-67,-77,-61,-65,-63,-67,-83,-59
550,"(1,2)",-65,-69,-51,-69,-53,-61,-73,-73,-67,-59,-73,-35,-67,-75,-65,-65,-57,-67,-83,-59
551,"(1,2)",-63,-63,-49,-63,-51,-63,-71,-73,-65,-59,-69,-33,-65,-73,-65,-65,-67,-69,-83,-59
552,"(1,2)",-61,-65,-51,-65,-57,-63,-67,-63,-65,-63,-69,-33,-69,-75,-65,-67,-63,-67,-83,-65
553,"(1,2)",-67,-65,-51,-67,-57,-61,-73,-73,-57,-61,-69,-35,-57,-77,-65,-65,-63,-69,-83,-65
554,"(1,2)",-63,-65,-51,-67,-57,-61,-71,-73,-57,-61,-69,-35,-67,-77,-67,-65,-67,-69,-81,-67
555,"(1,2)",-65,-63,-51,-67,-57,-63,-69,-73,-65,-61,-69,-35,-67,-77,-67,-65,-69,-69,-83,-67
556,"(1,2)",-65,-63,-49,-67,-51,-63,-71,-75,-65,-63,-73,-35,-65,-75,-63,-61,-69,-75,-85,-63
557,"(1,2)",-65,-67,-51,-67,-59,-61,-67,-73,-65,-63,-69,-35,-59,-75,-65,-61,-67,-75,-85,-65
558,"(1,2)",-65,-65,-53,-69,-55,-57,-73,-71,-67,-63,-73,-37,-59,-75,-65,-61,-69,-75,-85,-65
559,"(1,2)",-65,-65,-51,-65,-55,-57,-73,-77,-67,-63,-75,-33,-63,-83,-65,-65,-69,-75,-83,-65
560,"(1,2)",-65,-65,-51,-69,-57,-61,-73,-77,-67,-61,-73,-33,-63,-83,-65,-65,-69,-69,-83,-65
561,"(1,2)",-63,-65,-51,-65,-57,-75,-71,-69,-67,-61,-75,-37,-67,-77,-67,-65,-69,-69,-83,-65
562,"(1,2)",-65,-63,-51,-69,-55,-63,-51,-71,-67,-61,-71,-37,-63,-73,-67,-65,-67,-67,-83,-65
563,"(1,2)",-63,-67,-51,-71,-55,-57,-67,-69,-69,-61,-73,-37,-63,-73,-67,-67,-67,-69,-83,-65
564,"(1,2)",-61,-63,-51,-71,-71,-61,-71,-73,-63,-63,-73,-79,-63,-77,-67,-67,-63,-69,-83,-65
565,"(1,2)",-63,-73,-51,-65,-55,-61,-71,-69,-61,-63,-71,-39,-63,-77,-65,-67,-63,-69,-83,-65
566,"(1,2)",-63,-63,-51,-69,-53,-61,-73,-75,-65,-63,-73,-35,-63,-81,-65,-65,-63,-69,-83,-65
567,"(1,2)",-63,-65,-51,-67,-55,-61,-71,-73,-67,-63,-73,-37,-61,-77,-57,-61,-63,-67,-83,-65
568,"(1,2)",-63,-65,-51,-69,-53,-63,-73,-73,-61,-63,-73,-39,-61,-73,-65,-65,-63,-67,-83,-65
569,"(1,2)",-63,-65,-51,-69,-53,-61,-73,-73,-63,-61,-75,-39,-69,-81,-65,-65,-63,-67,-75,-65
570,"(1,2)",-63,-67,-51,-69,-57,-61,-73,-75,-63,-63,-71,-35,-63,-75,-65,-69,-69,-67,-81,-65
571,"(1,2)",-65,-65,-51,-67,-51,-61,-73,-73,-67,-63,-69,-35,-67,-81,-59,-65,-69,-67,-81,-59
572,"(1,2)",-65,-65,-89,-69,-51,-59,-67,-73,-67,-67,-73,-37,-69,-75,-67,-65,-63,-67,-81,-59
573,"(1,2)",-67,-61,-51,-69,-85,-61,-71,-73,-69,-61,-73,-37,-69,-77,-67,-65,-63,-67,-81,-59
574,"(1,2)",-65,-69,-51,-69,-53,-63,-65,-73,-65,-63,-71,-39,-65,-77,-65,-65,-63,-67,-81,-65
575,"(1,2)",-69,-71,-51,-71,-55,-61,-73,-73,-63,-59,-75,-35,-65,-79,-65,-61,-63,-67,-81,-65
576,"(1,2)",-67,-67,-49,-69,-57,-61,-69,-73,-63,-63,-75,-37,-65,-77,-65,-67,-63,-69,-83,-65
577,"(1,2)",-69,-65,-51,-69,-57,-61,-69,-69,-69,-61,-71,-37,-67,-77,-65,-67,-63,-67,-83,-65
578,"(1,2)",-67,-65,-51,-67,-53,-59,-73,-71,-67,-67,-77,-37,-69,-77,-57,-67,-65,-63,-83,-65
579,"(1,2)",-65,-69,-51,-69,-59,-63,-73,-71,-65,-67,-71,-37,-69,-77,-57,-67,-65,-63,-83,-65
580,"(1,2)",-63,-69,-51,-69,-61,-57,-73,-67,-67,-67,-73,-33,-67,-81,-57,-65,-65,-67,-83,-65
581,"(1,2)",-61,-71,-49,-69,-57,-63,-67,-69,-67,-69,-73,-35,-67,-81,-65,-65,-65,-67,-83,-65
582,"(1,2)",-61,-63,-51,-65,-59,-61,-69,-75,-63,-63,-73,-37,-67,-81,-65,-65,-67,-69,-83,-65
583,"(1,2)",-63,-67,-49,-69,-53,-61,-69,-75,-65,-69,-73,-37,-63,-75,-59,-65,-69,-69,-83,-57
584,"(1,2)",-63,-67,-51,-65,-59,-63,-69,-67,-65,-61,-73,-37,-65,-75,-59,-65,-65,-67,-83,-57
585,"(1,2)",-63,-59,-51,-69,-53,-81,-63,-67,-65,-65,-73,-37,-65,-75,-65,-65,-65,-67,-81,-65
586,"(1,2)",-65,-59,-49,-67,-51,-81,-63,-71,-67,-63,-73,-33,-65,-81,-65,-65,-63,-67,-83,-59
587,"(1,2)",-65,-59,-49,-69,-55,-81,-63,-71,-67,-63,-73,-33,-65,-81,-57,-57,-69,-69,-81,-57
588,"(1,2)",-65,-59,-51,-69,-57,-61,-71,-71,-65,-63,-71,-33,-61,-75,-63,-57,-57,-69,-81,-63
589,"(1,2)",-65,-65,-49,-69,-83,-61,-71,-71,-67,-69,-71,-39,-61,-75,-63,-67,-71,-69,-83,-63
590,"(1,2)",-65,-69,-49,-69,-57,-57,-71,-73,-67,-63,-71,-39,-65,-75,-65,-67,-71,-69,-83,-65
591,"(1,2)",-67,-69,-51,-67,-57,-63,-67,-73,-67,-63,-71,-35,-67,-77,-65,-69,-65,-69,-81,-65
592,"(1,2)",-67,-69,-51,-65,-57,-61,-69,-67,-61,-57,-75,-35,-69,-77,-85,-65,-63,-67,-83,-59
593,"(1,2)",-67,-73,-51,-69,-53,-61,-69,-75,-61,-61,-75,-35,-63,-77,-85,-65,-63,-67,-83,-61
594,"(1,2)",-67,-73,-51,-71,-57,-61,-67,-73,-67,-61,-71,-37,-63,-73,-65,-65,-69,-67,-83,-65
595,"(1,2)",-67,-67,-49,-69,-59,-61,-71,-73,-65,-61,-71,-37,-67,-81,-65,-65,-69,-67,-83,-65
596,"(1,2)",-65,-59,-51,-69,-53,-61,-71,-75,-67,-63,-71,-35,-63,-81,-65,-65,-67,-67,-83,-65
597,"(1,2)",-65,-59,-51,-69,-53,-61,-71,-71,-67,-63,-71,-35,-67,-75,-65,-65,-67,-69,-83,-65
598,"(1,2)",-63,-59,-51,-69,-59,-73,-73,-71,-65,-63,-71,-35,-69,-75,-65,-67,-63,-69,-83,-87
599,"(1,2)",-65,-65,-49,-67,-57,-61,-69,-71,-65,-61,-71,-37,-69,-75,-65,-67,-69,-69,-83,-65
600,"(1,2)",-65,-65,-51,-69,-51,-57,-69,-73,-67,-67,-75,-37,-69,-85,-65,-67,-69,-69,-83,-65
601,"(1,2)",-65,-65,-51,-71,-57,-59,-69,-67,-65,-63,-77,-39,-67,-83,-65,-65,-69,-69,-83,-67
602,"(1,2)",-67,-67,-51,-69,-59,-89,-71,-67,-63,-63,-73,-35,-63,-81,-65,-67,-69,-69,-85,-65
603,"(1,2)",-65,-65,-49,-67,-57,-61,-71,-67,-63,-63,-71,-39,-69,-83,-67,-65,-65,-67,-85,-67
604,"(1,2)",-67,-65,-51,-69,-55,-61,-71,-73,-65,-63,-75,-39,-69,-81,-65,-67,-67,-67,-85,-67
605,"(1,2)",-65,-65,-51,-69,-59,-61,-71,-73,-67,-63,-65,-39,-69,-81,-65,-65,-67,-67,-83,-67
606,"(1,2)",-65,-65,-51,-63,-57,-61,-67,-75,-67,-61,-65,-39,-63,-81,-65,-65,-67,-67,-83,-65
607,"(1,2)",-65,-67,-51,-69,-55,-61,-67,-77,-63,-63,-75,-39,-57,-81,-67,-65,-65,-67,-83,-65
608,"(1,2)",-65,-65,-49,-69,-57,-61,-73,-73,-61,-63,-75,-39,-63,-77,-67,-65,-65,-67,-83,-65
609,"(1,2)",-65,-65,-49,-65,-51,-61,-71,-73,-65,-61,-69,-33,-65,-75,-67,-65,-65,-69,-83,-65
610,"(1,2)",-65,-69,-51,-69,-51,-59,-73,-67,-69,-75,-71,-37,-63,-75,-65,-67,-67,-69,-83,-65
611,"(1,2)",-65,-65,-51,-71,-57,-63,-73,-67,-67,-65,-71,-35,-67,-77,-65,-65,-63,-69,-85,-65
612,"(1,2)",-67,-65,-49,-67,-53,-61,-71,-67,-65,-63,-71,-37,-67,-77,-65,-65,-63,-67,-85,-67
613,"(1,2)",-67,-65,-49,-69,-51,-61,-73,-73,-65,-61,-71,-37,-69,-75,-65,-65,-65,-67,-83,-65
614,"(1,2)",-67,-61,-51,-75,-53,-63,-73,-71,-67,-55,-75,-33,-69,-75,-65,-63,-65,-67,-83,-67
615,"(1,2)",-69,-67,-51,-69,-53,-61,-73,-73,-67,-63,-73,-33,-69,-75,-65,-63,-69,-67,-83,-65
616,"(1,2)",-67,-63,-51,-67,-57,-59,-69,-67,-67,-65,-73,-33,-67,-77,-65,-63,-63,-67,-83,-89
617,"(1,2)",-67,-65,-51,-69,-57,-63,-69,-73,-67,-61,-73,-39,-69,-77,-65,-63,-63,-67,-83,-65
618,"(1,2)",-67,-65,-51,-67,-57,-61,-69,-71,-61,-61,-73,-39,-59,-79,-65,-67,-67,-67,-83,-65
619,"(1,2)",-67,-65,-51,-69,-57,-61,-73,-69,-67,-61,-73,-35,-69,-79,-59,-67,-69,-69,-83,-61
620,"(1,2)",-69,-65,-51,-69,-87,-61,-73,-73,-67,-61,-73,-37,-63,-79,-65,-69,-69,-69,-83,-61
621,"(1,2)",-61,-63,-51,-71,-59,-61,-73,-67,-61,-61,-71,-37,-65,-73,-65,-69,-69,-67,-83,-67
622,"(1,2)",-67,-69,-51,-69,-57,-57,-73,-69,-61,-69,-71,-37,-63,-81,-65,-67,-63,-67,-83,-67
623,"(1,2)",-67,-69,-51,-67,-57,-57,-73,-69,-65,-63,-75,-39,-67,-77,-65,-67,-67,-67,-83,-65
624,"(1,2)",-69,-69,-51,-65,-57,-61,-73,-75,-65,-63,-75,-33,-67,-77,-65,-61,-67,-67,-83,-65
625,"(1,2)",-69,-67,-51,-65,-51,-85,-71,-75,-67,-63,-73,-33,-63,-77,-65,-61,-69,-67,-83,-65
626,"(1,2)",-69,-67,-51,-69,-55,-63,-75,-67,-67,-63,-73,-39,-63,-71,-65,-65,-69,-67,-83,-65
627,"(1,2)",-67,-69,-51,-69,-55,-61,-73,-73,-65,-63,-71,-39,-67,-77,-65,-63,-63,-67,-83,-65
628,"(1,2)",-69,-73,-51,-67,-57,-61,-73,-71,-65,-63,-71,-37,-79,-79,-67,-67,-65,-67,-83,-65
629,"(1,2)",-69,-67,-51,-69,-59,-61,-65,-71,-65,-63,-75,-37,-67,-79,-65,-65,-61,-69,-83,-65
630,"(1,2)",-69,-69,-51,-69,-51,-57,-69,-67,-65,-63,-75,-33,-67,-75,-59,-65,-69,-67,-83,-65
631,"(1,2)",-67,-65,-51,-69,-59,-63,-69,-67,-67,-63,-75,-33,-67,-75,-65,-67,-67,-67,-83,-67
632,"(1,2)",-67,-65,-51,-67,-59,-61,-69,-67,-63,-63,-75,-33,-65,-73,-65,-65,-69,-67,-83,-65
633,"(1,2)",-65,-65,-51,-69,-51,-61,-69,-67,-67,-63,-71,-33,-65,-75,-65,-67,-63,-67,-83,-65
634,"(1,2)",-67,-65,-51,-69,-57,-63,-73,-73,-67,-63,-71,-39,-63,-75,-57,-67,-69,-69,-83,-65
635,"(1,2)",-67,-65,-51,-69,-57,-83,-67,-75,-67,-63,-73,-49,-69,-75,-65,-67,-69,-69,-83,-67
636,"(1,2)",-67,-65,-51,-65,-57,-61,-73,-75,-69,-63,-71,-37,-69,-75,-65,-67,-69,-67,-83,-67
637,"(1,2)",-67,-65,-51,-65,-59,-63,-69,-63,-65,-59,-75,-37,-63,-77,-65,-67,-69,-67,-83,-67
638,"(1,2)",-63,-69,-51,-69,-53,-61,-73,-63,-67,-61,-75,-37,-67,-77,-65,-67,-69,-67,-83,-67
639,"(1,2)",-67,-65,-51,-69,-57,-61,-67,-73,-65,-63,-75,-35,-67,-77,-65,-67,-75,-67,-85,-67
640,"(1,2)",-67,-65,-51,-69,-59,-61,-69,-73,-65,-63,-75,-37,-67,-75,-67,-61,-67,-67,-75,-65
641,"(1,2)",-65,-67,-51,-67,-59,-61,-73,-73,-67,-63,-73,-37,-67,-77,-65,-61,-63,-67,-75,-65
642,"(1,2)",-65,-65,-49,-69,-57,-61,-71,-73,-67,-63,-73,-37,-63,-81,-59,-65,-63,-67,-81,-59
643,"(1,2)",-65,-65,-51,-71,-59,-61,-75,-73,-67,-67,-73,-39,-63,-81,-59,-65,-63,-67,-85,-59
644,"(1,2)",-65,-63,-51,-69,-51,-59,-71,-69,-67,-65,-63,-37,-61,-79,-65,-65,-67,-67,-85,-65
645,"(1,2)",-65,-65,-51,-63,-55,-57,-69,-71,-63,-63,-73,-37,-63,-81,-59,-65,-63,-67,-83,-65
646,"(1,2)",-61,-67,-51,-69,-51,-61,-73,-73,-67,-69,-75,-35,-65,-81,-65,-65,-63,-69,-85,-65
647,"(1,2)",-65,-69,-51,-69,-57,-61,-73,-75,-67,-63,-73,-35,-63,-81,-65,-63,-63,-69,-83,-65
648,"(1,2)",-65,-65,-51,-69,-59,-63,-67,-75,-69,-63,-73,-39,-69,-79,-59,-65,-69,-69,-83,-61
649,"(1,2)",-65,-65,-51,-69,-59,-61,-71,-65,-69,-63,-61,-37,-69,-81,-59,-67,-69,-67,-83,-61
650,"(1,2)",-67,-69,-51,-65,-53,-57,-71,-67,-63,-63,-73,-35,-59,-81,-61,-65,-69,-67,-83,-57
651,"(1,2)",-65,-59,-51,-71,-57,-61,-71,-67,-65,-63,-71,-39,-63,-81,-65,-67,-69,-67,-83,-65
652,"(1,2)",-67,-65,-51,-69,-51,-61,-73,-73,-67,-69,-63,-37,-63,-77,-65,-65,-69,-67,-83,-61
653,"(1,2)",-67,-69,-51,-69,-57,-63,-71,-73,-65,-61,-63,-37,-63,-77,-65,-65,-67,-67,-83,-65
654,"(1,2)",-63,-67,-51,-69,-89,-61,-65,-67,-65,-63,-73,-35,-59,-79,-65,-67,-67,-67,-83,-65
655,"(1,2)",-63,-69,-51,-71,-59,-61,-73,-71,-69,-61,-73,-35,-65,-77,-65,-65,-67,-67,-81,-65
656,"(1,2)",-67,-69,-51,-71,-57,-61,-71,-73,-69,-65,-69,-37,-63,-77,-65,-75,-63,-67,-83,-65
657,"(1,2)",-67,-69,-51,-71,-59,-59,-73,-73,-67,-63,-73,-37,-63,-79,-65,-67,-65,-61,-83,-65
658,"(1,2)",-67,-63,-51,-69,-57,-61,-73,-73,-67,-63,-73,-37,-65,-81,-65,-69,-69,-67,-83,-65
659,"(1,2)",-67,-63,-51,-69,-51,-61,-71,-73,-67,-69,-73,-39,-65,-79,-65,-61,-69,-67,-83,-67
660,"(1,2)",-67,-63,-51,-67,-57,-61,-73,-69,-69,-63,-71,-37,-69,-79,-65,-65,-65,-67,-85,-67
661,"(1,2)",-67,-59,-51,-71,-57,-61,-73,-69,-67,-63,-69,-37,-65,-75,-65,-63,-69,-67,-83,-67
662,"(1,2)",-67,-59,-51,-69,-57,-57,-69,-75,-69,-61,-77,-37,-65,-79,-65,-65,-65,-67,-83,-67
663,"(1,2)",-67,-63,-51,-67,-57,-57,-69,-73,-65,-61,-63,-37,-69,-81,-65,-65,-65,-67,-83,-65
664,"(1,2)",-61,-69,-51,-69,-59,-83,-71,-63,-69,-63,-73,-37,-65,-79,-65,-67,-65,-67,-83,-65
665,"(1,2)",-67,-63,-51,-69,-57,-57,-73,-73,-69,-63,-71,-37,-69,-79,-65,-63,-79,-67,-77,-65
666,"(1,2)",-67,-63,-53,-69,-59,-61,-75,-73,-69,-67,-73,-37,-69,-79,-63,-65,-69,-67,-77,-65
667,"(1,2)",-67,-63,-53,-67,-59,-61,-71,-71,-69,-63,-71,-37,-69,-77,-65,-67,-69,-67,-77,-65
668,"(1,2)",-67,-63,-51,-69,-53,-61,-73,-75,-69,-63,-73,-37,-65,-85,-65,-67,-65,-67,-83,-59
669,"(1,2)",-69,-63,-53,-69,-57,-57,-73,-75,-69,-63,-73,-35,-61,-79,-59,-67,-65,-67,-83,-59
670,"(1,2)",-67,-63,-51,-69,-57,-63,-73,-75,-69,-63,-73,-39,-61,-75,-59,-67,-65,-67,-83,-65
671,"(1,2)",-67,-65,-51,-67,-55,-59,-73,-73,-63,-63,-71,-39,-61,-81,-59,-65,-59,-67,-83,-65
672,"(1,2)",-67,-65,-51,-71,-53,-61,-75,-73,-67,-63,-71,-35,-65,-81,-59,-61,-59,-67,-83,-65
673,"(1,2)",-67,-69,-51,-89,-59,-63,-73,-67,-67,-65,-71,-37,-65,-79,-65,-65,-69,-67,-85,-65
674,"(1,2)",-65,-63,-49,-69,-57,-59,-71,-73,-69,-65,-71,-37,-69,-79,-59,-65,-69,-67,-83,-59
675,"(1,2)",-67,-65,-49,-65,-55,-55,-69,-73,-67,-63,-73,-33,-63,-75,-59,-67,-63,-67,-83,-59
676,"(1,2)",-63,-59,-51,-69,-59,-61,-75,-75,-67,-61,-71,-37,-67,-81,-65,-63,-63,-67,-83,-59
677,"(1,2)",-67,-65,-51,-65,-57,-61,-75,-69,-67,-63,-67,-37,-63,-81,-65,-67,-69,-59,-83,-65
678,"(1,2)",-69,-65,-51,-67,-51,-61,-71,-71,-69,-63,-67,-39,-63,-81,-57,-67,-63,-67,-83,-65
679,"(1,2)",-67,-65,-51,-69,-57,-61,-73,-75,-69,-61,-63,-39,-63,-73,-65,-67,-63,-67,-83,-65
680,"(1,2)",-69,-69,-51,-67,-59,-57,-71,-69,-69,-63,-71,-35,-63,-81,-65,-65,-65,-67,-83,-59
681,"(1,2)",-65,-67,-51,-67,-57,-61,-73,-75,-69,-63,-73,-33,-61,-75,-59,-65,-65,-67,-83,-59
682,"(1,2)",-65,-67,-51,-69,-51,-61,-69,-75,-67,-61,-73,-35,-61,-81,-65,-65,-69,-67,-83,-65
683,"(1,2)",-67,-65,-51,-67,-59,-61,-73,-77,-61,-61,-71,-37,-65,-81,-59,-65,-69,-65,-83,-61
684,"(1,2)",-67,-73,-51,-69,-59,-61,-73,-77,-67,-61,-73,-37,-63,-77,-63,-65,-69,-65,-85,-65
685,"(1,2)",-65,-65,-51,-71,-57,-61,-71,-67,-63,-67,-71,-35,-67,-77,-65,-63,-69,-61,-83,-65
686,"(1,2)",-65,-63,-51,-69,-59,-61,-69,-75,-67,-61,-73,-35,-71,-79,-63,-65,-69,-61,-83,-65
687,"(1,2)",-67,-69,-51,-65,-57,-59,-73,-75,-61,-61,-73,-33,-61,-81,-63,-65,-63,-69,-81,-65
688,"(1,2)",-65,-63,-53,-67,-57,-61,-69,-73,-67,-63,-73,-35,-67,-79,-59,-65,-63,-69,-81,-59
689,"(1,2)",-65,-63,-51,-63,-53,-73,-73,-69,-67,-67,-73,-37,-63,-79,-61,-65,-67,-67,-83,-57
690,"(1,2)",-67,-69,-51,-65,-57,-61,-71,-73,-67,-67,-71,-37,-63,-79,-59,-63,-67,-67,-83,-59
691,"(1,2)",-67,-69,-51,-69,-51,-61,-73,-75,-67,-67,-71,-37,-65,-75,-59,-63,-67,-69,-83,-59
692,"(1,2)",-67,-65,-51,-69,-57,-61,-73,-73,-69,-63,-73,-35,-65,-77,-59,-63,-67,-67,-81,-59
693,"(1,2)",-69,-65,-49,-69,-57,-57,-73,-73,-69,-59,-75,-33,-65,-75,-59,-63,-63,-67,-81,-59
694,"(1,2)",-67,-63,-51,-69,-57,-61,-71,-67,-67,-67,-71,-37,-61,-81,-59,-63,-65,-67,-81,-59
695,"(1,2)",-67,-63,-51,-61,-59,-61,-69,-73,-69,-63,-75,-37,-61,-75,-59,-67,-65,-67,-83,-59
696,"(1,2)",-69,-67,-51,-69,-55,-61,-73,-73,-69,-67,-73,-37,-65,-75,-65,-67,-63,-67,-83,-65
697,"(1,2)",-67,-65,-49,-69,-59,-57,-69,-75,-69,-63,-73,-37,-67,-79,-65,-67,-63,-67,-83,-65
698,"(1,2)",-69,-65,-51,-69,-53,-61,-73,-75,-61,-63,-75,-37,-67,-79,-65,-65,-69,-67,-83,-65
699,"(1,2)",-67,-69,-51,-69,-59,-61,-67,-67,-67,-69,-75,-33,-67,-81,-57,-65,-69,-67,-83,-65
700,"(1,2)",-65,-63,-49,-71,-57,-61,-71,-73,-65,-59,-75,-33,-63,-81,-65,-65,-69,-67,-83,-67
701,"(1,2)",-67,-65,-51,-67,-59,-61,-67,-73,-67,-65,-75,-33,-67,-79,-65,-65,-69,-67,-83,-65
702,"(1,2)",-69,-63,-51,-67,-55,-63,-71,-75,-65,-57,-75,-33,-67,-79,-59,-61,-69,-67,-83,-59
703,"(1,2)",-65,-69,-51,-79,-57,-61,-67,-73,-65,-63,-71,-37,-65,-79,-59,-61,-69,-67,-83,-61
704,"(1,2)",-65,-63,-51,-69,-53,-61,-73,-67,-67,-61,-73,-37,-65,-79,-59,-65,-69,-69,-83,-61
705,"(1,2)",-67,-63,-51,-69,-57,-61,-67,-71,-69,-67,-73,-37,-67,-75,-57,-65,-69,-69,-83,-61
706,"(1,2)",-67,-69,-51,-69,-53,-61,-73,-73,-67,-63,-75,-35,-67,-79,-65,-65,-65,-67,-83,-63
707,"(1,2)",-67,-65,-51,-69,-51,-61,-71,-75,-65,-59,-75,-37,-69,-79,-61,-65,-65,-67,-83,-57
708,"(1,2)",-69,-63,-51,-69,-59,-61,-73,-77,-69,-63,-73,-39,-63,-79,-65,-67,-65,-67,-75,-65
709,"(1,2)",-65,-63,-51,-69,-57,-61,-67,-73,-69,-63,-75,-39,-65,-81,-57,-67,-65,-69,-83,-59
710,"(1,2)",-67,-65,-51,-65,-53,-61,-65,-73,-67,-63,-73,-39,-69,-81,-57,-65,-63,-67,-83,-59
711,"(1,2)",-67,-71,-51,-69,-57,-61,-73,-71,-69,-63,-73,-39,-69,-77,-57,-65,-63,-61,-83,-65
712,"(1,2)",-67,-67,-51,-69,-59,-63,-71,-69,-67,-63,-75,-37,-69,-79,-65,-65,-63,-61,-73,-65
713,"(1,2)",-67,-67,-51,-71,-59,-63,-73,-75,-69,-63,-73,-37,-61,-79,-65,-65,-63,-61,-73,-65
714,"(1,2)",-67,-65,-51,-65,-53,-57,-75,-77,-69,-61,-73,-35,-69,-81,-65,-65,-63,-61,-73,-65
715,"(1,2)",-67,-69,-51,-69,-59,-63,-73,-75,-71,-63,-73,-33,-69,-81,-59,-65,-63,-75,-83,-59
716,"(1,2)",-67,-69,-49,-69,-51,-63,-73,-73,-71,-55,-73,-37,-69,-81,-59,-65,-63,-75,-83,-59
717,"(1,2)",-69,-63,-51,-69,-51,-61,-71,-69,-69,-61,-75,-35,-69,-81,-59,-65,-63,-67,-83,-59
718,"(1,2)",-67,-63,-51,-71,-51,-61,-71,-69,-69,-63,-65,-37,-63,-81,-59,-65,-63,-67,-83,-61
719,"(1,2)",-67,-63,-49,-69,-53,-61,-73,-75,-67,-67,-71,-39,-65,-77,-59,-67,-67,-67,-87,-61
720,"(1,2)",-65,-65,-51,-69,-57,-61,-69,-75,-69,-67,-63,-35,-67,-81,-59,-65,-67,-67,-83,-59
721,"(1,2)",-67,-65,-51,-65,-57,-59,-69,-73,-63,-63,-75,-35,-61,-79,-59,-65,-67,-67,-83,-61
722,"(1,2)",-65,-63,-51,-69,-59,-63,-69,-73,-63,-63,-75,-35,-61,-79,-59,-65,-69,-67,-81,-67
723,"(1,2)",-65,-63,-51,-67,-57,-61,-69,-69,-69,-53,-75,-33,-63,-79,-63,-65,-69,-67,-81,-67
724,"(1,2)",-65,-63,-49,-71,-59,-61,-73,-71,-69,-61,-75,-33,-65,-83,-65,-65,-69,-67,-81,-65
725,"(1,2)",-65,-69,-51,-67,-57,-61,-73,-73,-69,-63,-75,-33,-67,-81,-59,-67,-63,-67,-81,-65
726,"(1,2)",-69,-65,-49,-69,-55,-63,-73,-73,-71,-63,-71,-33,-63,-81,-59,-69,-65,-67,-81,-65
727,"(1,2)",-67,-63,-51,-71,-57,-61,-73,-75,-65,-65,-73,-35,-63,-81,-59,-69,-65,-67,-81,-65
728,"(1,2)",-67,-65,-53,-69,-57,-61,-73,-75,-65,-61,-75,-33,-65,-81,-61,-67,-63,-67,-83,-59
729,"(1,2)",-67,-65,-51,-69,-53,-63,-69,-75,-69,-67,-75,-39,-67,-81,-65,-65,-63,-71,-85,-65
730,"(1,2)",-65,-65,-57,-71,-53,-59,-71,-77,-69,-65,-71,-37,-71,-81,-61,-67,-69,-63,-83,-59
731,"(1,2)",-67,-65,-53,-79,-59,-59,-73,-75,-67,-65,-75,-37,-63,-79,-59,-67,-67,-63,-83,-59
732,"(1,2)",-67,-65,-51,-71,-59,-59,-73,-75,-67,-65,-73,-37,-63,-79,-59,-67,-67,-59,-83,-61
733,"(1,2)",-65,-65,-51,-69,-57,-61,-73,-59,-63,-63,-75,-37,-63,-81,-59,-67,-65,-63,-83,-61
734,"(1,2)",-67,-65,-51,-71,-59,-61,-73,-73,-71,-63,-75,-35,-63,-79,-59,-67,-65,-67,-83,-65
735,"(1,2)",-67,-75,-51,-69,-53,-57,-73,-71,-71,-61,-75,-35,-63,-81,-57,-65,-63,-67,-83,-57
736,"(1,2)",-67,-63,-51,-69,-51,-57,-73,-73,-69,-61,-75,-33,-59,-81,-65,-63,-63,-67,-83,-65
737,"(1,2)",-67,-65,-49,-69,-57,-57,-73,-69,-69,-63,-75,-35,-63,-77,-59,-63,-63,-67,-83,-59
738,"(1,2)",-67,-69,-51,-69,-59,-61,-67,-75,-69,-67,-75,-35,-65,-79,-65,-67,-63,-61,-83,-59
739,"(1,2)",-65,-65,-51,-69,-59,-61,-75,-73,-71,-67,-75,-37,-69,-81,-83,-67,-63,-67,-83,-59
740,"(1,2)",-65,-65,-51,-67,-59,-59,-75,-75,-61,-63,-65,-37,-63,-77,-83,-65,-63,-65,-83,-65
741,"(1,2)",-67,-65,-51,-69,-69,-61,-67,-73,-69,-63,-75,-37,-61,-75,-65,-65,-67,-67,-83,-65
742,"(1,2)",-65,-67,-51,-69,-59,-61,-75,-67,-69,-63,-75,-37,-67,-81,-65,-65,-67,-69,-83,-59
743,"(1,2)",-67,-75,-51,-69,-77,-61,-71,-73,-69,-65,-75,-35,-67,-81,-65,-65,-67,-69,-83,-63
744,"(1,2)",-65,-65,-49,-69,-77,-61,-73,-73,-69,-63,-75,-35,-67,-81,-65,-65,-63,-63,-83,-63
745,"(1,2)",-67,-63,-53,-69,-75,-57,-71,-75,-69,-69,-73,-39,-63,-81,-65,-65,-63,-63,-83,-65
746,"(1,2)",-65,-67,-53,-67,-57,-61,-73,-73,-69,-63,-75,-39,-67,-77,-65,-65,-69,-67,-65,-69
747,"(1,2)",-65,-63,-49,-69,-59,-61,-73,-73,-69,-63,-69,-37,-63,-75,-65,-65,-63,-69,-59,-59
748,"(1,2)",-65,-67,-51,-71,-59,-63,-73,-67,-67,-67,-69,-39,-65,-77,-63,-65,-63,-67,-59,-75
749,"(1,2)",-65,-67,-51,-69,-59,-61,-73,-67,-63,-63,-69,-37,-67,-81,-59,-65,-63,-67,-57,-61
750,"(1,2)",-65,-67,-51,-69,-53,-61,-71,-67,-67,-65,-73,-37,-67,-77,-59,-67,-67,-67,-57,-59
751,"(1,2)",-67,-65,-51,-67,-55,-63,-73,-75,-63,-67,-73,-37,-67,-81,-59,-67,-63,-67,-57,-71
752,"(1,2)",-65,-65,-51,-69,-57,-61,-75,-67,-69,-67,-73,-37,-69,-81,-65,-67,-67,-67,-65,-71
753,"(1,2)",-65,-65,-51,-71,-55,-61,-75,-67,-69,-63,-73,-37,-61,-81,-57,-65,-67,-67,-59,-71
754,"(1,2)",-65,-65,-49,-67,-57,-61,-73,-73,-69,-63,-75,-37,-61,-81,-59,-65,-67,-67,-59,-59
755,"(1,2)",-65,-67,-51,-69,-57,-61,-73,-71,-69,-79,-71,-37,-61,-77,-65,-67,-63,-67,-65,-71
756,"(1,2)",-65,-65,-51,-69,-55,-61,-73,-75,-69,-63,-71,-37,-67,-77,-65,-67,-67,-67,-65,-71
757,"(1,2)",-65,-65,-51,-67,-53,-57,-75,-73,-69,-63,-75,-37,-67,-81,-57,-65,-67,-67,-59,-59
758,"(1,2)",-67,-65,-51,-71,-59,-61,-73,-67,-69,-63,-75,-35,-65,-79,-83,-65,-63,-69,-59,-59
759,"(1,2)",-67,-67,-51,-65,-59,-61,-73,-73,-59,-63,-75,-35,-67,-81,-83,-67,-67,-69,-59,-71
760,"(1,2)",-65,-65,-51,-69,-57,-61,-73,-73,-69,-63,-75,-39,-63,-81,-83,-67,-69,-69,-59,-71
761,"(1,2)",-67,-59,-51,-67,-59,-61,-75,-73,-67,-63,-73,-39,-69,-81,-59,-67,-69,-67,-59,-65
762,"(1,2)",-65,-67,-51,-69,-55,-59,-75,-73,-61,-63,-73,-37,-69,-75,-59,-67,-69,-61,-59,-65
763,"(1,2)",-65,-65,-51,-69,-57,-57,-75,-73,-67,-63,-75,-37,-63,-77,-57,-67,-67,-67,-59,-61
764,"(1,2)",-63,-63,-51,-67,-61,-63,-75,-69,-67,-63,-71,-37,-63,-77,-57,-65,-69,-67,-59,-71
765,"(1,2)",-65,-65,-51,-67,-57,-61,-69,-69,-67,-63,-71,-37,-67,-77,-57,-65,-63,-67,-59,-71
766,"(1,2)",-65,-67,-51,-67,-59,-61,-73,-69,-67,-61,-71,-39,-65,-79,-57,-65,-63,-67,-59,-71
767,"(1,2)",-67,-65,-51,-69,-59,-63,-73,-69,-65,-63,-71,-39,-65,-77,-83,-65,-67,-67,-59,-71
768,"(1,2)",-65,-65,-51,-67,-57,-61,-73,-71,-67,-63,-73,-39,-65,-77,-59,-67,-67,-67,-57,-61
769,"(1,2)",-65,-65,-51,-67,-59,-61,-73,-73,-65,-61,-73,-37,-67,-77,-59,-67,-63,-67,-59,-59
770,"(1,2)",-67,-65,-49,-71,-53,-63,-73,-73,-69,-63,-71,-37,-67,-75,-61,-65,-69,-67,-59,-61
771,"(1,2)",-65,-71,-51,-69,-53,-61,-73,-71,-67,-61,-69,-37,-63,-75,-83,-63,-69,-67,-61,-59
772,"(1,2)",-69,-67,-51,-67,-51,-61,-73,-71,-67,-63,-69,-39,-63,-73,-59,-63,-63,-67,-59,-59
773,"(1,2)",-67,-67,-51,-69,-53,-57,-69,-75,-69,-63,-73,-39,-69,-79,-59,-65,-75,-63,-59,-63
774,"(1,2)",-67,-61,-51,-71,-77,-65,-73,-69,-69,-63,-73,-39,-69,-81,-85,-65,-75,-67,-63,-75
775,"(1,2)",-65,-65,-51,-71,-61,-61,-73,-73,-67,-63,-69,-39,-63,-77,-65,-65,-65,-67,-63,-59
776,"(1,2)",-67,-67,-51,-67,-57,-61,-75,-75,-69,-65,-71,-37,-63,-77,-59,-65,-69,-67,-57,-59
777,"(1,2)",-67,-67,-51,-67,-57,-61,-75,-73,-69,-63,-71,-37,-63,-75,-85,-67,-65,-67,-59,-61
778,"(1,2)",-67,-67,-51,-69,-59,-61,-75,-77,-63,-65,-71,-37,-63,-81,-85,-67,-63,-67,-59,-73
779,"(1,2)",-65,-65,-51,-67,-87,-63,-71,-77,-69,-63,-73,-37,-67,-81,-65,-67,-63,-67,-65,-71
780,"(1,2)",-65,-63,-51,-67,-51,-59,-71,-77,-69,-63,-75,-37,-67,-81,-65,-61,-67,-67,-65,-71
781,"(1,2)",-65,-65,-53,-67,-59,-61,-71,-67,-63,-63,-75,-37,-63,-81,-65,-67,-67,-67,-65,-71
782,"(1,2)",-65,-65,-53,-67,-55,-61,-71,-67,-67,-63,-73,-37,-63,-79,-59,-67,-65,-67,-57,-61
783,"(1,2)",-65,-69,-51,-69,-51,-63,-71,-73,-67,-63,-73,-37,-63,-79,-59,-67,-63,-67,-57,-59
784,"(1,2)",-67,-69,-51,-69,-59,-63,-63,-73,-67,-63,-73,-37,-63,-77,-65,-67,-63,-67,-65,-69
785,"(1,2)",-65,-69,-51,-67,-51,-59,-69,-75,-67,-63,-71,-33,-63,-77,-59,-65,-63,-67,-61,-69
786,"(1,2)",-65,-69,-51,-69,-59,-61,-73,-77,-61,-63,-71,-37,-63,-77,-65,-61,-69,-67,-65,-71
787,"(1,2)",-67,-67,-51,-69,-61,-61,-73,-69,-65,-63,-71,-37,-63,-75,-57,-65,-69,-67,-59,-71
788,"(1,2)",-67,-67,-51,-69,-59,-61,-69,-73,-65,-63,-71,-37,-67,-75,-61,-67,-67,-67,-59,-71
789,"(1,2)",-65,-65,-51,-67,-55,-61,-69,-75,-67,-53,-71,-37,-75,-75,-61,-67,-67,-67,-65,-71
790,"(1,2)",-65,-67,-51,-69,-51,-61,-69,-67,-67,-67,-73,-37,-67,-77,-65,-67,-63,-67,-65,-73
791,"(1,2)",-65,-67,-51,-69,-53,-61,-73,-75,-65,-63,-71,-37,-61,-75,-65,-67,-75,-67,-65,-73
792,"(1,2)",-67,-67,-51,-69,-53,-61,-73,-73,-67,-61,-71,-35,-61,-81,-65,-65,-67,-67,-65,-71
793,"(1,2)",-69,-69,-51,-69,-57,-61,-67,-73,-65,-63,-71,-33,-63,-81,-67,-67,-65,-65,-63,-69
794,"(1,2)",-69,-65,-53,-67,-57,-61,-67,-67,-69,-61,-73,-33,-69,-77,-67,-65,-65,-65,-65,-69
795,"(1,2)",-69,-59,-51,-65,-83,-59,-75,-69,-69,-63,-71,-33,-61,-83,-67,-67,-65,-65,-65,-69
796,"(1,2)",-69,-63,-51,-69,-59,-63,-71,-73,-63,-63,-75,-33,-71,-77,-67,-67,-63,-69,-65,-69
797,"(1,2)",-67,-63,-51,-69,-59,-61,-75,-73,-63,-63,-71,-33,-67,-77,-59,-67,-67,-63,-65,-69
798,"(1,2)",-69,-65,-51,-71,-55,-63,-73,-75,-67,-61,-71,-39,-67,-81,-59,-65,-63,-67,-65,-69
799,"(1,2)",-67,-67,-51,-69,-55,-61,-73,-75,-65,-77,-71,-73,-63,-79,-65,-67,-61,-65,-63,-61
800,"(1,2)",-67,-63,-51,-67,-57,-63,-73,-73,-65,-65,-73,-37,-63,-77,-65,-67,-61,-67,-63,-61
801,"(1,2)",-65,-65,-51,-67,-59,-61,-73,-77,-65,-63,-73,-37,-69,-75,-83,-67,-61,-67,-63,-61
802,"(1,2)",-67,-63,-49,-67,-55,-61,-71,-77,-65,-63,-73,-37,-69,-77,-65,-67,-67,-67,-65,-71
803,"(1,2)",-65,-69,-51,-67,-57,-61,-69,-75,-65,-63,-73,-37,-65,-77,-61,-63,-67,-67,-59,-59
804,"(1,2)",-65,-65,-49,-67,-51,-59,-73,-67,-65,-63,-73,-35,-65,-77,-57,-67,-67,-67,-61,-61
805,"(1,2)",-65,-65,-51,-69,-59,-59,-73,-67,-65,-63,-69,-37,-69,-75,-65,-67,-67,-67,-65,-71
806,"(1,2)",-71,-69,-49,-65,-53,-61,-69,-69,-65,-65,-69,-35,-63,-77,-63,-67,-69,-67,-65,-71
807,"(1,2)",-71,-61,-51,-69,-59,-61,-71,-67,-67,-67,-75,-35,-63,-75,-65,-63,-69,-67,-65,-73
808,"(1,2)",-69,-65,-51,-69,-57,-61,-73,-73,-69,-63,-71,-39,-63,-79,-65,-65,-69,-67,-65,-71
809,"(1,2)",-69,-67,-51,-69,-59,-61,-73,-73,-61,-65,-71,-37,-61,-77,-65,-65,-63,-67,-63,-71
810,"(1,2)",-67,-63,-51,-61,-59,-59,-75,-73,-65,-69,-77,-37,-61,-77,-65,-65,-63,-67,-65,-71
811,"(1,2)",-67,-63,-51,-67,-57,-61,-71,-71,-67,-63,-71,-37,-61,-77,-65,-65,-63,-67,-65,-71
812,"(1,2)",-65,-65,-51,-67,-59,-61,-75,-71,-67,-67,-71,-39,-63,-75,-65,-65,-63,-67,-65,-71
813,"(1,2)",-67,-65,-51,-65,-51,-61,-73,-67,-61,-63,-73,-39,-63,-79,-65,-65,-63,-67,-65,-71
814,"(1,2)",-65,-65,-51,-67,-59,-61,-73,-73,-69,-61,-71,-35,-65,-75,-65,-61,-63,-69,-65,-69
815,"(1,2)",-65,-63,-51,-65,-57,-61,-73,-67,-67,-65,-73,-37,-63,-77,-65,-61,-63,-69,-65,-61
816,"(1,2)",-67,-63,-51,-65,-51,-63,-73,-75,-65,-65,-73,-35,-57,-81,-65,-61,-63,-69,-65,-61
817,"(1,2)",-69,-67,-51,-65,-59,-61,-73,-71,-65,-63,-73,-35,-61,-77,-59,-65,-67,-69,-59,-61
818,"(1,2)",-69,-65,-51,-69,-61,-61,-71,-75,-65,-63,-71,-35,-63,-77,-59,-65,-67,-67,-61,-59
819,"(1,2)",-67,-69,-51,-69,-57,-57,-73,-71,-67,-69,-71,-37,-65,-75,-59,-65,-63,-67,-61,-59
820,"(1,2)",-67,-63,-51,-69,-57,-61,-69,-67,-65,-65,-71,-37,-67,-75,-59,-65,-67,-67,-61,-69
821,"(1,2)",-67,-67,-51,-69,-57,-63,-73,-67,-65,-63,-73,-37,-65,-79,-65,-65,-67,-69,-65,-69
822,"(1,2)",-69,-65,-51,-69,-59,-61,-71,-73,-65,-63,-73,-37,-65,-75,-59,-61,-67,-69,-59,-87
823,"(1,2)",-67,-71,-51,-69,-57,-61,-73,-73,-65,-65,-73,-37,-65,-75,-65,-61,-67,-69,-59,-69
824,"(1,2)",-67,-71,-51,-67,-55,-61,-69,-73,-65,-63,-75,-37,-63,-77,-65,-67,-63,-69,-59,-69
825,"(1,2)",-69,-63,-51,-69,-59,-61,-73,-77,-67,-63,-71,-33,-63,-79,-65,-67,-63,-67,-59,-69
826,"(1,2)",-67,-63,-51,-69,-57,-61,-65,-75,-69,-63,-75,-33,-69,-77,-65,-67,-63,-67,-59,-69
827,"(1,2)",-67,-63,-51,-69,-57,-59,-73,-73,-63,-63,-73,-33,-63,-77,-65,-63,-63,-67,-59,-73
828,"(1,2)",-69,-65,-51,-67,-57,-61,-71,-67,-63,-63,-75,-33,-69,-81,-61,-67,-63,-67,-59,-71
829,"(1,2)",-69,-75,-51,-65,-57,-61,-73,-67,-63,-63,-71,-33,-63,-77,-57,-63,-69,-67,-59,-59
830,"(1,2)",-69,-65,-51,-67,-53,-61,-73,-77,-69,-63,-75,-37,-63,-81,-57,-63,-79,-67,-59,-59
831,"(1,2)",-67,-65,-51,-69,-57,-61,-69,-75,-65,-63,-75,-39,-63,-81,-63,-63,-69,-67,-63,-59
832,"(1,2)",-69,-65,-51,-69,-61,-61,-73,-75,-67,-63,-73,-39,-69,-81,-63,-67,-63,-67,-63,-69
833,"(1,2)",-69,-65,-51,-67,-59,-61,-73,-75,-65,-63,-77,-39,-69,-81,-63,-67,-67,-67,-63,-69
834,"(1,2)",-67,-75,-51,-67,-59,-61,-73,-75,-67,-63,-71,-37,-69,-75,-63,-67,-67,-69,-63,-69
835,"(1,2)",-67,-65,-51,-69,-59,-63,-73,-67,-67,-61,-71,-37,-63,-77,-63,-67,-67,-69,-63,-69
836,"(1,2)",-67,-67,-51,-67,-53,-57,-73,-67,-67,-77,-71,-37,-63,-77,-63,-65,-67,-69,-63,-69
837,"(1,2)",-67,-65,-51,-69,-57,-63,-73,-75,-67,-63,-71,-35,-63,-77,-63,-65,-63,-67,-63,-69
838,"(1,2)",-69,-65,-51,-71,-53,-61,-71,-75,-67,-63,-73,-35,-63,-77,-59,-65,-63,-67,-59,-59
839,"(1,2)",-69,-67,-51,-69,-57,-59,-71,-73,-67,-63,-63,-33,-63,-79,-59,-65,-63,-69,-65,-71
840,"(1,2)",-67,-65,-51,-67,-59,-61,-73,-73,-63,-67,-73,-37,-63,-83,-65,-65,-63,-69,-65,-69
841,"(1,2)",-67,-65,-51,-81,-61,-61,-73,-73,-69,-67,-75,-39,-69,-83,-65,-61,-63,-65,-65,-69
842,"(1,2)",-67,-63,-51,-81,-53,-63,-73,-71,-67,-61,-75,-39,-81,-81,-63,-61,-65,-67,-63,-69
843,"(1,2)",-65,-65,-51,-69,-57,-63,-73,-67,-65,-65,-77,-65,-57,-81,-65,-65,-65,-65,-65,-71
844,"(1,2)",-65,-65,-51,-67,-71,-61,-67,-73,-69,-65,-75,-37,-57,-81,-65,-65,-69,-69,-65,-71
845,"(1,2)",-63,-63,-51,-69,-59,-61,-69,-73,-65,-65,-71,-37,-87,-79,-65,-65,-69,-69,-65,-71
846,"(1,2)",-63,-63,-51,-69,-51,-63,-71,-67,-65,-63,-77,-37,-63,-81,-65,-61,-63,-63,-67,-71
847,"(1,2)",-65,-63,-51,-69,-53,-63,-73,-73,-67,-63,-77,-37,-63,-83,-83,-65,-63,-67,-67,-71
848,"(1,2)",-63,-65,-53,-65,-59,-61,-73,-67,-67,-63,-75,-37,-63,-83,-83,-67,-63,-67,-67,-71
849,"(1,2)",-67,-59,-51,-71,-57,-61,-75,-69,-67,-63,-61,-35,-67,-81,-65,-67,-65,-67,-65,-69
850,"(1,2)",-61,-61,-51,-67,-57,-61,-75,-73,-67,-69,-61,-37,-63,-81,-65,-67,-69,-67,-65,-69
851,"(1,2)",-61,-71,-51,-67,-57,-61,-75,-73,-67,-69,-77,-37,-63,-81,-67,-67,-79,-63,-65,-71
852,"(1,2)",-65,-71,-51,-65,-53,-61,-75,-67,-69,-69,-79,-39,-69,-81,-67,-67,-69,-69,-65,-71
853,"(1,2)",-63,-67,-51,-65,-57,-61,-73,-77,-67,-63,-79,-35,-69,-81,-59,-67,-69,-69,-59,-59
854,"(1,2)",-65,-71,-51,-69,-57,-59,-73,-73,-67,-63,-77,-37,-69,-81,-65,-67,-69,-69,-81,-59
855,"(1,2)",-63,-71,-51,-65,-59,-61,-71,-71,-67,-61,-73,-33,-63,-79,-65,-67,-69,-69,-81,-71
856,"(1,2)",-63,-63,-51,-67,-55,-57,-75,-71,-67,-63,-79,-33,-69,-79,-65,-65,-69,-69,-81,-71
857,"(1,2)",-67,-63,-51,-69,-61,-61,-73,-67,-79,-63,-79,-37,-71,-83,-65,-67,-69,-69,-65,-69
858,"(1,2)",-65,-65,-51,-69,-57,-63,-73,-73,-63,-63,-71,-37,-71,-81,-65,-67,-63,-69,-65,-69
859,"(1,2)",-65,-69,-51,-65,-57,-57,-75,-73,-67,-63,-73,-37,-61,-79,-63,-65,-63,-69,-63,-73
860,"(1,2)",-65,-61,-51,-67,-59,-61,-73,-69,-67,-61,-77,-37,-65,-79,-63,-65,-63,-65,-63,-73
861,"(1,2)",-67,-63,-51,-69,-59,-61,-73,-67,-67,-61,-75,-37,-63,-81,-63,-69,-69,-67,-63,-71
862,"(1,2)",-63,-65,-51,-69,-59,-71,-73,-73,-67,-61,-77,-37,-67,-79,-63,-67,-69,-67,-65,-73
863,"(1,2)",-63,-65,-51,-69,-59,-61,-73,-75,-65,-67,-75,-37,-63,-83,-65,-67,-67,-67,-65,-71
864,"(1,2)",-65,-67,-51,-69,-53,-61,-73,-73,-69,-63,-63,-37,-63,-81,-61,-61,-63,-59,-57,-71
865,"(1,2)",-67,-63,-51,-65,-59,-63,-69,-73,-65,-61,-77,-39,-63,-83,-61,-67,-63,-59,-57,-71
866,"(1,2)",-65,-63,-51,-71,-57,-61,-73,-69,-67,-63,-77,-39,-63,-81,-65,-67,-63,-59,-65,-71
867,"(1,2)",-65,-63,-51,-69,-57,-61,-75,-69,-69,-63,-75,-37,-63,-75,-65,-67,-63,-59,-65,-71
868,"(1,2)",-63,-71,-51,-69,-53,-59,-71,-73,-63,-63,-71,-37,-65,-81,-65,-67,-65,-67,-65,-71
869,"(1,2)",-63,-63,-51,-69,-55,-57,-75,-73,-69,-63,-73,-39,-69,-81,-65,-65,-63,-67,-65,-71
870,"(1,2)",-65,-61,-51,-69,-55,-61,-75,-75,-69,-61,-75,-39,-63,-81,-65,-67,-63,-67,-65,-69
871,"(1,2)",-67,-75,-51,-67,-59,-61,-75,-73,-67,-63,-75,-35,-89,-75,-65,-67,-63,-67,-65,-71
872,"(1,2)",-65,-67,-51,-65,-59,-63,-75,-75,-65,-63,-73,-35,-69,-81,-65,-67,-69,-69,-65,-71
873,"(1,2)",-65,-63,-51,-69,-59,-59,-73,-69,-65,-61,-73,-39,-63,-77,-65,-67,-69,-69,-65,-71
874,"(1,2)",-65,-63,-51,-69,-53,-61,-73,-71,-69,-63,-73,-33,-63,-81,-65,-67,-69,-69,-65,-69
875,"(1,2)",-67,-69,-51,-65,-59,-61,-73,-73,-67,-61,-73,-33,-69,-79,-65,-67,-69,-69,-65,-69
876,"(1,2)",-67,-67,-51,-69,-57,-61,-71,-73,-63,-67,-77,-33,-69,-83,-59,-65,-69,-67,-65,-69
877,"(1,2)",-65,-65,-51,-69,-53,-61,-71,-69,-67,-67,-77,-33,-65,-81,-59,-65,-63,-67,-65,-69
878,"(1,2)",-63,-63,-51,-69,-55,-61,-71,-73,-67,-63,-75,-33,-69,-81,-59,-65,-65,-67,-65,-69
879,"(1,2)",-63,-63,-51,-69,-57,-61,-69,-75,-67,-63,-75,-37,-65,-81,-65,-67,-69,-67,-85,-71
880,"(1,2)",-67,-63,-51,-67,-57,-61,-69,-65,-67,-63,-77,-37,-63,-75,-65,-65,-67,-69,-85,-71
881,"(1,2)",-69,-63,-51,-69,-57,-57,-69,-73,-63,-61,-77,-37,-71,-83,-57,-67,-67,-69,-57,-59
882,"(1,2)",-65,-65,-51,-69,-57,-61,-73,-71,-67,-67,-75,-35,-63,-73,-65,-67,-63,-69,-57,-69
883,"(1,2)",-65,-65,-51,-69,-79,-61,-75,-73,-67,-63,-75,-39,-67,-83,-65,-67,-63,-69,-65,-73
884,"(1,2)",-63,-65,-51,-79,-61,-61,-75,-63,-67,-63,-75,-33,-65,-81,-65,-65,-67,-69,-67,-71
885,"(1,2)",-65,-65,-51,-69,-59,-61,-75,-71,-69,-61,-75,-39,-61,-81,-65,-65,-63,-67,-67,-73
886,"(1,2)",-63,-63,-51,-69,-57,-57,-75,-75,-69,-63,-77,-35,-69,-79,-59,-67,-69,-63,-57,-71
887,"(1,2)",-65,-65,-51,-69,-57,-57,-75,-69,-69,-63,-75,-35,-67,-79,-65,-67,-69,-69,-65,-71
888,"(1,2)",-65,-63,-51,-65,-59,-63,-75,-73,-65,-63,-75,-37,-67,-79,-65,-67,-59,-69,-65,-69
889,"(1,2)",-65,-63,-51,-67,-53,-63,-75,-73,-63,-63,-71,-39,-67,-83,-65,-67,-63,-65,-65,-73
890,"(1,2)",-63,-63,-51,-67,-53,-61,-75,-73,-63,-63,-73,-39,-69,-83,-65,-67,-63,-67,-65,-71
891,"(1,2)",-65,-65,-51,-67,-59,-61,-75,-61,-63,-69,-71,-39,-67,-79,-65,-65,-63,-67,-65,-71
892,"(1,2)",-65,-61,-49,-67,-59,-57,-67,-69,-63,-63,-71,-33,-63,-81,-65,-67,-63,-67,-65,-85
893,"(1,2)",-65,-63,-51,-69,-57,-57,-69,-67,-63,-63,-73,-37,-69,-81,-65,-67,-63,-61,-65,-85
894,"(1,2)",-65,-71,-51,-67,-59,-85,-73,-73,-65,-61,-61,-35,-71,-81,-65,-65,-69,-67,-65,-71
895,"(1,2)",-67,-63,-53,-71,-55,-59,-67,-75,-65,-65,-77,-35,-63,-79,-65,-67,-63,-67,-65,-71
896,"(1,2)",-65,-63,-51,-73,-57,-61,-69,-73,-67,-65,-77,-35,-63,-81,-83,-67,-61,-67,-59,-61
897,"(1,2)",-63,-71,-51,-69,-89,-63,-75,-75,-67,-65,-71,-39,-63,-75,-59,-75,-69,-67,-59,-61
898,"(1,2)",-65,-71,-51,-65,-81,-61,-73,-73,-67,-69,-71,-39,-67,-79,-65,-65,-69,-67,-59,-71
899,"(1,2)",-67,-71,-51,-65,-57,-61,-69,-73,-67,-69,-77,-35,-63,-81,-63,-65,-63,-67,-65,-71
900,"(1,2)",-65,-63,-51,-65,-55,-63,-71,-73,-67,-67,-75,-35,-63,-77,-59,-71,-63,-67,-65,-71
901,"(1,2)",-69,-63,-51,-71,-59,-61,-75,-71,-65,-63,-75,-35,-63,-81,-59,-71,-63,-67,-65,-71
902,"(1,2)",-65,-65,-51,-69,-59,-61,-75,-67,-65,-63,-61,-37,-63,-83,-59,-65,-65,-67,-65,-71
903,"(1,2)",-63,-63,-53,-65,-59,-61,-73,-67,-67,-63,-77,-35,-63,-79,-59,-65,-65,-67,-65,-71
904,"(1,2)",-65,-63,-51,-67,-57,-57,-73,-73,-61,-63,-75,-39,-63,-81,-63,-65,-63,-67,-65,-71
905,"(1,2)",-63,-69,-51,-69,-57,-61,-75,-73,-67,-69,-75,-37,-63,-83,-65,-65,-61,-69,-65,-69
906,"(1,2)",-63,-69,-51,-69,-59,-61,-75,-69,-69,-63,-71,-37,-67,-81,-65,-65,-61,-69,-65,-71
907,"(1,2)",-65,-63,-51,-69,-55,-61,-75,-77,-65,-67,-71,-37,-67,-83,-65,-69,-67,-69,-65,-71
908,"(1,2)",-65,-63,-53,-69,-59,-61,-75,-75,-67,-63,-77,-37,-63,-81,-65,-67,-67,-69,-63,-61
909,"(1,2)",-65,-63,-51,-65,-57,-61,-73,-73,-65,-61,-75,-37,-67,-83,-65,-67,-67,-69,-63,-69
910,"(1,2)",-65,-61,-51,-65,-53,-61,-75,-71,-67,-65,-75,-37,-65,-83,-65,-67,-57,-67,-63,-71
911,"(1,2)",-65,-61,-51,-65,-53,-61,-73,-69,-69,-61,-75,-37,-65,-81,-65,-67,-71,-67,-65,-71
912,"(1,2)",-65,-69,-51,-67,-59,-61,-73,-67,-69,-57,-75,-39,-65,-83,-63,-67,-63,-69,-65,-69
913,"(1,2)",-63,-65,-51,-67,-59,-61,-75,-67,-67,-69,-75,-37,-67,-83,-65,-65,-65,-69,-65,-69
914,"(1,2)",-67,-63,-51,-67,-53,-61,-75,-73,-67,-67,-63,-35,-67,-81,-77,-65,-63,-69,-65,-69
915,"(1,2)",-65,-59,-51,-69,-87,-61,-75,-69,-69,-63,-73,-33,-63,-81,-77,-65,-63,-69,-65,-69
916,"(1,2)",-65,-65,-51,-69,-83,-61,-71,-73,-67,-67,-63,-39,-63,-81,-77,-65,-63,-67,-65,-71
917,"(1,2)",-67,-65,-51,-69,-57,-61,-71,-69,-67,-63,-75,-39,-69,-83,-65,-59,-63,-67,-67,-71
918,"(1,2)",-65,-75,-51,-69,-59,-61,-73,-71,-67,-63,-75,-39,-69,-81,-65,-59,-63,-67,-65,-73
919,"(1,2)",-63,-73,-51,-69,-59,-61,-69,-73,-69,-61,-69,-39,-65,-79,-65,-67,-63,-67,-65,-69
920,"(1,2)",-63,-65,-51,-69,-59,-61,-67,-75,-69,-61,-73,-39,-65,-81,-65,-67,-63,-67,-65,-71
921,"(1,2)",-67,-63,-51,-69,-59,-61,-73,-69,-69,-61,-75,-37,-67,-81,-63,-65,-69,-67,-65,-69
922,"(1,2)",-65,-73,-51,-69,-57,-61,-71,-73,-61,-61,-75,-37,-67,-81,-59,-65,-69,-67,-57,-59
923,"(1,2)",-65,-63,-51,-69,-57,-61,-73,-77,-69,-63,-73,-39,-67,-81,-63,-65,-69,-67,-57,-59
924,"(1,2)",-63,-73,-53,-67,-57,-61,-75,-75,-63,-61,-71,-39,-63,-83,-63,-65,-63,-69,-63,-67
925,"(1,2)",-61,-63,-51,-69,-59,-61,-73,-75,-63,-63,-75,-33,-65,-81,-65,-65,-63,-69,-63,-69
926,"(1,2)",-65,-69,-51,-69,-57,-61,-71,-67,-67,-63,-63,-35,-61,-77,-63,-67,-65,-69,-65,-69
927,"(1,2)",-67,-65,-51,-69,-57,-63,-73,-67,-67,-63,-71,-35,-61,-81,-65,-67,-65,-69,-65,-71
928,"(1,2)",-63,-61,-51,-67,-57,-63,-73,-73,-63,-63,-73,-37,-63,-81,-65,-61,-77,-69,-65,-71
929,"(1,2)",-63,-61,-51,-69,-51,-61,-75,-73,-67,-63,-73,-37,-65,-81,-65,-61,-77,-69,-65,-71
930,"(1,2)",-61,-61,-51,-67,-55,-61,-73,-67,-67,-61,-87,-39,-63,-81,-65,-61,-65,-67,-65,-71
931,"(1,2)",-63,-71,-51,-65,-55,-57,-75,-75,-67,-61,-87,-35,-63,-77,-65,-67,-65,-67,-65,-71
932,"(1,2)",-61,-63,-51,-67,-51,-61,-69,-73,-67,-81,-73,-39,-61,-77,-65,-67,-63,-67,-65,-71
933,"(1,2)",-63,-69,-51,-67,-57,-61,-69,-73,-67,-61,-73,-39,-69,-81,-65,-67,-63,-67,-65,-69
934,"(1,2)",-63,-59,-51,-69,-59,-61,-75,-77,-67,-65,-73,-33,-63,-81,-65,-67,-67,-67,-65,-61
935,"(1,2)",-63,-63,-51,-71,-57,-61,-75,-69,-67,-63,-73,-37,-63,-83,-65,-67,-67,-67,-65,-71
936,"(1,2)",-59,-63,-51,-71,-57,-61,-69,-67,-67,-63,-73,-37,-63,-83,-65,-67,-63,-61,-65,-71
937,"(1,2)",-61,-63,-51,-71,-57,-63,-71,-71,-67,-63,-75,-33,-63,-81,-65,-65,-63,-67,-65,-71
938,"(1,2)",-63,-63,-51,-69,-57,-61,-71,-71,-67,-61,-75,-37,-63,-81,-65,-65,-61,-59,-65,-71
939,"(1,2)",-63,-63,-51,-69,-57,-59,-67,-73,-67,-63,-73,-35,-69,-81,-65,-67,-61,-59,-65,-71
940,"(1,2)",-63,-63,-51,-65,-59,-61,-75,-67,-67,-65,-73,-39,-69,-77,-65,-61,-61,-67,-65,-71
941,"(1,2)",-63,-63,-51,-65,-57,-61,-77,-75,-67,-63,-73,-39,-69,-77,-65,-65,-63,-69,-65,-71
942,"(1,2)",-61,-69,-51,-71,-59,-59,-77,-73,-67,-63,-71,-39,-69,-77,-65,-65,-65,-69,-63,-59
943,"(1,2)",-63,-61,-41,-71,-59,-61,-75,-75,-79,-67,-71,-39,-69,-83,-65,-67,-65,-69,-65,-69
944,"(1,2)",-63,-71,-49,-69,-57,-63,-73,-75,-63,-67,-65,-39,-69,-83,-59,-65,-83,-69,-59,-59
945,"(1,2)",-61,-69,-51,-69,-59,-61,-67,-75,-61,-67,-65,-39,-69,-81,-59,-65,-63,-69,-59,-59
946,"(1,2)",-61,-61,-49,-69,-89,-55,-71,-73,-67,-63,-65,-39,-69,-75,-59,-65,-89,-67,-59,-59
947,"(1,2)",-61,-63,-51,-69,-57,-61,-73,-73,-67,-63,-75,-37,-69,-77,-65,-65,-69,-67,-59,-71
948,"(1,2)",-61,-63,-51,-67,-59,-61,-73,-73,-69,-63,-75,-39,-69,-83,-65,-65,-69,-67,-57,-61
949,"(1,2)",-63,-63,-51,-69,-53,-61,-67,-73,-67,-63,-73,-33,-63,-83,-65,-61,-69,-69,-65,-69
950,"(1,2)",-61,-61,-51,-69,-61,-57,-73,-73,-67,-63,-73,-37,-63,-83,-59,-67,-63,-69,-59,-61
951,"(1,2)",-63,-69,-51,-67,-59,-61,-75,-73,-79,-63,-73,-37,-61,-79,-85,-67,-63,-65,-65,-69
952,"(1,2)",-63,-69,-51,-67,-51,-61,-75,-71,-67,-67,-73,-81,-61,-79,-65,-59,-63,-63,-65,-71
953,"(1,2)",-61,-59,-51,-69,-55,-61,-75,-73,-67,-67,-63,-35,-61,-83,-61,-65,-63,-63,-65,-59
954,"(1,2)",-63,-59,-51,-77,-59,-61,-75,-73,-67,-67,-71,-33,-67,-83,-65,-65,-79,-63,-65,-71
955,"(1,2)",-61,-65,-51,-77,-61,-63,-75,-73,-65,-63,-69,-81,-65,-83,-65,-67,-63,-63,-65,-69
956,"(1,2)",-63,-69,-51,-65,-61,-59,-75,-73,-67,-67,-71,-35,-63,-81,-65,-65,-69,-63,-59,-71
957,"(1,2)",-63,-63,-51,-69,-57,-61,-75,-73,-67,-63,-75,-37,-69,-77,-65,-67,-69,-67,-65,-69
958,"(1,2)",-63,-71,-51,-69,-59,-59,-73,-71,-65,-67,-73,-37,-67,-81,-65,-61,-69,-67,-65,-69
959,"(1,2)",-61,-69,-51,-69,-59,-63,-75,-73,-69,-63,-71,-35,-63,-83,-65,-61,-69,-67,-65,-71
960,"(1,2)",-61,-69,-49,-69,-59,-61,-73,-69,-65,-63,-73,-39,-69,-75,-65,-65,-63,-67,-65,-71
961,"(1,2)",-61,-69,-51,-69,-59,-63,-75,-75,-65,-63,-73,-37,-63,-83,-57,-65,-69,-69,-59,-59
962,"(1,2)",-61,-59,-49,-65,-57,-63,-73,-73,-67,-63,-73,-35,-69,-75,-57,-63,-69,-67,-61,-73
963,"(1,2)",-61,-63,-51,-65,-59,-61,-75,-75,-65,-61,-73,-35,-61,-75,-65,-67,-69,-67,-61,-71
964,"(1,2)",-61,-65,-51,-69,-51,-57,-75,-73,-67,-63,-63,-39,-61,-75,-65,-67,-63,-69,-61,-71
965,"(1,2)",-61,-61,-49,-69,-53,-61,-73,-69,-67,-65,-63,-39,-69,-83,-59,-65,-63,-69,-59,-59
966,"(1,2)",-61,-71,-51,-69,-85,-61,-73,-69,-67,-63,-65,-37,-69,-81,-59,-65,-63,-61,-59,-59
967,"(1,2)",-63,-63,-51,-67,-59,-63,-73,-73,-69,-61,-71,-37,-69,-81,-65,-65,-63,-61,-65,-71
968,"(1,2)",-61,-71,-51,-69,-57,-61,-75,-69,-67,-65,-71,-35,-61,-81,-65,-65,-67,-61,-65,-71
969,"(1,2)",-63,-63,-51,-65,-55,-57,-75,-71,-67,-67,-71,-39,-61,-81,-59,-67,-67,-63,-65,-71
970,"(1,2)",-65,-63,-51,-69,-59,-63,-75,-73,-67,-63,-71,-37,-69,-83,-65,-67,-63,-67,-65,-71
971,"(1,2)",-63,-63,-51,-65,-53,-61,-73,-73,-67,-63,-71,-37,-69,-81,-59,-59,-63,-67,-65,-71
972,"(1,2)",-65,-65,-51,-65,-59,-61,-75,-75,-67,-67,-75,-39,-65,-79,-65,-61,-63,-67,-65,-69
973,"(1,2)",-63,-63,-51,-67,-55,-61,-75,-71,-69,-67,-71,-37,-63,-83,-61,-61,-69,-67,-59,-59
974,"(1,2)",-65,-65,-51,-67,-57,-61,-73,-83,-69,-65,-63,-35,-63,-83,-65,-67,-69,-67,-63,-71
975,"(1,2)",-61,-69,-51,-67,-57,-61,-73,-67,-69,-67,-69,-37,-63,-81,-65,-65,-69,-67,-63,-59
976,"(1,2)",-67,-63,-51,-67,-57,-57,-75,-67,-65,-65,-89,-35,-65,-81,-65,-67,-61,-67,-65,-71
977,"(1,2)",-63,-63,-51,-69,-57,-59,-75,-73,-61,-65,-71,-33,-69,-83,-65,-67,-69,-67,-65,-71
978,"(1,2)",-67,-65,-51,-65,-55,-61,-75,-75,-65,-61,-73,-33,-71,-83,-65,-67,-69,-69,-65,-71
979,"(1,2)",-63,-71,-51,-65,-57,-61,-77,-73,-65,-67,-73,-33,-63,-81,-65,-67,-69,-69,-65,-71
980,"(1,2)",-63,-63,-51,-63,-53,-61,-77,-73,-65,-67,-71,-39,-63,-83,-59,-65,-65,-69,-67,-73
981,"(1,2)",-63,-71,-51,-69,-53,-57,-77,-73,-79,-67,-75,-37,-63,-81,-65,-65,-65,-67,-65,-71
982,"(1,2)",-65,-67,-51,-65,-57,-59,-75,-67,-67,-65,-73,-37,-69,-83,-65,-65,-65,-67,-65,-69
983,"(1,2)",-63,-65,-51,-69,-55,-57,-73,-67,-67,-63,-71,-37,-61,-81,-65,-61,-63,-67,-65,-71
984,"(1,2)",-61,-67,-51,-69,-55,-61,-73,-75,-67,-63,-71,-37,-61,-81,-65,-67,-63,-67,-87,-69
985,"(1,2)",-65,-67,-51,-63,-55,-61,-73,-71,-61,-63,-71,-69,-61,-81,-65,-67,-69,-71,-63,-69
986,"(1,2)",-61,-65,-51,-67,-57,-55,-71,-75,-67,-67,-73,-39,-61,-79,-59,-65,-69,-71,-65,-69
987,"(1,2)",-61,-61,-51,-67,-57,-61,-75,-77,-63,-61,-75,-37,-65,-79,-59,-67,-69,-71,-65,-69
988,"(1,2)",-65,-69,-51,-67,-61,-61,-75,-75,-69,-67,-73,-37,-69,-83,-65,-65,-65,-69,-65,-69
989,"(1,2)",-61,-65,-51,-69,-53,-61,-75,-73,-69,-63,-69,-37,-63,-83,-65,-65,-69,-69,-65,-69
990,"(1,2)",-63,-65,-51,-69,-59,-61,-75,-71,-67,-77,-71,-37,-63,-81,-65,-67,-67,-71,-65,-71
991,"(1,2)",-65,-63,-51,-69,-59,-63,-73,-67,-63,-63,-75,-37,-63,-83,-61,-65,-69,-71,-65,-61
992,"(1,2)",-61,-65,-51,-65,-57,-55,-69,-77,-69,-63,-75,-37,-63,-79,-65,-65,-69,-71,-65,-69
993,"(1,2)",-61,-63,-51,-77,-55,-59,-71,-73,-67,-67,-75,-37,-63,-77,-67,-65,-63,-71,-67,-83
994,"(1,2)",-63,-65,-51,-77,-53,-57,-73,-73,-67,-67,-75,-37,-63,-81,-67,-65,-63,-71,-67,-71
995,"(1,2)",-61,-63,-51,-67,-53,-63,-69,-73,-69,-63,-73,-37,-69,-81,-65,-65,-67,-71,-83,-71
996,"(1,2)",-61,-65,-51,-63,-51,-61,-69,-73,-67,-63,-73,-35,-65,-79,-65,-65,-59,-67,-65,-73
997,"(1,2)",-59,-65,-51,-63,-57,-61,-73,-75,-67,-67,-71,-35,-69,-79,-65,-67,-69,-67,-65,-69
998,"(1,2)",-63,-61,-51,-63,-57,-55,-77,-73,-65,-55,-75,-35,-65,-83,-59,-67,-65,-67,-59,-69
999,"(1,2)",-65,-65,-51,-67,-51,-61,-73,-73,-65,-67,-71,-33,-63,-83,-65,-67,-63,-67,-65,-69
