Unnamed: 0,"X,Y","""Convertidores Estaticos""
20:AA:4B:AE:FD:0A","""UdeC""
84:D4:7E:29:3E:80","""FabLab""
AC:84:C6:3E:EF:51","""SMA1930055648""
B0:72:BF:05:3C:3D","""Lab ERNC""
00:90:4C:91:00:03","""Eduescob1""
68:FF:7B:1D:44:01","""eduroam""
84:D4:7E:29:3E:82","""LCDA""
B0:48:7A:DE:14:8C","""Sistemas Electronicos""
64:70:02:40:6C:DE","""AP_1612927617""
BC:54:F9:FC:7F:60","""Laboratorio de Redes""
48:F8:B3:22:4C:FA","""Microondas""
48:F8:B3:22:4D:4B","""Lab Energia Renovable 2""
98:FC:11:54:32:53","""CE5CFB""
98:FC:11:E2:A6:A5","""Sala Dise\xC3\xB1o""
0A:18:D6:CB:01:A4","""Ing. Civil Telecomunicaciones""
00:1E:E5:7B:E0:BE","""Lab Energias Renovables""
F4:EC:38:D2:09:78","""Vibraciones""
50:C7:BF:DD:C3:B3","""LabSerc 2.4""
94:10:3E:86:13:20","""Die231""
EC:08:6B:42:B5:4A"
0,"(1,0)",-65,-65,-72,-79,-72,-79,-76,-79,-79,-77,-54,-68,-72,-72,-71,-66,-71,-72,-77,-79
1,"(1,0)",-65,-65,-74,-79,-71,-79,-76,-79,-77,-77,-54,-66,-72,-72,-72,-66,-72,-72,-77,-79
2,"(1,0)",-68,-65,-75,-79,-72,-79,-76,-79,-77,-77,-54,-66,-72,-72,-73,-66,-73,-72,-77,-79
3,"(1,0)",-68,-65,-74,-79,-72,-79,-76,-79,-76,-77,-54,-66,-72,-72,-73,-66,-73,-72,-77,-79
4,"(1,0)",-68,-65,-74,-79,-72,-79,-76,-79,-75,-77,-54,-65,-74,-72,-73,-66,-73,-72,-77,-79
5,"(1,0)",-67,-65,-75,-79,-73,-79,-77,-79,-74,-78,-53,-65,-74,-72,-73,-64,-73,-73,-77,-79
6,"(1,0)",-67,-75,-79,-72,-79,-77,-79,-74,-78,-53,-65,-74,-72,-72,-65,-73,-73,-76,-79,-86
7,"(1,0)",-67,-74,-79,-72,-79,-76,-79,-74,-78,-52,-65,-74,-72,-72,-64,-72,-73,-76,-79,-86
8,"(1,0)",-67,-73,-79,-72,-79,-76,-79,-73,-78,-52,-65,-73,-72,-72,-65,-72,-73,-76,-79,-85
9,"(1,0)",-67,-73,-79,-72,-79,-76,-79,-73,-78,-52,-65,-73,-72,-72,-65,-72,-73,-76,-79,-85
10,"(1,0)",-67,-73,-79,-73,-79,-75,-79,-73,-78,-54,-65,-73,-72,-72,-65,-72,-73,-77,-79,-85
11,"(1,0)",-67,-73,-79,-74,-79,-74,-79,-73,-78,-57,-65,-73,-72,-73,-65,-72,-73,-77,-79,-86
12,"(1,0)",-67,-73,-79,-74,-79,-74,-79,-73,-77,-57,-65,-73,-72,-73,-65,-72,-73,-77,-81,-87
13,"(1,0)",-67,-72,-79,-73,-79,-74,-79,-73,-77,-55,-65,-73,-72,-73,-65,-72,-73,-77,-81,-89
14,"(1,0)",-67,-72,-81,-73,-79,-74,-79,-73,-77,-55,-65,-73,-72,-73,-65,-72,-73,-77,-81,-89
15,"(1,0)",-67,-72,-81,-73,-79,-74,-79,-73,-77,-54,-65,-75,-72,-73,-65,-72,-73,-77,-81,-89
16,"(1,0)",-67,-73,-81,-74,-79,-75,-79,-73,-78,-54,-65,-74,-72,-73,-65,-72,-73,-76,-81,-89
17,"(1,0)",-67,-73,-80,-74,-79,-76,-79,-73,-78,-54,-65,-73,-72,-73,-65,-72,-74,-76,-81,-89
18,"(1,0)",-67,-73,-80,-74,-79,-77,-79,-73,-78,-54,-65,-73,-72,-74,-65,-72,-74,-77,-81,-89
19,"(1,0)",-67,-73,-80,-75,-79,-77,-79,-73,-78,-54,-64,-73,-73,-74,-65,-71,-75,-75,-81,-87
20,"(1,0)",-67,-73,-80,-75,-79,-77,-79,-73,-78,-54,-64,-74,-73,-74,-65,-71,-75,-75,-81,-87
21,"(1,0)",-67,-74,-80,-74,-79,-77,-79,-73,-78,-54,-64,-74,-73,-74,-63,-71,-74,-74,-81,-88
22,"(1,0)",-67,-73,-80,-74,-79,-76,-79,-73,-78,-54,-64,-74,-73,-74,-63,-71,-74,-75,-81,-87
23,"(1,0)",-67,-72,-80,-75,-79,-76,-79,-73,-78,-54,-64,-73,-73,-74,-64,-71,-74,-75,-82,-87
24,"(1,0)",-67,-72,-80,-74,-79,-77,-79,-73,-78,-54,-64,-73,-73,-74,-63,-71,-72,-75,-82,-86
25,"(1,0)",-67,-72,-80,-73,-79,-76,-79,-73,-78,-54,-64,-73,-73,-74,-65,-71,-74,-75,-81,-86
26,"(1,0)",-67,-72,-80,-73,-79,-76,-79,-72,-78,-54,-64,-74,-73,-74,-65,-71,-73,-75,-81,-85
27,"(1,0)",-67,-73,-80,-73,-76,-79,-72,-78,-54,-64,-74,-72,-74,-65,-71,-73,-75,-81,-85,-94
28,"(1,0)",-67,-73,-80,-73,-76,-79,-72,-78,-54,-66,-73,-72,-74,-65,-71,-73,-75,-81,-85,-93
29,"(1,0)",-67,-73,-80,-74,-77,-79,-72,-78,-54,-65,-73,-72,-75,-65,-71,-73,-76,-81,-85,-93
30,"(1,0)",-67,-74,-80,-73,-77,-79,-72,-78,-54,-65,-73,-72,-74,-65,-71,-73,-76,-81,-85,-93
31,"(1,0)",-67,-74,-80,-73,-77,-79,-72,-78,-54,-65,-73,-72,-74,-65,-71,-73,-76,-81,-85,-93
32,"(1,0)",-67,-74,-80,-73,-77,-79,-72,-78,-54,-65,-73,-72,-74,-65,-71,-73,-76,-81,-83,-93
33,"(1,0)",-67,-74,-80,-72,-77,-79,-72,-78,-54,-65,-73,-72,-74,-65,-71,-71,-76,-82,-83,-93
34,"(1,0)",-67,-74,-80,-72,-77,-79,-72,-78,-54,-65,-73,-72,-73,-65,-71,-71,-77,-82,-83,-93
35,"(1,0)",-67,-74,-80,-72,-77,-79,-72,-78,-54,-65,-73,-72,-73,-65,-71,-73,-77,-82,-85,-93
36,"(1,0)",-67,-74,-80,-72,-76,-79,-72,-78,-54,-65,-73,-72,-73,-65,-72,-73,-77,-82,-85,-80
37,"(1,0)",-67,-73,-80,-72,-76,-79,-72,-78,-54,-65,-73,-72,-73,-65,-72,-73,-77,-82,-85,-80
38,"(1,0)",-67,-73,-80,-72,-76,-79,-72,-78,-54,-65,-73,-72,-73,-65,-72,-74,-77,-83,-85,-80
39,"(1,0)",-67,-73,-80,-72,-76,-79,-72,-78,-55,-65,-73,-72,-73,-65,-72,-73,-77,-82,-86,-80
40,"(1,0)",-67,-73,-80,-73,-76,-79,-72,-78,-54,-65,-73,-72,-74,-65,-72,-73,-77,-83,-85,-80
41,"(1,0)",-67,-73,-80,-74,-76,-79,-72,-78,-54,-65,-73,-72,-74,-65,-72,-73,-77,-83,-83,-80
42,"(1,0)",-67,-73,-80,-75,-76,-79,-72,-78,-54,-65,-73,-72,-74,-65,-72,-73,-77,-82,-82,-80
43,"(1,0)",-67,-73,-80,-75,-77,-79,-72,-78,-54,-65,-73,-72,-74,-65,-72,-73,-77,-82,-82,-80
44,"(1,0)",-67,-73,-80,-75,-77,-79,-72,-78,-54,-65,-74,-72,-74,-65,-72,-74,-77,-81,-82,-80
45,"(1,0)",-67,-73,-80,-76,-77,-79,-72,-78,-53,-65,-74,-72,-74,-65,-72,-73,-77,-81,-82,-80
46,"(1,0)",-67,-73,-80,-75,-77,-79,-72,-79,-53,-65,-74,-72,-74,-65,-72,-73,-77,-81,-83,-80
47,"(1,0)",-67,-72,-80,-74,-76,-79,-72,-78,-54,-65,-74,-72,-73,-65,-72,-74,-77,-81,-83,-80
48,"(1,0)",-67,-72,-80,-72,-75,-79,-72,-78,-54,-65,-74,-72,-73,-65,-72,-74,-76,-81,-83,-80
49,"(1,0)",-67,-73,-79,-72,-76,-79,-72,-78,-54,-65,-74,-72,-74,-65,-72,-73,-77,-81,-86,-80
50,"(1,0)",-67,-73,-79,-72,-77,-79,-72,-78,-54,-64,-73,-72,-74,-65,-72,-72,-77,-81,-86,-80
51,"(1,0)",-67,-74,-79,-72,-77,-79,-72,-78,-54,-65,-73,-72,-74,-65,-72,-72,-77,-81,-86,-80
52,"(1,0)",-67,-76,-79,-72,-77,-79,-72,-78,-64,-65,-73,-72,-74,-65,-72,-72,-77,-81,-89,-80
53,"(1,0)",-67,-75,-79,-72,-77,-79,-72,-78,-60,-65,-73,-72,-74,-65,-72,-72,-77,-81,-89,-80
54,"(1,0)",-67,-74,-79,-73,-77,-79,-72,-78,-56,-65,-73,-72,-74,-67,-72,-72,-77,-81,-89,-80
55,"(1,0)",-67,-74,-79,-74,-76,-79,-72,-78,-55,-65,-73,-72,-74,-67,-72,-72,-77,-81,-87,-80
56,"(1,0)",-67,-73,-81,-74,-77,-79,-72,-78,-54,-65,-73,-72,-74,-66,-72,-72,-77,-81,-87,-80
57,"(1,0)",-67,-73,-81,-74,-77,-79,-72,-78,-54,-65,-73,-72,-74,-66,-72,-74,-77,-81,-87,-80
58,"(1,0)",-67,-74,-81,-73,-77,-79,-72,-78,-54,-65,-73,-72,-74,-66,-72,-74,-77,-81,-86,-80
59,"(1,0)",-67,-74,-81,-73,-76,-79,-72,-78,-54,-65,-73,-73,-74,-66,-72,-74,-77,-81,-87,-80
60,"(1,0)",-67,-74,-81,-74,-77,-79,-72,-78,-54,-65,-73,-73,-74,-66,-72,-74,-77,-81,-87,-80
61,"(1,0)",-67,-74,-81,-73,-76,-79,-72,-78,-54,-65,-73,-73,-74,-66,-72,-73,-77,-81,-87,-80
62,"(1,0)",-67,-73,-81,-73,-76,-79,-72,-78,-54,-65,-73,-73,-73,-65,-72,-73,-77,-81,-87,-80
63,"(1,0)",-67,-73,-81,-73,-75,-79,-72,-78,-54,-64,-73,-73,-73,-65,-72,-74,-77,-81,-84,-72
64,"(1,0)",-67,-73,-80,-73,-75,-79,-72,-78,-53,-65,-72,-73,-73,-65,-72,-79,-77,-81,-83,-72
65,"(1,0)",-67,-74,-80,-73,-75,-79,-72,-78,-53,-65,-72,-73,-73,-65,-72,-76,-77,-81,-83,-72
66,"(1,0)",-67,-73,-80,-73,-75,-79,-72,-78,-54,-65,-72,-72,-73,-65,-72,-74,-77,-81,-83,-72
67,"(1,0)",-67,-73,-80,-74,-76,-79,-72,-78,-54,-66,-72,-72,-73,-65,-72,-73,-77,-81,-82,-72
68,"(1,0)",-67,-73,-80,-74,-76,-79,-72,-78,-54,-66,-72,-72,-73,-65,-72,-73,-77,-81,-82,-72
69,"(1,0)",-67,-73,-80,-73,-76,-79,-72,-78,-54,-65,-72,-72,-74,-65,-72,-73,-77,-81,-85,-73
70,"(1,0)",-67,-72,-80,-73,-77,-77,-72,-78,-56,-65,-72,-72,-75,-65,-72,-73,-77,-81,-85,-73
71,"(1,0)",-67,-72,-80,-74,-77,-77,-72,-78,-55,-65,-72,-73,-75,-65,-72,-72,-77,-81,-84,-72
72,"(1,0)",-67,-72,-80,-73,-77,-78,-72,-78,-54,-65,-72,-73,-74,-65,-72,-72,-77,-81,-83,-72
73,"(1,0)",-67,-72,-80,-74,-77,-78,-72,-78,-54,-65,-72,-73,-74,-65,-72,-72,-77,-81,-85,-72
74,"(1,0)",-67,-73,-80,-74,-77,-78,-72,-78,-54,-64,-72,-73,-75,-70,-72,-72,-77,-81,-85,-73
75,"(1,0)",-67,-73,-80,-73,-76,-78,-72,-78,-61,-64,-72,-73,-75,-68,-72,-72,-77,-81,-85,-73
76,"(1,0)",-67,-72,-80,-72,-76,-78,-72,-78,-58,-64,-72,-73,-74,-67,-72,-72,-75,-81,-85,-73
77,"(1,0)",-67,-72,-80,-72,-75,-80,-72,-78,-56,-64,-72,-73,-74,-67,-72,-72,-76,-80,-86,-73
78,"(1,0)",-67,-72,-79,-72,-75,-80,-72,-78,-55,-64,-72,-73,-74,-66,-72,-74,-76,-80,-87,-73
79,"(1,0)",-67,-74,-79,-72,-76,-80,-72,-78,-54,-64,-72,-73,-74,-66,-72,-74,-76,-80,-87,-73
80,"(1,0)",-67,-74,-79,-73,-76,-80,-72,-78,-54,-64,-72,-73,-74,-66,-72,-73,-76,-80,-87,-73
81,"(1,0)",-67,-74,-79,-73,-76,-80,-72,-78,-54,-64,-72,-72,-74,-65,-72,-75,-76,-80,-86,-73
82,"(1,0)",-67,-73,-79,-73,-76,-80,-72,-78,-57,-64,-72,-72,-74,-65,-72,-74,-77,-80,-86,-73
83,"(1,0)",-67,-73,-79,-73,-75,-80,-72,-78,-55,-65,-74,-72,-74,-65,-72,-73,-77,-80,-86,-73
84,"(1,0)",-67,-72,-79,-73,-76,-80,-72,-78,-54,-65,-73,-72,-74,-68,-72,-73,-76,-80,-87,-73
85,"(1,0)",-67,-73,-79,-73,-76,-79,-72,-78,-54,-65,-73,-72,-74,-67,-72,-73,-76,-80,-87,-73
86,"(1,0)",-67,-73,-79,-72,-75,-79,-72,-78,-54,-65,-73,-72,-74,-67,-72,-72,-76,-80,-88,-73
87,"(1,0)",-67,-73,-79,-72,-75,-79,-72,-78,-54,-65,-73,-72,-74,-67,-72,-72,-76,-80,-88,-72
88,"(1,0)",-67,-73,-79,-72,-76,-79,-72,-78,-54,-65,-73,-72,-74,-67,-72,-73,-74,-80,-88,-72
89,"(1,0)",-67,-74,-79,-73,-77,-79,-72,-78,-54,-65,-73,-72,-75,-66,-72,-73,-75,-80,-86,-72
90,"(1,0)",-67,-74,-79,-73,-76,-79,-72,-78,-54,-65,-73,-72,-74,-66,-72,-73,-75,-80,-84,-72
91,"(1,0)",-67,-74,-79,-73,-77,-79,-72,-78,-54,-65,-73,-72,-74,-66,-72,-72,-75,-80,-84,-73
92,"(1,0)",-70,-74,-79,-73,-76,-79,-72,-78,-54,-65,-73,-72,-74,-65,-72,-72,-75,-80,-83,-73
93,"(1,0)",-69,-74,-79,-74,-77,-79,-71,-78,-54,-64,-73,-74,-74,-65,-72,-72,-74,-80,-84,-73
94,"(1,0)",-67,-74,-79,-75,-77,-79,-71,-78,-54,-65,-73,-74,-74,-65,-72,-72,-75,-80,-85,-73
95,"(1,0)",-67,-74,-79,-74,-76,-79,-71,-78,-54,-64,-73,-74,-74,-67,-72,-72,-75,-81,-86,-73
96,"(1,0)",-67,-75,-79,-74,-76,-79,-71,-78,-54,-65,-73,-74,-73,-67,-72,-72,-75,-81,-86,-73
97,"(1,0)",-67,-75,-79,-73,-76,-79,-71,-78,-54,-66,-73,-73,-73,-65,-72,-72,-75,-81,-85,-73
98,"(1,0)",-67,-74,-79,-73,-77,-79,-71,-78,-54,-66,-73,-73,-73,-65,-72,-72,-76,-81,-85,-73
99,"(1,0)",-67,-74,-79,-73,-77,-79,-71,-78,-54,-65,-73,-73,-73,-65,-71,-72,-76,-81,-85,-73
100,"(1,0)",-67,-74,-79,-73,-76,-79,-72,-78,-54,-65,-74,-73,-74,-65,-71,-72,-76,-81,-84,-73
101,"(1,0)",-67,-74,-79,-73,-77,-79,-73,-78,-54,-65,-74,-73,-74,-65,-71,-72,-76,-81,-84,-73
102,"(1,0)",-67,-73,-79,-73,-77,-79,-72,-78,-54,-65,-74,-73,-74,-65,-71,-74,-76,-82,-85,-73
103,"(1,0)",-67,-73,-79,-73,-77,-79,-72,-78,-54,-65,-74,-73,-73,-63,-71,-74,-76,-82,-85,-73
104,"(1,0)",-67,-73,-79,-73,-77,-79,-72,-78,-54,-65,-74,-73,-73,-64,-72,-73,-77,-81,-85,-74
105,"(1,0)",-67,-74,-79,-72,-77,-79,-72,-78,-54,-65,-74,-73,-73,-65,-72,-74,-77,-81,-83,-73
106,"(1,0)",-67,-74,-79,-73,-77,-79,-72,-78,-54,-65,-74,-72,-73,-65,-72,-75,-77,-81,-83,-73
107,"(1,0)",-67,-76,-79,-74,-77,-79,-72,-78,-54,-65,-73,-72,-73,-65,-72,-75,-77,-81,-83,-73
108,"(1,0)",-67,-74,-79,-74,-77,-79,-72,-78,-54,-65,-73,-72,-74,-65,-72,-74,-76,-81,-83,-73
109,"(1,0)",-67,-74,-79,-74,-76,-79,-72,-78,-53,-65,-73,-72,-74,-65,-72,-73,-76,-81,-85,-74
110,"(1,0)",-67,-73,-79,-74,-75,-79,-72,-78,-52,-66,-73,-72,-73,-65,-72,-73,-77,-82,-85,-74
111,"(1,0)",-67,-72,-79,-74,-76,-79,-72,-78,-52,-66,-73,-73,-73,-65,-72,-72,-77,-82,-85,-74
112,"(1,0)",-67,-72,-79,-73,-76,-79,-72,-78,-52,-68,-73,-73,-73,-65,-72,-72,-77,-82,-83,-75
113,"(1,0)",-67,-73,-79,-73,-76,-79,-72,-78,-52,-66,-73,-73,-73,-65,-72,-72,-77,-81,-82,-74
114,"(1,0)",-67,-73,-79,-73,-77,-79,-72,-78,-52,-65,-73,-73,-73,-65,-72,-72,-77,-81,-83,-74
115,"(1,0)",-67,-73,-79,-73,-76,-79,-72,-78,-52,-65,-73,-73,-73,-65,-72,-72,-77,-81,-83,-74
116,"(1,0)",-67,-73,-81,-73,-76,-79,-72,-78,-52,-65,-73,-72,-73,-65,-72,-72,-77,-81,-83,-74
117,"(1,0)",-67,-74,-81,-74,-76,-79,-72,-78,-53,-65,-73,-72,-73,-65,-72,-74,-77,-81,-84,-74
118,"(1,0)",-67,-73,-81,-75,-76,-79,-72,-78,-52,-65,-73,-73,-73,-65,-72,-75,-77,-81,-84,-74
119,"(1,0)",-67,-73,-80,-73,-77,-79,-72,-78,-52,-65,-73,-73,-73,-65,-72,-74,-77,-81,-84,-74
120,"(1,0)",-67,-73,-80,-74,-76,-79,-72,-78,-52,-65,-73,-73,-73,-65,-72,-74,-77,-81,-82,-74
121,"(1,0)",-67,-72,-80,-73,-76,-79,-72,-78,-53,-64,-73,-73,-73,-65,-72,-74,-77,-81,-82,-74
122,"(1,0)",-67,-72,-80,-73,-77,-79,-72,-78,-53,-64,-74,-73,-73,-65,-72,-74,-77,-81,-81,-74
123,"(1,0)",-67,-73,-80,-74,-77,-79,-72,-78,-53,-65,-74,-72,-72,-65,-72,-73,-77,-81,-81,-74
124,"(1,0)",-67,-73,-80,-73,-77,-79,-72,-78,-53,-65,-74,-72,-72,-65,-72,-73,-77,-81,-81,-74
125,"(1,0)",-67,-73,-80,-73,-77,-79,-72,-78,-52,-65,-74,-72,-72,-64,-72,-73,-77,-81,-81,-74
126,"(1,0)",-67,-73,-80,-72,-76,-79,-72,-78,-52,-65,-74,-72,-72,-64,-72,-73,-77,-81,-81,-75
127,"(1,0)",-67,-73,-80,-72,-75,-79,-72,-78,-53,-65,-74,-72,-72,-64,-72,-73,-77,-81,-80,-74
128,"(1,0)",-67,-72,-80,-73,-76,-79,-72,-78,-53,-65,-74,-72,-72,-65,-72,-72,-77,-81,-83,-73
129,"(1,0)",-67,-72,-80,-73,-76,-79,-72,-78,-53,-65,-73,-72,-72,-65,-72,-71,-77,-81,-83,-73
130,"(1,0)",-67,-72,-80,-73,-75,-79,-72,-78,-53,-65,-73,-72,-74,-65,-72,-72,-77,-81,-85,-74
131,"(1,0)",-67,-72,-80,-73,-75,-79,-72,-78,-53,-65,-73,-72,-74,-65,-72,-72,-77,-81,-83,-74
132,"(1,0)",-67,-73,-80,-73,-75,-79,-72,-78,-54,-65,-73,-74,-74,-66,-72,-73,-77,-81,-83,-74
133,"(1,0)",-67,-75,-80,-73,-75,-79,-72,-78,-54,-65,-74,-74,-74,-66,-72,-73,-77,-81,-83,-73
134,"(1,0)",-67,-74,-80,-73,-75,-79,-72,-78,-54,-65,-77,-74,-74,-66,-72,-73,-77,-81,-85,-73
135,"(1,0)",-67,-74,-80,-74,-75,-79,-72,-78,-54,-65,-75,-73,-74,-66,-72,-72,-77,-81,-85,-73
136,"(1,0)",-67,-74,-80,-73,-76,-79,-72,-79,-54,-65,-74,-73,-74,-66,-72,-72,-77,-81,-85,-73
137,"(1,0)",-67,-74,-80,-73,-76,-79,-72,-79,-54,-65,-74,-73,-74,-66,-72,-72,-77,-81,-86,-72
138,"(1,0)",-67,-74,-80,-73,-76,-79,-72,-79,-54,-65,-74,-73,-74,-66,-72,-72,-75,-81,-86,-72
139,"(1,0)",-67,-73,-80,-73,-77,-79,-72,-76,-54,-65,-73,-72,-74,-66,-72,-73,-75,-81,-86,-72
140,"(1,0)",-67,-73,-80,-73,-75,-79,-72,-77,-54,-65,-73,-72,-73,-66,-72,-73,-76,-81,-87,-72
141,"(1,0)",-67,-73,-80,-73,-76,-79,-72,-77,-54,-65,-73,-72,-73,-66,-72,-73,-76,-81,-87,-72
142,"(1,0)",-67,-73,-80,-74,-76,-79,-72,-77,-54,-65,-73,-72,-73,-66,-72,-73,-76,-81,-85,-72
143,"(1,0)",-67,-74,-80,-74,-76,-79,-72,-77,-54,-64,-73,-72,-73,-66,-72,-72,-76,-81,-85,-72
144,"(1,0)",-67,-73,-81,-74,-76,-79,-72,-77,-54,-64,-73,-72,-73,-64,-72,-72,-77,-81,-86,-72
145,"(1,0)",-68,-73,-80,-74,-76,-79,-72,-77,-54,-64,-73,-72,-73,-65,-72,-72,-77,-81,-87,-72
146,"(1,0)",-68,-73,-80,-74,-75,-79,-72,-78,-54,-64,-73,-72,-73,-65,-72,-72,-77,-81,-88,-72
147,"(1,0)",-67,-73,-80,-73,-75,-78,-72,-78,-54,-64,-73,-72,-74,-65,-72,-72,-77,-81,-88,-72
148,"(1,0)",-67,-73,-80,-73,-76,-78,-72,-78,-57,-64,-73,-72,-74,-65,-72,-72,-77,-81,-86,-72
149,"(1,0)",-67,-73,-80,-73,-76,-78,-72,-78,-57,-64,-73,-72,-73,-65,-72,-72,-77,-83,-85,-72
1,"(0,0)",-45,-69,-59,-65,-67,-79,-71,-79,-77,-75,-67,-77,-75,-79,-57,-83,-77,-77,-75,-71,-71,-83,-77,-75,-87,-83,-87
0,"(0,0)",-45,-69,-59,-63,-65,-81,-73,-81,-77,-79,-65,-77,-77,-79,-57,-83,-75,-77,-79,-73,-71,-83,-77,-75,-89,-83,-87
1,"(0,0)",-45,-69,-59,-65,-67,-79,-71,-79,-77,-75,-67,-77,-75,-79,-57,-83,-77,-77,-75,-71,-71,-83,-77,-75,-87,-83,-87
2,"(0,0)",-45,-71,-59,-65,-65,-79,-71,-79,-79,-73,-67,-77,-73,-79,-57,-83,-77,-81,-75,-73,-71,-85,-77,-75,-89,-83,-87
3,"(0,0)",-45,-69,-61,-65,-65,-81,-73,-79,-79,-73,-65,-77,-75,-79,-55,-83,-77,-81,-79,-75,-69,-83,-77,-75,-87,-83,-89
4,"(0,0)",-45,-69,-59,-65,-65,-79,-65,-79,-79,-73,-67,-75,-75,-79,-57,-83,-77,-79,-79,-75,-69,-83,-77,-75,-87,-83,-87
5,"(0,0)",-45,-69,-59,-65,-65,-79,-73,-79,-79,-73,-67,-75,-75,-81,-57,-83,-77,-81,-79,-75,-69,-83,-75,-75,-87,-83,-87
6,"(0,0)",-45,-69,-59,-63,-67,-79,-71,-81,-79,-79,-65,-77,-75,-77,-55,-83,-75,-81,-77,-75,-71,-83,-83,-75,-87,-83,-87
7,"(0,0)",-45,-69,-59,-63,-65,-81,-71,-75,-79,-75,-67,-77,-75,-77,-57,-83,-75,-81,-77,-75,-71,-83,-83,-75,-87,-83,-87
8,"(0,0)",-45,-69,-59,-63,-67,-71,-71,-75,-79,-75,-67,-77,-75,-75,-57,-83,-77,-77,-75,-65,-67,-83,-83,-75,-87,-83,-87
9,"(0,0)",-43,-69,-59,-63,-65,-79,-71,-79,-79,-73,-67,-75,-75,-79,-57,-83,-77,-77,-73,-65,-69,-83,-75,-75,-85,-83,-89
10,"(0,0)",-45,-67,-59,-63,-65,-87,-73,-77,-79,-73,-67,-75,-75,-75,-57,-83,-77,-79,-73,-65,-69,-85,-75,-75,-81,-85,-89
11,"(0,0)",-45,-69,-59,-65,-65,-77,-71,-65,-79,-79,-67,-77,-77,-77,-57,-83,-73,-79,-81,-73,-69,-85,-77,-75,-81,-85,-89
12,"(0,0)",-45,-69,-61,-65,-65,-77,-71,-65,-79,-79,-65,-77,-75,-79,-57,-81,-73,-81,-81,-73,-71,-81,-77,-81,-81,-85,-89
13,"(0,0)",-45,-69,-59,-65,-67,-79,-71,-89,-79,-73,-67,-77,-77,-79,-59,-81,-73,-77,-71,-73,-69,-83,-77,-81,-81,-85,-89
14,"(0,0)",-43,-67,-59,-65,-67,-79,-73,-89,-79,-75,-67,-77,-75,-79,-57,-83,-75,-81,-81,-73,-71,-83,-75,-75,-87,-85,-89
15,"(0,0)",-45,-67,-59,-63,-67,-79,-71,-89,-79,-71,-67,-77,-81,-71,-57,-83,-75,-79,-79,-71,-69,-83,-75,-75,-87,-85,-89
16,"(0,0)",-45,-67,-59,-65,-65,-81,-73,-89,-79,-79,-67,-77,-81,-75,-57,-83,-75,-81,-77,-69,-69,-83,-75,-75,-87,-85,-89
17,"(0,0)",-41,-69,-59,-73,-65,-81,-69,-79,-77,-73,-65,-77,-77,-79,-57,-83,-71,-79,-73,-69,-69,-83,-77,-75,-87,-83,-89
18,"(0,0)",-45,-69,-59,-63,-65,-81,-71,-79,-77,-77,-67,-77,-77,-77,-57,-83,-77,-77,-73,-71,-71,-85,-77,-75,-87,-83,-89
19,"(0,0)",-47,-69,-59,-63,-65,-79,-73,-81,-79,-75,-67,-75,-77,-77,-59,-83,-73,-79,-79,-71,-67,-85,-75,-75,-87,-83,-87
20,"(0,0)",-45,-69,-59,-63,-65,-81,-73,-81,-79,-79,-67,-75,-77,-79,-59,-85,-73,-77,-79,-69,-67,-85,-75,-79,-87,-83,-87
21,"(0,0)",-45,-67,-59,-71,-65,-79,-71,-77,-79,-73,-67,-75,-77,-79,-57,-85,-73,-77,-71,-71,-71,-85,-75,-79,-87,-85,-87
22,"(0,0)",-43,-71,-59,-65,-67,-79,-73,-77,-77,-79,-67,-75,-75,-77,-57,-85,-77,-81,-73,-73,-71,-85,-75,-79,-85,-85,-87
23,"(0,0)",-41,-71,-59,-65,-67,-75,-71,-81,-77,-77,-65,-77,-83,-77,-55,-85,-73,-83,-79,-69,-69,-71,-77,-81,-85,-85,-87
24,"(0,0)",-45,-69,-59,-63,-65,-79,-71,-75,-77,-73,-65,-77,-83,-75,-57,-85,-77,-81,-81,-71,-71,-71,-77,-81,-85,-83,-87
25,"(0,0)",-45,-71,-57,-63,-67,-77,-73,-75,-77,-73,-65,-77,-75,-75,-57,-83,-77,-81,-71,-69,-71,-83,-75,-75,-85,-85,-87
26,"(0,0)",-39,-69,-57,-63,-65,-79,-71,-75,-77,-77,-69,-77,-73,-79,-57,-83,-77,-81,-79,-69,-71,-85,-77,-81,-85,-85,-87
27,"(0,0)",-45,-69,-59,-63,-65,-79,-73,-79,-77,-77,-69,-75,-75,-79,-55,-83,-75,-79,-75,-69,-71,-85,-77,-81,-85,-83,-87
28,"(0,0)",-47,-69,-59,-63,-65,-79,-73,-79,-77,-75,-67,-75,-75,-79,-57,-83,-73,-83,-75,-69,-67,-83,-75,-81,-85,-85,-87
29,"(0,0)",-45,-67,-59,-65,-63,-81,-73,-77,-77,-73,-67,-75,-75,-79,-57,-83,-73,-81,-77,-71,-69,-87,-75,-81,-85,-87,-89
30,"(0,0)",-43,-69,-59,-65,-73,-79,-71,-73,-77,-85,-67,-77,-75,-77,-55,-81,-71,-83,-77,-65,-69,-87,-75,-81,-85,-87,-89
31,"(0,0)",-45,-69,-61,-63,-67,-79,-71,-73,-77,-73,-67,-75,-75,-77,-57,-85,-75,-73,-79,-71,-67,-83,-77,-81,-85,-87,-89
32,"(0,0)",-41,-71,-59,-63,-63,-73,-73,-75,-77,-79,-67,-75,-75,-79,-59,-85,-75,-79,-79,-67,-69,-83,-75,-81,-85,-83,-89
33,"(0,0)",-45,-69,-59,-63,-65,-79,-71,-81,-77,-73,-65,-77,-75,-79,-55,-85,-75,-81,-79,-67,-71,-83,-77,-81,-83,-89,-85
34,"(0,0)",-65,-67,-59,-63,-67,-71,-71,-83,-77,-73,-67,-77,-75,-79,-57,-85,-75,-77,-73,-75,-71,-85,-77,-77,-85,-89,-85
35,"(0,0)",-43,-71,-83,-63,-67,-81,-73,-83,-77,-73,-67,-75,-75,-79,-57,-85,-73,-81,-79,-67,-71,-87,-77,-75,-83,-89,-85
36,"(0,0)",-45,-71,-83,-63,-67,-79,-71,-75,-77,-79,-65,-77,-77,-75,-57,-83,-73,-79,-79,-71,-71,-83,-75,-75,-79,-89,-89
37,"(0,0)",-41,-69,-59,-63,-65,-77,-73,-75,-77,-77,-67,-77,-77,-75,-59,-83,-75,-79,-81,-73,-71,-83,-77,-81,-85,-89,-89
38,"(0,0)",-45,-69,-61,-63,-65,-81,-73,-75,-77,-77,-65,-75,-75,-79,-57,-83,-75,-81,-81,-75,-69,-83,-77,-75,-85,-89,-89
39,"(0,0)",-45,-69,-59,-63,-65,-81,-71,-75,-77,-77,-65,-77,-75,-79,-57,-83,-75,-77,-79,-75,-71,-85,-77,-81,-85,-89,-89
40,"(0,0)",-45,-67,-59,-63,-65,-81,-73,-75,-77,-77,-65,-75,-73,-77,-57,-85,-83,-81,-75,-69,-69,-85,-75,-75,-85,-89,-89
41,"(0,0)",-45,-69,-59,-63,-63,-75,-71,-75,-77,-77,-67,-75,-75,-79,-57,-85,-73,-77,-81,-71,-71,-81,-75,-75,-85,-85,-89
42,"(0,0)",-39,-69,-59,-63,-67,-75,-73,-79,-77,-77,-65,-75,-75,-73,-55,-85,-75,-81,-81,-71,-71,-81,-75,-81,-85,-89,-89
43,"(0,0)",-45,-69,-57,-63,-65,-81,-71,-79,-77,-79,-69,-75,-77,-77,-57,-83,-75,-79,-81,-69,-71,-85,-77,-81,-85,-89,-83
44,"(0,0)",-45,-69,-59,-63,-65,-81,-73,-79,-77,-73,-67,-75,-75,-77,-57,-83,-77,-81,-77,-69,-77,-83,-75,-81,-85,-89,-83
45,"(0,0)",-45,-69,-59,-63,-65,-81,-73,-79,-79,-79,-67,-75,-75,-77,-57,-85,-75,-79,-79,-67,-69,-83,-75,-81,-85,-89,-83
46,"(0,0)",-45,-69,-59,-63,-65,-81,-73,-79,-79,-77,-65,-77,-75,-79,-59,-85,-75,-79,-81,-67,-69,-83,-77,-75,-85,-87,-87
47,"(0,0)",-41,-69,-59,-61,-65,-81,-73,-75,-77,-75,-65,-77,-75,-79,-57,-83,-77,-81,-79,-67,-71,-85,-77,-75,-85,-87,-87
48,"(0,0)",-45,-71,-59,-63,-67,-79,-71,-75,-77,-77,-65,-75,-77,-77,-57,-83,-77,-79,-75,-67,-69,-83,-75,-75,-85,-87,-87
49,"(0,0)",-43,-69,-59,-63,-65,-81,-73,-75,-77,-77,-65,-75,-77,-77,-55,-83,-75,-79,-73,-67,-67,-85,-75,-79,-87,-87,-87
50,"(0,0)",-47,-71,-59,-61,-65,-79,-73,-81,-77,-73,-67,-75,-77,-75,-57,-83,-75,-79,-73,-67,-71,-85,-75,-75,-85,-87,-87
51,"(0,0)",-45,-69,-59,-63,-65,-79,-71,-79,-77,-79,-67,-75,-75,-75,-55,-83,-75,-81,-75,-69,-71,-79,-75,-75,-85,-81,-87
52,"(0,0)",-41,-69,-57,-65,-65,-79,-71,-79,-77,-73,-61,-75,-75,-79,-57,-83,-75,-75,-79,-71,-71,-83,-75,-89,-83,-81,-87
53,"(0,0)",-45,-67,-59,-65,-65,-79,-73,-79,-77,-73,-65,-75,-77,-79,-57,-81,-73,-81,-73,-71,-73,-83,-77,-75,-83,-81,-87
54,"(0,0)",-45,-69,-59,-63,-67,-75,-71,-81,-77,-73,-65,-75,-73,-79,-57,-87,-73,-79,-73,-71,-71,-83,-75,-75,-81,-81,-91
55,"(0,0)",-45,-69,-61,-63,-65,-79,-73,-81,-77,-73,-65,-75,-77,-79,-57,-83,-73,-81,-75,-71,-69,-85,-87,-75,-85,-81,-87
56,"(0,0)",-41,-71,-59,-63,-65,-79,-71,-81,-77,-73,-65,-75,-85,-77,-57,-83,-75,-71,-81,-67,-77,-83,-77,-75,-85,-81,-87
57,"(0,0)",-47,-71,-59,-63,-65,-79,-73,-73,-77,-77,-65,-75,-77,-77,-57,-83,-75,-77,-81,-67,-77,-85,-77,-75,-85,-81,-87
58,"(0,0)",-47,-69,-59,-63,-67,-79,-71,-73,-77,-73,-67,-75,-75,-75,-55,-83,-75,-79,-81,-67,-71,-87,-77,-75,-85,-81,-87
59,"(0,0)",-45,-71,-59,-63,-67,-79,-71,-79,-77,-79,-65,-77,-77,-77,-57,-83,-75,-81,-71,-73,-69,-83,-77,-75,-85,-81,-87
60,"(0,0)",-45,-71,-59,-63,-65,-81,-71,-79,-77,-73,-65,-77,-73,-77,-55,-83,-75,-81,-73,-73,-71,-71,-77,-75,-85,-81,-87
61,"(0,0)",-67,-67,-57,-63,-65,-75,-71,-79,-77,-71,-67,-77,-77,-77,-55,-83,-77,-77,-79,-69,-69,-85,-75,-79,-85,-81,-87
62,"(0,0)",-45,-69,-59,-63,-79,-79,-71,-79,-77,-73,-67,-71,-75,-77,-55,-85,-73,-79,-79,-71,-65,-85,-75,-75,-85,-89,-79
63,"(0,0)",-45,-69,-57,-63,-67,-81,-71,-81,-77,-77,-67,-71,-75,-77,-55,-85,-75,-77,-79,-71,-67,-85,-75,-75,-87,-89,-79
64,"(0,0)",-45,-69,-59,-63,-65,-81,-71,-81,-77,-71,-65,-75,-77,-77,-57,-85,-75,-79,-79,-71,-69,-85,-75,-75,-87,-89,-77
65,"(0,0)",-71,-69,-59,-63,-65,-81,-71,-81,-77,-75,-67,-75,-75,-79,-57,-85,-73,-81,-79,-71,-69,-85,-75,-75,-87,-87,-77
66,"(0,0)",-45,-69,-57,-63,-65,-79,-73,-79,-77,-73,-67,-75,-75,-79,-57,-85,-75,-79,-77,-71,-67,-85,-75,-75,-87,-85,-79
67,"(0,0)",-41,-69,-59,-63,-65,-79,-73,-81,-77,-71,-67,-75,-75,-79,-57,-85,-75,-77,-81,-73,-69,-83,-77,-75,-83,-89,-77
68,"(0,0)",-45,-69,-59,-63,-65,-79,-65,-75,-77,-77,-67,-75,-75,-77,-57,-85,-75,-79,-77,-71,-69,-85,-77,-75,-85,-89,-79
69,"(0,0)",-45,-71,-59,-63,-65,-77,-73,-75,-73,-79,-67,-77,-75,-77,-57,-85,-75,-81,-77,-71,-69,-85,-77,-81,-85,-89,-77
70,"(0,0)",-45,-67,-59,-63,-65,-81,-73,-75,-73,-79,-67,-75,-75,-77,-57,-85,-75,-77,-79,-71,-69,-85,-75,-81,-85,-89,-79
71,"(0,0)",-45,-69,-59,-63,-65,-81,-71,-75,-77,-77,-67,-77,-77,-77,-55,-85,-73,-79,-79,-67,-65,-85,-75,-81,-83,-89,-71
72,"(0,0)",-45,-69,-59,-63,-67,-79,-73,-75,-75,-79,-67,-77,-75,-77,-55,-85,-75,-79,-79,-69,-65,-81,-77,-75,-85,-89,-71
73,"(0,0)",-73,-67,-57,-63,-67,-79,-71,-75,-75,-77,-69,-77,-77,-77,-57,-85,-75,-79,-79,-69,-69,-83,-75,-81,-87,-89,-75
74,"(0,0)",-41,-69,-59,-65,-67,-77,-69,-73,-75,-73,-67,-77,-77,-77,-57,-85,-75,-81,-81,-69,-85,-85,-77,-75,-79,-89,-79
75,"(0,0)",-41,-69,-57,-65,-67,-79,-71,-79,-75,-75,-65,-75,-75,-77,-57,-83,-79,-79,-81,-71,-67,-85,-75,-79,-87,-87,-79
76,"(0,0)",-45,-69,-59,-65,-65,-75,-71,-81,-75,-75,-67,-75,-75,-77,-55,-87,-77,-77,-79,-69,-69,-83,-75,-79,-83,-87,-77
77,"(0,0)",-45,-69,-57,-71,-65,-81,-71,-73,-75,-75,-67,-75,-75,-77,-57,-87,-75,-81,-77,-71,-69,-83,-75,-75,-83,-87,-79
78,"(0,0)",-45,-69,-59,-63,-65,-81,-71,-73,-75,-73,-67,-75,-75,-79,-57,-87,-75,-79,-79,-71,-69,-83,-75,-75,-85,-87,-79
79,"(0,0)",-45,-69,-59,-63,-65,-77,-71,-73,-79,-73,-67,-77,-75,-79,-57,-83,-77,-81,-79,-75,-71,-83,-77,-75,-85,-87,-79
80,"(0,0)",-45,-67,-59,-65,-65,-77,-71,-81,-79,-73,-65,-77,-75,-79,-57,-83,-75,-77,-77,-69,-69,-83,-77,-75,-83,-87,-77
81,"(0,0)",-45,-69,-59,-71,-65,-77,-71,-75,-77,-77,-67,-75,-75,-77,-57,-81,-75,-87,-75,-75,-71,-83,-75,-75,-85,-87,-79
82,"(0,0)",-43,-69,-59,-63,-65,-79,-71,-75,-77,-79,-67,-77,-75,-77,-57,-85,-75,-77,-75,-73,-85,-85,-77,-81,-87,-87,-79
83,"(0,0)",-41,-69,-59,-63,-65,-79,-65,-75,-77,-75,-65,-77,-75,-77,-57,-83,-75,-79,-75,-69,-71,-83,-75,-81,-85,-87,-79
84,"(0,0)",-43,-69,-59,-65,-67,-79,-73,-75,-77,-73,-65,-75,-77,-79,-57,-83,-75,-81,-75,-69,-67,-87,-75,-75,-85,-87,-77
85,"(0,0)",-45,-71,-59,-63,-65,-79,-73,-75,-77,-71,-67,-75,-75,-79,-57,-87,-77,-79,-79,-69,-69,-85,-77,-77,-85,-87,-79
86,"(0,0)",-43,-67,-59,-63,-63,-73,-73,-71,-77,-73,-77,-75,-77,-79,-57,-87,-75,-79,-79,-71,-69,-83,-77,-81,-83,-87,-79
87,"(0,0)",-45,-69,-59,-63,-67,-79,-71,-81,-77,-75,-65,-77,-75,-79,-57,-85,-77,-79,-79,-67,-71,-85,-77,-81,-85,-87,-79
88,"(0,0)",-45,-71,-59,-63,-67,-79,-71,-73,-77,-75,-65,-77,-75,-79,-57,-85,-77,-77,-79,-67,-69,-83,-77,-75,-85,-91,-77
89,"(0,0)",-43,-69,-59,-65,-65,-81,-73,-77,-77,-77,-65,-77,-77,-77,-57,-85,-77,-79,-77,-67,-69,-83,-77,-75,-83,-87,-77
90,"(0,0)",-47,-69,-59,-63,-65,-81,-73,-77,-75,-73,-67,-77,-75,-79,-57,-81,-75,-79,-79,-67,-71,-83,-77,-81,-83,-87,-77
91,"(0,0)",-69,-67,-59,-63,-89,-69,-71,-77,-77,-77,-65,-77,-75,-79,-57,-85,-75,-75,-71,-67,-69,-71,-75,-81,-83,-89,-79
92,"(0,0)",-45,-67,-85,-63,-67,-69,-73,-81,-77,-71,-67,-75,-75,-79,-57,-85,-75,-77,-79,-67,-69,-85,-75,-75,-83,-89,-79
93,"(0,0)",-45,-69,-57,-63,-79,-71,-71,-81,-77,-71,-67,-75,-77,-79,-55,-83,-75,-79,-79,-69,-69,-85,-77,-75,-83,-89,-75
94,"(0,0)",-45,-69,-59,-63,-67,-79,-71,-75,-77,-73,-67,-75,-77,-79,-59,-83,-75,-79,-79,-71,-71,-85,-77,-75,-83,-89,-79
95,"(0,0)",-39,-69,-61,-63,-67,-81,-73,-75,-77,-75,-65,-77,-75,-75,-59,-85,-73,-81,-73,-67,-71,-83,-77,-75,-85,-89,-79
96,"(0,0)",-39,-71,-59,-63,-65,-81,-73,-75,-75,-77,-67,-77,-77,-79,-57,-87,-73,-79,-73,-69,-67,-87,-77,-81,-87,-89,-79
97,"(0,0)",-45,-67,-59,-65,-65,-79,-71,-79,-75,-79,-67,-75,-77,-79,-57,-87,-75,-77,-73,-71,-69,-83,-77,-81,-87,-89,-79
98,"(0,0)",-45,-69,-59,-65,-65,-79,-73,-79,-75,-75,-69,-75,-77,-79,-57,-87,-73,-73,-79,-73,-69,-83,-77,-81,-83,-87,-79
99,"(0,0)",-47,-69,-59,-63,-65,-79,-73,-81,-75,-75,-67,-77,-75,-79,-59,-85,-75,-79,-77,-73,-71,-83,-75,-75,-83,-87,-79
100,"(0,0)",-45,-69,-59,-63,-65,-79,-73,-75,-75,-77,-67,-77,-77,-79,-55,-85,-75,-79,-77,-73,-71,-81,-77,-75,-83,-87,-79
101,"(0,0)",-45,-67,-61,-63,-65,-79,-71,-75,-77,-75,-67,-77,-77,-79,-55,-85,-75,-77,-77,-67,-71,-81,-77,-79,-83,-87,-77
102,"(0,0)",-43,-69,-59,-63,-65,-71,-71,-75,-77,-73,-67,-77,-77,-75,-57,-85,-75,-79,-73,-69,-71,-77,-77,-79,-85,-87,-77
103,"(0,0)",-47,-69,-59,-63,-65,-79,-73,-71,-77,-75,-67,-77,-75,-79,-57,-83,-75,-79,-73,-73,-71,-77,-77,-79,-85,-87,-77
104,"(0,0)",-45,-71,-59,-63,-65,-79,-71,-71,-77,-73,-67,-77,-75,-79,-55,-85,-75,-79,-77,-73,-67,-85,-77,-75,-85,-89,-75
105,"(0,0)",-45,-69,-59,-63,-65,-69,-71,-75,-77,-73,-67,-77,-75,-79,-57,-85,-73,-79,-79,-71,-69,-87,-77,-75,-85,-89,-77
106,"(0,0)",-45,-69,-59,-63,-65,-79,-71,-75,-75,-79,-67,-77,-77,-79,-57,-83,-77,-79,-81,-71,-69,-85,-75,-75,-83,-85,-79
107,"(0,0)",-45,-69,-59,-61,-65,-79,-73,-81,-75,-73,-65,-77,-75,-77,-57,-87,-73,-79,-73,-69,-67,-85,-75,-75,-85,-89,-79
108,"(0,0)",-41,-69,-59,-63,-65,-79,-71,-81,-75,-73,-67,-77,-75,-77,-57,-87,-75,-79,-73,-71,-69,-85,-77,-75,-85,-89,-79
109,"(0,0)",-45,-71,-61,-65,-65,-81,-71,-81,-75,-71,-65,-77,-73,-79,-77,-87,-75,-83,-73,-75,-73,-85,-75,-75,-85,-85,-79
110,"(0,0)",-47,-69,-59,-63,-63,-81,-71,-75,-75,-77,-67,-77,-77,-79,-59,-87,-73,-77,-73,-69,-69,-87,-75,-75,-81,-87,-79
111,"(0,0)",-45,-69,-59,-63,-67,-79,-71,-75,-77,-75,-67,-77,-75,-79,-57,-85,-75,-79,-73,-71,-71,-87,-75,-75,-81,-87,-79
112,"(0,0)",-41,-69,-59,-61,-65,-79,-71,-79,-77,-73,-67,-77,-75,-79,-55,-85,-75,-79,-75,-69,-71,-83,-75,-81,-81,-85,-75
113,"(0,0)",-47,-69,-59,-65,-63,-79,-71,-75,-75,-77,-65,-75,-75,-79,-57,-81,-75,-79,-69,-69,-69,-85,-77,-79,-81,-87,-77
114,"(0,0)",-45,-71,-59,-63,-65,-79,-67,-75,-77,-73,-67,-77,-75,-79,-57,-85,-75,-79,-69,-73,-67,-83,-75,-81,-83,-87,-77
115,"(0,0)",-45,-77,-59,-75,-67,-81,-69,-75,-79,-79,-67,-77,-73,-79,-57,-85,-75,-79,-81,-71,-67,-85,-75,-81,-83,-87,-77
116,"(0,0)",-41,-69,-57,-75,-65,-81,-71,-75,-79,-77,-67,-75,-73,-77,-57,-83,-75,-79,-69,-71,-71,-87,-75,-73,-83,-87,-77
117,"(0,0)",-45,-69,-59,-63,-65,-81,-71,-79,-77,-75,-67,-77,-77,-77,-79,-83,-77,-81,-69,-71,-71,-85,-75,-75,-83,-87,-79
118,"(0,0)",-45,-69,-59,-63,-79,-71,-73,-79,-77,-73,-67,-77,-77,-79,-57,-83,-75,-79,-77,-71,-69,-85,-77,-79,-83,-87,-79
119,"(0,0)",-45,-67,-61,-65,-67,-79,-71,-79,-77,-79,-65,-77,-75,-79,-57,-83,-75,-79,-79,-69,-69,-85,-77,-79,-83,-91,-79
120,"(0,0)",-47,-67,-59,-65,-67,-81,-71,-81,-77,-77,-67,-75,-75,-79,-57,-83,-79,-79,-79,-65,-69,-89,-75,-81,-81,-89,-75
121,"(0,0)",-45,-67,-59,-63,-65,-77,-71,-75,-77,-77,-67,-77,-77,-79,-57,-83,-79,-79,-79,-65,-71,-83,-77,-75,-81,-89,-77
122,"(0,0)",-45,-67,-59,-63,-65,-75,-65,-75,-77,-73,-67,-77,-77,-79,-59,-83,-79,-79,-81,-73,-69,-85,-77,-75,-81,-89,-79
123,"(0,0)",-45,-67,-59,-63,-65,-81,-71,-75,-75,-75,-67,-77,-77,-77,-57,-83,-75,-79,-81,-71,-67,-85,-77,-75,-81,-89,-79
124,"(0,0)",-47,-67,-59,-65,-63,-77,-73,-75,-75,-77,-67,-77,-77,-79,-55,-83,-75,-79,-81,-73,-69,-85,-75,-75,-81,-89,-79
125,"(0,0)",-47,-67,-59,-65,-65,-79,-71,-75,-77,-79,-67,-77,-77,-79,-59,-83,-75,-81,-77,-71,-71,-71,-75,-75,-85,-89,-77
126,"(0,0)",-41,-71,-59,-63,-65,-81,-71,-75,-77,-73,-67,-75,-77,-79,-57,-77,-77,-79,-77,-71,-71,-85,-77,-75,-85,-89,-79
127,"(0,0)",-45,-71,-59,-61,-65,-79,-67,-75,-79,-79,-69,-75,-75,-73,-57,-85,-77,-81,-77,-71,-71,-85,-77,-79,-85,-89,-79
128,"(0,0)",-45,-69,-59,-63,-65,-79,-71,-77,-77,-77,-69,-77,-75,-77,-55,-83,-77,-79,-79,-71,-71,-83,-75,-79,-85,-85,-79
129,"(0,0)",-45,-69,-59,-63,-65,-79,-71,-73,-77,-77,-69,-75,-75,-79,-57,-83,-75,-79,-81,-71,-69,-85,-75,-79,-85,-85,-77
130,"(0,0)",-45,-67,-57,-63,-67,-79,-71,-73,-77,-67,-67,-77,-75,-79,-57,-83,-75,-79,-81,-71,-71,-83,-77,-73,-85,-85,-79
131,"(0,0)",-45,-71,-61,-65,-65,-79,-71,-81,-77,-85,-67,-77,-75,-77,-57,-83,-75,-81,-81,-71,-69,-81,-75,-73,-85,-87,-79
132,"(0,0)",-47,-69,-59,-63,-65,-79,-71,-75,-79,-73,-69,-77,-75,-79,-57,-83,-77,-77,-81,-69,-69,-85,-77,-75,-85,-87,-79
133,"(0,0)",-41,-69,-59,-65,-65,-79,-73,-73,-77,-79,-67,-75,-75,-79,-57,-85,-75,-75,-75,-67,-69,-71,-77,-81,-85,-85,-77
134,"(0,0)",-45,-69,-59,-65,-65,-81,-71,-75,-77,-75,-67,-77,-75,-77,-57,-85,-75,-75,-79,-67,-69,-83,-77,-73,-85,-87,-79
135,"(0,0)",-47,-69,-59,-65,-63,-81,-73,-75,-75,-79,-67,-77,-75,-79,-55,-83,-77,-79,-79,-65,-71,-87,-77,-89,-85,-87,-79
136,"(0,0)",-45,-69,-59,-63,-65,-77,-73,-75,-75,-75,-67,-77,-75,-79,-57,-85,-77,-79,-79,-81,-69,-85,-77,-89,-85,-89,-79
137,"(0,0)",-45,-69,-59,-61,-65,-77,-73,-75,-77,-71,-69,-75,-75,-79,-57,-85,-77,-79,-81,-73,-69,-85,-79,-79,-85,-89,-79
138,"(0,0)",-45,-69,-59,-63,-65,-81,-69,-81,-77,-77,-67,-75,-77,-79,-57,-85,-75,-79,-73,-75,-69,-85,-79,-75,-85,-87,-79
139,"(0,0)",-47,-69,-59,-63,-65,-79,-71,-81,-77,-73,-67,-75,-75,-79,-57,-85,-75,-77,-75,-67,-69,-85,-79,-73,-87,-77,-79
140,"(0,0)",-47,-71,-59,-63,-65,-79,-71,-79,-77,-73,-67,-75,-75,-77,-57,-81,-73,-81,-79,-69,-69,-85,-77,-81,-89,-77,-79
141,"(0,0)",-41,-69,-59,-63,-65,-77,-63,-75,-77,-75,-69,-75,-77,-71,-59,-81,-75,-77,-79,-69,-69,-85,-77,-81,-89,-79,-79
142,"(0,0)",-43,-69,-59,-65,-65,-81,-73,-75,-77,-75,-67,-77,-75,-79,-59,-83,-75,-79,-75,-71,-71,-85,-77,-75,-89,-79,-87
143,"(0,0)",-67,-67,-59,-63,-67,-81,-71,-75,-77,-73,-67,-77,-73,-79,-57,-83,-75,-79,-75,-71,-69,-83,-75,-75,-85,-79,-81
144,"(0,0)",-45,-69,-59,-63,-65,-79,-71,-81,-77,-75,-67,-75,-73,-79,-57,-83,-73,-75,-81,-71,-67,-83,-75,-75,-87,-79,-85
145,"(0,0)",-45,-69,-59,-63,-65,-79,-71,-81,-77,-73,-67,-77,-75,-79,-57,-87,-75,-79,-79,-69,-69,-87,-77,-75,-83,-79,-83
146,"(0,0)",-47,-69,-59,-63,-67,-79,-71,-75,-77,-73,-67,-77,-77,-79,-59,-87,-77,-79,-73,-69,-69,-85,-75,-75,-87,-77,-81
147,"(0,0)",-47,-67,-59,-63,-67,-71,-71,-75,-77,-79,-67,-75,-75,-79,-57,-85,-75,-79,-81,-73,-67,-79,-75,-81,-85,-79,-85
148,"(0,0)",-47,-65,-59,-63,-67,-79,-73,-81,-75,-73,-67,-75,-75,-79,-59,-83,-75,-79,-73,-65,-79,-85,-75,-73,-85,-77,-77
149,"(0,0)",-41,-69,-59,-63,-77,-79,-71,-75,-77,-77,-67,-77,-75,-77,-57,-83,-75,-77,-79,-73,-67,-83,-77,-81,-85,-77,-81
1,"(0,1)",-65,-69,-79,-75,-81,-59,-71,-69,-73,-73,-69,-69,-53,-69,-85,-81,-75,-71,-79,-73,-85,-73,-81,-73,-81,-87
0,"(0,1)",-69,-67,-79,-75,-81,-61,-73,-65,-75,-79,-71,-69,-53,-69,-85,-81,-73,-71,-79,-73,-83,-73,-81,-77,-81,-87
1,"(0,1)",-65,-69,-79,-75,-81,-59,-71,-69,-73,-73,-69,-69,-53,-69,-85,-81,-75,-71,-79,-73,-85,-73,-81,-73,-81,-87
2,"(0,1)",-67,-69,-75,-75,-81,-59,-73,-67,-75,-77,-73,-71,-41,-69,-83,-75,-73,-73,-79,-73,-85,-73,-81,-77,-79,-85
3,"(0,1)",-67,-69,-77,-73,-83,-59,-73,-63,-75,-79,-73,-71,-53,-67,-83,-81,-73,-75,-79,-75,-85,-77,-83,-73,-79,-85
4,"(0,1)",-69,-67,-77,-83,-77,-55,-73,-69,-73,-81,-71,-73,-53,-69,-81,-85,-73,-75,-79,-75,-85,-75,-79,-73,-79,-85
5,"(0,1)",-69,-69,-81,-77,-83,-61,-71,-69,-73,-81,-73,-63,-53,-69,-81,-79,-67,-75,-79,-75,-81,-75,-83,-77,-83,-85
6,"(0,1)",-69,-67,-77,-77,-81,-55,-73,-69,-75,-79,-71,-71,-41,-67,-81,-79,-67,-75,-79,-75,-81,-75,-81,-77,-83,-85
7,"(0,1)",-65,-67,-79,-75,-81,-61,-71,-67,-71,-73,-71,-65,-41,-67,-81,-83,-67,-71,-79,-75,-85,-71,-81,-75,-83,-85
8,"(0,1)",-67,-67,-79,-75,-81,-59,-71,-63,-75,-73,-73,-71,-53,-67,-83,-83,-67,-71,-81,-75,-69,-71,-81,-73,-83,-85
9,"(0,1)",-67,-67,-77,-71,-79,-61,-71,-69,-73,-73,-71,-63,-53,-69,-83,-81,-67,-73,-81,-67,-83,-73,-81,-73,-75,-85
10,"(0,1)",-69,-67,-79,-83,-81,-59,-71,-69,-73,-81,-77,-63,-51,-69,-83,-81,-73,-73,-79,-67,-83,-73,-81,-75,-75,-85
11,"(0,1)",-69,-67,-79,-83,-83,-61,-71,-71,-75,-79,-73,-69,-53,-69,-85,-79,-69,-73,-73,-67,-83,-75,-81,-75,-75,-85
12,"(0,1)",-69,-67,-79,-77,-81,-59,-71,-69,-73,-81,-73,-71,-53,-69,-87,-83,-69,-71,-73,-67,-73,-73,-79,-75,-75,-85
13,"(0,1)",-65,-67,-77,-79,-81,-61,-69,-67,-75,-71,-71,-71,-51,-65,-81,-83,-69,-71,-79,-67,-87,-73,-79,-75,-81,-85
14,"(0,1)",-67,-69,-75,-77,-81,-61,-71,-73,-73,-71,-69,-63,-53,-67,-85,-83,-73,-71,-79,-73,-87,-73,-79,-75,-81,-85
15,"(0,1)",-69,-69,-79,-75,-79,-61,-71,-67,-73,-79,-73,-61,-41,-67,-85,-83,-73,-73,-79,-73,-87,-73,-79,-69,-81,-85
16,"(0,1)",-69,-67,-79,-71,-81,-61,-73,-71,-73,-79,-73,-63,-53,-67,-85,-81,-73,-73,-77,-73,-83,-75,-79,-75,-81,-85
17,"(0,1)",-69,-67,-81,-71,-81,-61,-71,-69,-75,-81,-71,-63,-53,-69,-85,-81,-73,-75,-79,-73,-83,-75,-81,-75,-81,-85
18,"(0,1)",-67,-67,-79,-73,-81,-59,-73,-69,-73,-81,-69,-63,-53,-69,-85,-81,-73,-75,-79,-71,-81,-75,-81,-75,-81,-85
19,"(0,1)",-67,-67,-77,-73,-81,-59,-73,-63,-75,-81,-71,-65,-53,-69,-85,-81,-73,-75,-79,-73,-81,-75,-81,-73,-81,-85
20,"(0,1)",-67,-67,-77,-75,-81,-57,-71,-67,-71,-77,-71,-71,-53,-69,-85,-81,-71,-73,-79,-73,-81,-73,-83,-75,-81,-85
21,"(0,1)",-67,-67,-77,-77,-81,-59,-71,-67,-73,-87,-71,-71,-41,-69,-85,-81,-71,-75,-75,-73,-83,-75,-79,-73,-81,-85
22,"(0,1)",-69,-67,-77,-75,-79,-59,-71,-67,-73,-87,-71,-71,-41,-69,-85,-79,-73,-75,-79,-73,-83,-73,-79,-73,-81,-85
23,"(0,1)",-67,-67,-77,-77,-79,-61,-83,-69,-73,-77,-73,-65,-53,-63,-85,-79,-73,-75,-79,-73,-83,-73,-79,-73,-81,-85
24,"(0,1)",-69,-67,-77,-77,-83,-59,-83,-67,-73,-77,-71,-69,-51,-69,-85,-79,-73,-75,-79,-73,-83,-75,-81,-73,-79,-85
25,"(0,1)",-67,-67,-79,-75,-81,-59,-71,-67,-73,-79,-71,-63,-51,-69,-85,-79,-73,-71,-79,-73,-85,-73,-79,-77,-79,-85
26,"(0,1)",-67,-67,-79,-77,-81,-59,-71,-73,-73,-81,-71,-67,-53,-67,-87,-83,-73,-73,-77,-71,-85,-73,-83,-77,-81,-81
27,"(0,1)",-67,-67,-77,-83,-83,-59,-73,-69,-75,-79,-73,-71,-53,-69,-87,-81,-73,-75,-79,-73,-85,-75,-83,-77,-79,-81
28,"(0,1)",-69,-69,-77,-75,-81,-59,-73,-69,-73,-81,-71,-63,-41,-67,-87,-81,-71,-77,-79,-73,-83,-75,-83,-75,-79,-81
29,"(0,1)",-67,-67,-77,-71,-79,-61,-73,-73,-75,-79,-71,-63,-41,-77,-85,-81,-71,-75,-79,-73,-87,-73,-83,-75,-79,-83
30,"(0,1)",-69,-67,-77,-75,-77,-59,-71,-61,-75,-81,-71,-73,-41,-69,-85,-83,-71,-73,-77,-73,-85,-71,-81,-77,-81,-83
31,"(0,1)",-69,-67,-75,-77,-81,-57,-71,-67,-73,-83,-73,-69,-55,-73,-85,-83,-71,-73,-79,-73,-85,-71,-83,-79,-81,-83
32,"(0,1)",-67,-67,-79,-77,-81,-61,-71,-63,-73,-77,-69,-63,-51,-69,-85,-81,-71,-73,-81,-73,-85,-71,-83,-77,-81,-83
33,"(0,1)",-69,-67,-75,-75,-81,-57,-71,-69,-75,-81,-71,-65,-41,-69,-81,-83,-73,-73,-77,-73,-89,-75,-83,-73,-81,-83
34,"(0,1)",-69,-67,-79,-75,-83,-59,-71,-69,-75,-79,-71,-63,-53,-71,-81,-83,-73,-73,-79,-73,-89,-75,-81,-77,-83,-83
35,"(0,1)",-67,-67,-77,-77,-81,-59,-71,-69,-75,-81,-73,-71,-53,-65,-81,-83,-77,-73,-79,-73,-83,-75,-81,-77,-81,-83
36,"(0,1)",-67,-67,-79,-77,-81,-59,-71,-65,-73,-83,-73,-63,-53,-69,-85,-83,-77,-73,-77,-73,-85,-75,-81,-77,-81,-81
37,"(0,1)",-67,-67,-75,-77,-79,-59,-71,-65,-75,-83,-73,-65,-53,-69,-85,-81,-77,-75,-75,-73,-85,-75,-81,-77,-83,-81
38,"(0,1)",-67,-67,-79,-77,-79,-59,-71,-67,-75,-83,-71,-63,-53,-71,-85,-83,-73,-73,-81,-73,-85,-75,-81,-77,-83,-81
39,"(0,1)",-67,-67,-77,-75,-79,-59,-75,-69,-73,-79,-73,-69,-53,-69,-85,-79,-73,-73,-79,-73,-85,-75,-81,-75,-83,-81
40,"(0,1)",-67,-69,-77,-75,-81,-59,-73,-69,-75,-79,-73,-71,-41,-69,-85,-83,-73,-73,-77,-73,-85,-75,-81,-75,-79,-81
41,"(0,1)",-67,-67,-77,-77,-81,-59,-73,-67,-73,-81,-73,-63,-53,-69,-83,-81,-73,-75,-81,-73,-85,-75,-81,-75,-79,-81
42,"(0,1)",-67,-67,-79,-77,-79,-61,-73,-67,-71,-81,-71,-65,-41,-69,-81,-81,-73,-75,-77,-73,-85,-77,-81,-77,-79,-81
43,"(0,1)",-67,-67,-71,-75,-81,-59,-71,-67,-73,-79,-73,-63,-53,-69,-85,-81,-73,-75,-81,-73,-83,-77,-81,-75,-79,-81
44,"(0,1)",-67,-81,-77,-77,-79,-61,-71,-71,-73,-79,-71,-63,-53,-69,-85,-83,-69,-73,-79,-71,-81,-73,-81,-73,-75,-81
45,"(0,1)",-69,-69,-77,-77,-81,-61,-71,-65,-73,-79,-71,-71,-53,-67,-81,-83,-69,-73,-81,-71,-81,-73,-81,-73,-75,-81
46,"(0,1)",-67,-67,-77,-75,-81,-61,-71,-65,-73,-81,-71,-65,-53,-67,-81,-83,-69,-75,-77,-71,-81,-75,-81,-75,-75,-81
47,"(0,1)",-69,-67,-79,-77,-83,-59,-71,-65,-77,-81,-71,-71,-53,-67,-81,-83,-69,-73,-79,-73,-83,-73,-81,-79,-75,-81
48,"(0,1)",-69,-67,-77,-75,-81,-61,-71,-73,-77,-83,-73,-65,-53,-67,-81,-83,-69,-75,-79,-73,-83,-79,-81,-77,-75,-81
49,"(0,1)",-69,-69,-75,-77,-81,-59,-71,-73,-75,-83,-71,-63,-53,-69,-81,-81,-69,-73,-79,-73,-83,-71,-81,-79,-75,-73
50,"(0,1)",-67,-67,-77,-77,-81,-59,-73,-67,-73,-85,-73,-71,-51,-67,-81,-81,-69,-73,-79,-73,-83,-71,-81,-73,-73,-73
51,"(0,1)",-69,-67,-77,-83,-83,-59,-73,-73,-73,-79,-71,-63,-41,-69,-81,-83,-69,-77,-77,-73,-83,-73,-81,-75,-73,-83
52,"(0,1)",-69,-67,-77,-79,-81,-59,-73,-67,-73,-81,-69,-61,-41,-69,-81,-81,-69,-73,-81,-73,-83,-73,-81,-75,-73,-81
53,"(0,1)",-65,-67,-79,-77,-81,-59,-71,-73,-73,-81,-71,-63,-41,-69,-81,-81,-69,-75,-81,-73,-83,-75,-81,-75,-73,-81
54,"(0,1)",-67,-67,-77,-75,-79,-59,-71,-71,-75,-79,-71,-71,-53,-69,-85,-77,-69,-73,-81,-73,-89,-79,-83,-73,-73,-81
55,"(0,1)",-67,-65,-79,-73,-79,-61,-69,-69,-69,-79,-69,-67,-53,-71,-85,-81,-69,-77,-81,-73,-85,-75,-83,-75,-73,-81
56,"(0,1)",-69,-69,-77,-77,-81,-59,-71,-67,-75,-79,-71,-63,-51,-69,-85,-81,-69,-77,-81,-73,-87,-75,-83,-73,-83,-81
57,"(0,1)",-67,-67,-79,-75,-81,-59,-71,-67,-73,-81,-71,-65,-53,-69,-85,-77,-69,-73,-77,-73,-87,-77,-81,-75,-83,-81
58,"(0,1)",-67,-69,-73,-75,-81,-55,-71,-67,-75,-79,-71,-63,-41,-69,-81,-83,-69,-73,-77,-73,-87,-77,-81,-77,-83,-81
59,"(0,1)",-67,-67,-73,-75,-81,-61,-71,-69,-73,-79,-71,-63,-53,-69,-81,-83,-69,-75,-77,-71,-87,-77,-81,-75,-81,-81
60,"(0,1)",-67,-69,-79,-75,-81,-59,-73,-69,-75,-79,-71,-65,-53,-69,-85,-75,-73,-73,-77,-69,-87,-75,-81,-75,-81,-81
61,"(0,1)",-69,-67,-77,-75,-81,-59,-73,-73,-75,-79,-73,-71,-53,-69,-85,-75,-67,-73,-79,-69,-87,-73,-81,-75,-81,-81
62,"(0,1)",-67,-67,-77,-75,-81,-59,-71,-65,-73,-79,-73,-65,-53,-69,-85,-79,-67,-75,-81,-69,-87,-75,-81,-75,-81,-81
63,"(0,1)",-69,-63,-79,-69,-79,-61,-71,-69,-73,-79,-73,-63,-53,-67,-83,-81,-75,-75,-81,-73,-85,-75,-83,-75,-81,-81
64,"(0,1)",-69,-69,-77,-75,-81,-55,-71,-69,-75,-79,-71,-71,-53,-69,-83,-79,-71,-75,-81,-73,-85,-75,-83,-77,-81,-81
65,"(0,1)",-69,-67,-75,-71,-81,-55,-71,-69,-75,-79,-71,-71,-53,-69,-81,-81,-71,-75,-77,-73,-85,-73,-83,-77,-81,-81
66,"(0,1)",-67,-67,-75,-77,-81,-59,-73,-69,-73,-81,-71,-71,-81,-69,-81,-81,-73,-81,-75,-71,-85,-75,-83,-77,-81,-81
67,"(0,1)",-69,-65,-77,-75,-81,-61,-73,-67,-73,-81,-71,-71,-41,-69,-81,-81,-69,-73,-75,-73,-85,-75,-83,-75,-81,-81
68,"(0,1)",-69,-69,-77,-77,-81,-59,-71,-61,-77,-79,-71,-65,-41,-69,-81,-81,-71,-73,-79,-73,-83,-75,-83,-75,-81,-87
69,"(0,1)",-69,-67,-79,-77,-83,-61,-71,-61,-73,-79,-69,-63,-41,-69,-81,-77,-71,-75,-79,-73,-85,-73,-83,-75,-79,-87
70,"(0,1)",-65,-67,-77,-77,-81,-61,-71,-69,-73,-79,-71,-61,-41,-69,-81,-77,-71,-75,-81,-73,-85,-75,-83,-75,-79,-87
71,"(0,1)",-67,-67,-79,-73,-81,-59,-71,-69,-71,-79,-71,-65,-53,-69,-81,-77,-71,-73,-81,-71,-85,-75,-83,-77,-79,-73
72,"(0,1)",-69,-67,-77,-75,-81,-59,-71,-69,-73,-75,-71,-69,-53,-67,-85,-77,-71,-75,-77,-71,-85,-73,-83,-77,-79,-77
73,"(0,1)",-67,-67,-79,-77,-81,-59,-73,-69,-71,-81,-71,-71,-51,-65,-85,-81,-71,-73,-81,-71,-85,-75,-83,-75,-79,-77
74,"(0,1)",-69,-67,-77,-75,-83,-59,-71,-67,-73,-71,-73,-71,-41,-71,-85,-81,-71,-73,-81,-71,-85,-75,-83,-75,-79,-77
75,"(0,1)",-67,-69,-79,-73,-81,-59,-71,-61,-75,-79,-71,-63,-41,-67,-85,-83,-71,-73,-79,-71,-85,-75,-83,-77,-79,-77
76,"(0,1)",-69,-69,-79,-75,-81,-59,-73,-71,-75,-81,-73,-63,-39,-69,-81,-83,-71,-75,-77,-73,-85,-75,-83,-75,-79,-79
77,"(0,1)",-69,-67,-81,-75,-81,-59,-71,-67,-77,-79,-73,-65,-53,-69,-81,-83,-73,-75,-79,-73,-85,-73,-83,-77,-81,-77
78,"(0,1)",-67,-67,-75,-75,-83,-59,-73,-67,-73,-77,-73,-79,-53,-69,-83,-81,-67,-75,-79,-75,-85,-73,-81,-75,-79,-77
79,"(0,1)",-69,-67,-77,-79,-81,-59,-71,-69,-73,-81,-71,-65,-53,-69,-83,-79,-67,-73,-77,-75,-85,-75,-81,-75,-77,-77
80,"(0,1)",-67,-67,-77,-79,-79,-61,-71,-61,-75,-79,-67,-63,-81,-69,-83,-79,-67,-73,-79,-75,-85,-75,-81,-75,-77,-77
81,"(0,1)",-69,-67,-77,-79,-79,-59,-71,-61,-75,-79,-73,-63,-41,-71,-83,-85,-73,-75,-81,-73,-83,-75,-81,-75,-77,-77
82,"(0,1)",-65,-67,-71,-75,-81,-59,-71,-67,-75,-79,-67,-71,-53,-67,-71,-83,-73,-75,-79,-73,-85,-75,-83,-75,-77,-77
83,"(0,1)",-67,-69,-77,-69,-79,-55,-71,-61,-73,-79,-67,-63,-51,-67,-83,-81,-67,-75,-79,-73,-85,-73,-83,-75,-77,-79
84,"(0,1)",-67,-67,-79,-75,-83,-59,-73,-73,-75,-81,-73,-63,-53,-69,-85,-83,-67,-75,-77,-73,-85,-75,-83,-75,-77,-75
85,"(0,1)",-67,-67,-79,-75,-83,-57,-71,-61,-73,-77,-67,-63,-51,-67,-85,-83,-67,-73,-79,-81,-85,-71,-83,-73,-81,-77
86,"(0,1)",-67,-69,-77,-79,-79,-59,-71,-69,-69,-81,-73,-75,-51,-69,-83,-83,-67,-75,-77,-73,-85,-75,-83,-77,-83,-77
87,"(0,1)",-67,-67,-81,-79,-83,-61,-71,-69,-69,-81,-73,-69,-53,-69,-83,-81,-67,-75,-83,-73,-85,-75,-83,-75,-77,-77
88,"(0,1)",-67,-67,-75,-77,-81,-61,-73,-65,-73,-77,-69,-65,-53,-77,-81,-81,-67,-75,-81,-73,-87,-77,-83,-75,-77,-75
89,"(0,1)",-67,-67,-75,-75,-83,-59,-71,-69,-75,-79,-73,-71,-53,-69,-77,-81,-67,-75,-79,-73,-85,-73,-83,-73,-77,-79
90,"(0,1)",-67,-69,-77,-75,-79,-59,-71,-65,-73,-79,-73,-71,-51,-69,-77,-79,-67,-75,-79,-73,-81,-75,-81,-75,-79,-79
91,"(0,1)",-65,-67,-77,-75,-79,-59,-71,-69,-75,-77,-71,-63,-51,-67,-77,-83,-73,-75,-79,-73,-71,-75,-81,-77,-79,-79
92,"(0,1)",-65,-67,-77,-75,-79,-59,-73,-67,-75,-81,-69,-71,-81,-69,-77,-83,-73,-73,-77,-73,-85,-73,-81,-73,-79,-77
93,"(0,1)",-67,-67,-79,-75,-79,-59,-73,-67,-75,-81,-83,-61,-53,-67,-77,-81,-73,-73,-77,-69,-85,-73,-81,-73,-79,-77
94,"(0,1)",-67,-67,-79,-77,-81,-59,-73,-69,-73,-81,-83,-63,-51,-69,-77,-83,-73,-73,-79,-69,-85,-73,-81,-73,-79,-77
95,"(0,1)",-67,-67,-77,-77,-81,-61,-73,-65,-73,-79,-83,-71,-51,-67,-77,-83,-69,-75,-81,-71,-87,-73,-81,-73,-81,-77
96,"(0,1)",-67,-67,-73,-75,-81,-59,-71,-67,-75,-79,-71,-71,-53,-69,-83,-83,-69,-73,-79,-71,-83,-73,-81,-73,-81,-77
97,"(0,1)",-67,-69,-75,-77,-81,-59,-71,-71,-69,-77,-71,-65,-53,-69,-83,-83,-83,-73,-79,-73,-83,-73,-81,-75,-81,-73
98,"(0,1)",-67,-67,-77,-77,-83,-59,-71,-69,-71,-79,-73,-65,-41,-69,-83,-81,-83,-71,-79,-73,-83,-71,-81,-81,-81,-73
99,"(0,1)",-67,-67,-79,-75,-81,-59,-71,-67,-75,-81,-73,-63,-51,-69,-83,-81,-83,-71,-79,-73,-83,-73,-81,-75,-79,-73
100,"(0,1)",-67,-67,-75,-75,-81,-59,-71,-73,-75,-81,-73,-73,-53,-69,-83,-81,-67,-79,-81,-73,-77,-73,-81,-75,-79,-77
101,"(0,1)",-67,-69,-75,-75,-83,-61,-73,-61,-75,-71,-75,-73,-41,-69,-81,-81,-67,-73,-79,-71,-83,-73,-77,-83,-77,-77
102,"(0,1)",-69,-67,-75,-77,-81,-61,-71,-69,-73,-79,-69,-69,-41,-69,-81,-79,-67,-73,-79,-71,-83,-73,-75,-83,-77,-77
103,"(0,1)",-69,-67,-77,-77,-83,-59,-73,-67,-75,-79,-69,-71,-53,-69,-81,-79,-71,-75,-79,-73,-85,-75,-75,-81,-77,-77
104,"(0,1)",-69,-67,-77,-75,-81,-59,-71,-67,-75,-75,-67,-71,-53,-67,-85,-83,-71,-73,-79,-73,-87,-75,-75,-83,-73,-81
105,"(0,1)",-69,-67,-77,-75,-83,-55,-71,-67,-75,-81,-67,-65,-51,-71,-85,-83,-71,-77,-79,-73,-85,-75,-75,-81,-79,-81
106,"(0,1)",-69,-67,-77,-77,-85,-59,-71,-67,-71,-77,-73,-65,-51,-69,-85,-79,-73,-77,-79,-73,-85,-73,-75,-81,-79,-81
107,"(0,1)",-67,-67,-77,-75,-79,-59,-77,-67,-71,-73,-69,-71,-51,-69,-85,-79,-73,-75,-79,-73,-85,-73,-75,-81,-75,-81
108,"(0,1)",-69,-69,-71,-75,-81,-61,-73,-61,-75,-79,-67,-63,-41,-69,-85,-83,-69,-73,-79,-71,-85,-73,-75,-81,-79,-81
109,"(0,1)",-67,-67,-77,-75,-81,-59,-71,-67,-73,-77,-69,-65,-41,-71,-85,-81,-73,-73,-79,-73,-85,-73,-75,-81,-77,-81
110,"(0,1)",-67,-69,-79,-75,-81,-59,-71,-67,-75,-75,-69,-71,-53,-69,-85,-81,-73,-75,-81,-73,-85,-73,-69,-81,-73,-81
111,"(0,1)",-67,-67,-73,-75,-81,-59,-71,-67,-77,-79,-71,-71,-51,-67,-85,-81,-71,-75,-81,-73,-85,-73,-75,-79,-73,-81
112,"(0,1)",-67,-67,-77,-77,-77,-59,-69,-69,-69,-79,-73,-73,-53,-71,-85,-81,-73,-73,-79,-73,-87,-75,-75,-81,-77,-81
113,"(0,1)",-67,-69,-75,-77,-79,-59,-71,-69,-73,-81,-71,-71,-53,-71,-85,-81,-73,-73,-79,-71,-87,-75,-75,-77,-77,-81
114,"(0,1)",-65,-67,-73,-79,-79,-59,-71,-69,-75,-77,-71,-71,-53,-65,-79,-81,-73,-75,-77,-71,-87,-73,-77,-77,-77,-81
115,"(0,1)",-67,-67,-77,-75,-83,-61,-73,-61,-71,-71,-71,-71,-53,-65,-79,-83,-73,-75,-77,-73,-85,-75,-73,-77,-77,-81
116,"(0,1)",-67,-67,-79,-75,-79,-59,-71,-69,-75,-79,-73,-71,-53,-67,-79,-83,-73,-77,-77,-73,-85,-73,-75,-77,-77,-81
117,"(0,1)",-67,-69,-79,-75,-81,-59,-71,-67,-71,-81,-73,-71,-41,-67,-79,-81,-67,-77,-79,-73,-85,-73,-75,-77,-73,-79
118,"(0,1)",-65,-69,-77,-73,-81,-61,-71,-75,-71,-75,-73,-65,-53,-69,-79,-85,-67,-71,-71,-73,-85,-71,-75,-77,-73,-81
119,"(0,1)",-69,-67,-77,-75,-77,-59,-77,-67,-73,-71,-73,-63,-51,-69,-79,-85,-67,-75,-71,-73,-85,-71,-75,-79,-73,-81
120,"(0,1)",-69,-67,-77,-75,-81,-59,-71,-61,-73,-79,-73,-65,-53,-67,-79,-85,-69,-71,-77,-71,-85,-71,-75,-79,-75,-81
121,"(0,1)",-69,-67,-79,-77,-81,-59,-69,-67,-71,-79,-67,-71,-51,-69,-81,-85,-67,-73,-77,-71,-85,-71,-73,-77,-81,-81
122,"(0,1)",-69,-69,-77,-83,-79,-59,-73,-71,-71,-79,-75,-63,-51,-69,-81,-83,-71,-73,-79,-71,-85,-71,-73,-77,-81,-81
123,"(0,1)",-67,-67,-77,-75,-81,-61,-73,-67,-73,-81,-73,-71,-53,-69,-83,-81,-69,-75,-79,-71,-83,-75,-75,-81,-77,-79
124,"(0,1)",-67,-69,-77,-77,-81,-59,-71,-67,-73,-79,-73,-63,-41,-71,-83,-81,-67,-73,-79,-71,-81,-73,-69,-81,-77,-79
125,"(0,1)",-69,-67,-77,-75,-81,-59,-73,-73,-73,-77,-71,-71,-41,-71,-83,-81,-67,-75,-75,-71,-83,-75,-69,-81,-77,-79
126,"(0,1)",-67,-67,-77,-77,-79,-59,-71,-73,-75,-77,-71,-65,-41,-69,-83,-83,-73,-75,-81,-71,-85,-75,-69,-81,-77,-79
127,"(0,1)",-65,-67,-77,-73,-79,-59,-73,-67,-73,-79,-73,-71,-53,-69,-85,-79,-67,-75,-81,-73,-85,-75,-69,-81,-77,-81
128,"(0,1)",-67,-67,-75,-73,-81,-59,-71,-67,-71,-79,-73,-71,-53,-83,-83,-79,-67,-75,-81,-73,-83,-73,-77,-81,-77,-81
129,"(0,1)",-67,-67,-75,-75,-81,-61,-71,-67,-79,-75,-71,-71,-41,-69,-83,-79,-67,-75,-81,-73,-83,-73,-75,-81,-77,-81
130,"(0,1)",-65,-67,-77,-75,-81,-59,-71,-69,-73,-79,-71,-69,-53,-67,-83,-81,-73,-75,-79,-73,-83,-75,-75,-81,-77,-77
131,"(0,1)",-67,-67,-77,-77,-81,-55,-73,-69,-73,-77,-71,-63,-53,-69,-81,-83,-73,-75,-79,-69,-83,-75,-73,-81,-75,-81
132,"(0,1)",-67,-67,-77,-77,-83,-59,-71,-67,-75,-73,-71,-71,-41,-67,-81,-83,-73,-77,-75,-69,-85,-75,-71,-81,-77,-81
133,"(0,1)",-67,-67,-77,-73,-81,-59,-71,-69,-75,-79,-71,-63,-41,-69,-83,-83,-73,-77,-75,-73,-83,-71,-71,-81,-75,-81
134,"(0,1)",-67,-69,-77,-73,-77,-55,-71,-69,-75,-79,-67,-63,-41,-59,-83,-79,-73,-77,-75,-73,-83,-71,-83,-81,-75,-81
135,"(0,1)",-67,-67,-77,-73,-81,-59,-71,-67,-75,-77,-69,-71,-51,-71,-83,-83,-73,-77,-79,-73,-83,-73,-83,-81,-77,-81
136,"(0,1)",-67,-67,-77,-77,-79,-59,-71,-73,-71,-79,-67,-71,-53,-71,-83,-81,-71,-77,-79,-73,-83,-73,-75,-79,-77,-81
137,"(0,1)",-69,-69,-77,-77,-79,-59,-71,-63,-77,-79,-73,-65,-53,-69,-83,-81,-73,-75,-79,-73,-83,-75,-75,-79,-77,-81
138,"(0,1)",-69,-67,-77,-77,-79,-61,-73,-69,-73,-77,-73,-69,-53,-69,-83,-81,-67,-75,-79,-71,-83,-73,-75,-79,-79,-77
139,"(0,1)",-69,-69,-79,-77,-81,-57,-71,-67,-75,-79,-69,-71,-41,-69,-83,-83,-73,-73,-79,-71,-83,-75,-75,-79,-79,-77
140,"(0,1)",-69,-69,-79,-77,-83,-59,-71,-67,-73,-81,-73,-63,-53,-69,-83,-83,-73,-73,-79,-73,-85,-73,-75,-79,-77,-81
141,"(0,1)",-69,-67,-79,-75,-79,-55,-71,-67,-75,-79,-69,-63,-43,-69,-85,-83,-73,-75,-81,-69,-85,-75,-75,-79,-77,-79
142,"(0,1)",-67,-69,-79,-75,-79,-61,-71,-73,-73,-77,-71,-63,-53,-69,-81,-83,-73,-75,-81,-73,-83,-75,-73,-79,-79,-79
143,"(0,1)",-69,-67,-77,-75,-81,-59,-71,-67,-73,-79,-75,-63,-75,-69,-77,-77,-73,-71,-77,-73,-83,-73,-75,-79,-73,-79
144,"(0,1)",-65,-67,-79,-69,-79,-61,-73,-67,-73,-71,-73,-71,-53,-69,-77,-81,-71,-73,-81,-73,-85,-75,-71,-79,-75,-83
145,"(0,1)",-65,-67,-77,-69,-83,-59,-71,-75,-73,-79,-73,-71,-53,-65,-81,-81,-73,-73,-79,-73,-85,-75,-69,-79,-75,-81
146,"(0,1)",-67,-67,-77,-69,-83,-59,-69,-73,-73,-83,-71,-71,-53,-65,-81,-81,-73,-71,-79,-73,-85,-73,-81,-79,-75,-81
147,"(0,1)",-67,-69,-71,-77,-83,-59,-69,-61,-73,-83,-69,-63,-51,-73,-81,-81,-73,-71,-73,-73,-85,-73,-77,-77,-81,-79
148,"(0,1)",-69,-69,-77,-73,-81,-59,-71,-61,-77,-83,-67,-63,-51,-69,-81,-79,-75,-71,-79,-73,-85,-73,-77,-77,-79,-79
149,"(0,1)",-69,-67,-79,-75,-85,-61,-71,-61,-73,-81,-71,-65,-53,-69,-81,-81,-67,-77,-77,-73,-83,-75,-77,-79,-79,-79
1,"(1,1)",-65,-63,-63,-65,-65,-63,-57,-63,-77,-79,-59,-67,-67,-65,-71,-81,-81,-81,-81,-75,-37,-67,-83
0,"(1,1)",-65,-59,-77,-65,-65,-63,-57,-59,-75,-79,-59,-67,-67,-67,-67,-81,-85,-81,-81,-83,-37,-67,-83
1,"(1,1)",-65,-63,-63,-65,-65,-63,-57,-63,-77,-79,-59,-67,-67,-65,-71,-81,-81,-81,-81,-75,-37,-67,-83
2,"(1,1)",-65,-61,-65,-65,-65,-63,-57,-65,-77,-77,-61,-75,-67,-65,-73,-81,-83,-79,-81,-61,-37,-65,-83
3,"(1,1)",-65,-57,-63,-65,-61,-63,-57,-65,-75,-79,-61,-67,-67,-65,-73,-73,-81,-81,-77,-61,-35,-63,-83
4,"(1,1)",-65,-61,-63,-65,-65,-63,-57,-61,-75,-77,-61,-67,-67,-65,-65,-73,-81,-81,-77,-63,-35,-63,-83
5,"(1,1)",-65,-61,-63,-65,-65,-63,-57,-63,-77,-77,-59,-67,-67,-61,-67,-73,-81,-81,-77,-63,-35,-63,-83
6,"(1,1)",-65,-63,-63,-63,-67,-63,-57,-65,-75,-75,-61,-75,-67,-67,-71,-73,-83,-81,-77,-63,-35,-63,-83
7,"(1,1)",-65,-59,-61,-65,-65,-63,-57,-63,-75,-79,-61,-77,-67,-67,-71,-73,-79,-81,-77,-81,-35,-63,-83
8,"(1,1)",-65,-65,-63,-69,-63,-65,-57,-65,-75,-79,-61,-67,-69,-79,-73,-73,-79,-79,-77,-61,-35,-65,-83
9,"(1,1)",-65,-59,-63,-69,-63,-63,-57,-65,-77,-79,-61,-69,-67,-67,-65,-73,-79,-85,-79,-61,-33,-65,-83
10,"(1,1)",-63,-59,-63,-65,-65,-65,-55,-65,-75,-79,-61,-67,-67,-67,-73,-81,-79,-81,-79,-61,-37,-63,-83
11,"(1,1)",-65,-59,-63,-65,-65,-63,-57,-67,-75,-79,-61,-67,-67,-65,-71,-81,-79,-81,-79,-61,-35,-65,-83
12,"(1,1)",-65,-59,-63,-65,-65,-65,-57,-67,-75,-73,-61,-67,-67,-65,-65,-81,-79,-81,-77,-61,-45,-63,-83
13,"(1,1)",-67,-63,-63,-63,-63,-63,-57,-67,-75,-79,-63,-67,-67,-67,-65,-81,-79,-81,-79,-63,-35,-63,-83
14,"(1,1)",-67,-63,-63,-65,-63,-63,-57,-67,-75,-77,-61,-65,-67,-65,-65,-81,-79,-81,-79,-63,-45,-63,-83
15,"(1,1)",-65,-61,-63,-59,-63,-65,-57,-67,-75,-77,-61,-65,-67,-63,-65,-79,-87,-81,-77,-63,-35,-61,-83
16,"(1,1)",-65,-57,-63,-65,-63,-65,-57,-67,-75,-79,-61,-69,-67,-63,-73,-81,-83,-81,-77,-61,-45,-67,-83
17,"(1,1)",-65,-61,-63,-69,-63,-65,-57,-67,-75,-77,-61,-69,-67,-63,-65,-81,-83,-81,-75,-61,-45,-67,-83
18,"(1,1)",-65,-63,-63,-65,-63,-63,-57,-63,-75,-79,-59,-67,-67,-63,-77,-83,-83,-81,-79,-61,-45,-65,-87
19,"(1,1)",-65,-59,-63,-69,-65,-61,-57,-65,-75,-77,-61,-65,-67,-65,-65,-83,-83,-81,-79,-63,-35,-65,-87
20,"(1,1)",-65,-63,-63,-67,-65,-63,-55,-61,-77,-77,-61,-67,-67,-65,-73,-83,-83,-81,-77,-61,-35,-61,-87
21,"(1,1)",-65,-63,-63,-65,-63,-63,-57,-67,-75,-79,-59,-67,-67,-67,-67,-83,-83,-81,-77,-61,-45,-61,-87
22,"(1,1)",-65,-61,-61,-69,-65,-63,-57,-65,-75,-79,-63,-67,-67,-67,-71,-83,-75,-81,-77,-63,-45,-65,-87
23,"(1,1)",-65,-61,-63,-67,-63,-63,-57,-65,-75,-77,-61,-67,-67,-67,-73,-83,-75,-83,-77,-63,-35,-63,-87
24,"(1,1)",-65,-59,-63,-65,-65,-65,-55,-65,-75,-75,-61,-67,-65,-65,-65,-83,-85,-83,-77,-63,-37,-67,-87
25,"(1,1)",-65,-61,-63,-69,-63,-63,-57,-65,-75,-77,-61,-67,-67,-65,-77,-83,-85,-83,-79,-63,-35,-61,-87
26,"(1,1)",-65,-59,-63,-69,-65,-63,-57,-63,-77,-77,-61,-69,-69,-65,-73,-83,-85,-83,-79,-63,-45,-63,-87
27,"(1,1)",-65,-61,-63,-69,-63,-63,-57,-67,-75,-79,-63,-67,-67,-67,-73,-83,-87,-83,-79,-61,-45,-63,-87
28,"(1,1)",-65,-61,-63,-69,-65,-65,-57,-67,-77,-77,-61,-67,-67,-67,-69,-69,-83,-83,-71,-63,-35,-65,-87
29,"(1,1)",-65,-59,-61,-67,-65,-63,-57,-65,-75,-77,-61,-67,-69,-67,-69,-69,-83,-79,-79,-61,-35,-65,-69
30,"(1,1)",-65,-61,-79,-69,-61,-63,-57,-65,-77,-77,-61,-75,-69,-67,-75,-83,-85,-81,-79,-61,-35,-65,-69
31,"(1,1)",-65,-59,-63,-67,-65,-61,-59,-61,-77,-79,-63,-75,-69,-65,-71,-83,-85,-81,-79,-61,-35,-61,-69
32,"(1,1)",-65,-63,-61,-69,-65,-65,-57,-65,-77,-79,-61,-75,-69,-65,-65,-83,-85,-81,-77,-61,-75,-65,-69
33,"(1,1)",-65,-63,-61,-67,-63,-61,-57,-65,-75,-79,-61,-65,-67,-67,-71,-71,-83,-83,-77,-63,-35,-65,-71
34,"(1,1)",-65,-61,-63,-69,-63,-61,-57,-65,-75,-77,-63,-67,-67,-65,-67,-71,-85,-81,-77,-67,-35,-67,-69
35,"(1,1)",-65,-61,-63,-67,-65,-61,-55,-65,-77,-77,-61,-67,-65,-67,-67,-71,-85,-79,-79,-61,-35,-67,-69
36,"(1,1)",-65,-63,-65,-69,-63,-61,-57,-63,-77,-79,-59,-65,-65,-61,-73,-71,-83,-81,-79,-61,-35,-65,-69
37,"(1,1)",-65,-63,-65,-67,-65,-63,-57,-65,-75,-81,-61,-65,-65,-65,-67,-71,-85,-81,-79,-63,-37,-61,-71
38,"(1,1)",-65,-61,-63,-65,-77,-63,-77,-63,-75,-79,-61,-67,-69,-65,-71,-71,-81,-83,-79,-63,-45,-65,-71
39,"(1,1)",-65,-59,-65,-63,-65,-63,-57,-67,-75,-77,-59,-65,-65,-67,-65,-81,-83,-81,-79,-59,-37,-67,-63
40,"(1,1)",-65,-59,-65,-67,-65,-63,-57,-65,-71,-77,-61,-67,-65,-63,-67,-81,-83,-81,-79,-59,-45,-65,-63
41,"(1,1)",-65,-59,-63,-67,-65,-65,-57,-61,-77,-77,-61,-67,-65,-63,-73,-81,-79,-81,-79,-63,-45,-65,-71
42,"(1,1)",-65,-63,-63,-65,-65,-63,-55,-63,-77,-77,-61,-77,-65,-59,-65,-81,-85,-81,-79,-61,-37,-67,-71
43,"(1,1)",-65,-59,-63,-61,-63,-65,-55,-59,-75,-79,-61,-65,-65,-65,-67,-81,-85,-83,-77,-61,-47,-61,-71
44,"(1,1)",-65,-61,-63,-67,-83,-63,-57,-65,-75,-79,-61,-67,-69,-67,-67,-81,-83,-83,-75,-75,-35,-67,-71
45,"(1,1)",-65,-59,-63,-67,-65,-63,-57,-65,-75,-79,-61,-67,-67,-67,-73,-81,-83,-83,-75,-61,-37,-67,-71
46,"(1,1)",-65,-59,-63,-67,-65,-65,-57,-65,-75,-77,-61,-65,-67,-67,-65,-81,-81,-83,-77,-63,-45,-65,-71
47,"(1,1)",-63,-61,-63,-67,-63,-63,-57,-61,-77,-79,-61,-67,-67,-77,-67,-81,-81,-83,-77,-61,-35,-61,-71
48,"(1,1)",-65,-61,-63,-69,-63,-63,-57,-65,-73,-79,-61,-67,-65,-67,-65,-81,-81,-83,-81,-63,-37,-63,-71
49,"(1,1)",-65,-63,-63,-69,-65,-63,-57,-63,-75,-79,-61,-67,-67,-65,-71,-83,-81,-83,-77,-63,-35,-67,-71
50,"(1,1)",-65,-63,-61,-67,-65,-63,-57,-63,-75,-79,-61,-67,-67,-67,-65,-71,-81,-81,-77,-63,-35,-67,-71
51,"(1,1)",-65,-61,-65,-67,-63,-65,-57,-63,-77,-73,-61,-67,-67,-67,-69,-79,-81,-83,-77,-67,-45,-65,-69
52,"(1,1)",-65,-61,-61,-61,-65,-63,-57,-65,-75,-75,-59,-67,-67,-65,-71,-69,-83,-83,-77,-63,-35,-65,-69
53,"(1,1)",-65,-63,-63,-67,-63,-63,-57,-67,-75,-79,-61,-77,-67,-67,-71,-69,-83,-79,-77,-63,-45,-67,-69
54,"(1,1)",-65,-61,-63,-69,-65,-63,-57,-63,-77,-75,-59,-65,-67,-65,-71,-69,-83,-79,-77,-63,-35,-65,-69
55,"(1,1)",-65,-59,-61,-67,-63,-65,-55,-63,-75,-79,-61,-65,-67,-65,-71,-69,-85,-83,-77,-61,-45,-65,-53
56,"(1,1)",-65,-59,-63,-69,-65,-65,-57,-65,-75,-75,-61,-67,-67,-65,-73,-69,-85,-85,-77,-63,-35,-65,-71
57,"(1,1)",-65,-63,-63,-67,-63,-61,-57,-63,-75,-77,-61,-67,-67,-67,-71,-69,-85,-81,-77,-61,-37,-65,-71
58,"(1,1)",-65,-69,-61,-67,-63,-63,-57,-65,-75,-77,-59,-67,-69,-65,-65,-69,-85,-81,-77,-61,-35,-67,-71
59,"(1,1)",-65,-61,-61,-67,-63,-65,-57,-67,-77,-79,-63,-67,-67,-67,-65,-69,-83,-81,-71,-77,-35,-67,-71
60,"(1,1)",-65,-61,-63,-67,-65,-61,-57,-65,-75,-77,-61,-67,-67,-67,-73,-69,-83,-79,-77,-63,-35,-65,-71
61,"(1,1)",-65,-63,-63,-63,-65,-63,-57,-65,-77,-77,-63,-67,-67,-67,-73,-69,-83,-83,-77,-63,-37,-63,-71
62,"(1,1)",-65,-59,-63,-67,-63,-63,-57,-63,-75,-77,-61,-67,-67,-65,-67,-69,-83,-83,-77,-61,-35,-65,-71
63,"(1,1)",-65,-57,-63,-67,-65,-85,-85,-63,-77,-79,-61,-67,-67,-65,-67,-69,-83,-83,-77,-61,-35,-65,-71
64,"(1,1)",-63,-61,-63,-67,-61,-59,-57,-59,-77,-79,-61,-69,-67,-65,-67,-81,-83,-83,-77,-63,-37,-65,-71
65,"(1,1)",-65,-63,-63,-67,-65,-61,-57,-65,-75,-75,-61,-75,-67,-65,-65,-69,-83,-81,-79,-61,-45,-65,-71
66,"(1,1)",-65,-63,-63,-69,-63,-65,-57,-65,-75,-71,-61,-69,-67,-65,-65,-69,-83,-81,-79,-61,-37,-67,-69
67,"(1,1)",-65,-59,-63,-65,-65,-63,-57,-67,-75,-79,-61,-69,-67,-65,-73,-69,-83,-83,-79,-61,-37,-67,-69
68,"(1,1)",-65,-63,-63,-69,-65,-63,-57,-65,-75,-79,-61,-67,-67,-67,-73,-81,-83,-83,-79,-61,-35,-65,-69
69,"(1,1)",-65,-55,-63,-67,-65,-63,-57,-67,-73,-77,-61,-67,-67,-65,-71,-81,-83,-85,-79,-61,-37,-61,-67
70,"(1,1)",-65,-57,-63,-67,-61,-61,-57,-65,-75,-79,-61,-67,-67,-65,-73,-81,-83,-83,-75,-61,-45,-65,-67
71,"(1,1)",-65,-59,-63,-67,-65,-63,-75,-67,-77,-79,-61,-65,-65,-67,-67,-81,-83,-85,-77,-63,-35,-67,-71
72,"(1,1)",-65,-63,-65,-61,-65,-65,-57,-65,-75,-81,-61,-67,-65,-67,-67,-81,-83,-85,-75,-61,-37,-67,-71
73,"(1,1)",-67,-59,-63,-63,-63,-63,-57,-61,-75,-79,-61,-69,-67,-67,-77,-81,-83,-83,-75,-63,-37,-61,-71
74,"(1,1)",-65,-61,-63,-67,-65,-63,-57,-61,-73,-79,-61,-69,-67,-67,-77,-81,-83,-81,-77,-63,-35,-61,-71
75,"(1,1)",-65,-59,-63,-67,-61,-63,-57,-59,-75,-75,-61,-69,-67,-67,-67,-81,-85,-81,-77,-63,-37,-67,-71
76,"(1,1)",-65,-65,-63,-67,-61,-63,-57,-63,-75,-77,-63,-69,-67,-67,-65,-81,-85,-81,-79,-61,-37,-63,-71
77,"(1,1)",-65,-63,-61,-67,-65,-63,-57,-65,-83,-79,-61,-69,-67,-67,-69,-81,-85,-83,-79,-61,-35,-65,-69
78,"(1,1)",-65,-61,-63,-65,-65,-61,-57,-65,-73,-79,-61,-67,-67,-67,-65,-81,-85,-81,-79,-61,-35,-65,-63
79,"(1,1)",-65,-61,-63,-69,-65,-63,-57,-61,-77,-79,-79,-67,-69,-65,-67,-81,-85,-81,-75,-61,-35,-61,-67
80,"(1,1)",-65,-63,-63,-69,-63,-63,-57,-61,-77,-77,-61,-75,-67,-67,-71,-81,-85,-85,-75,-61,-33,-61,-67
81,"(1,1)",-65,-57,-63,-65,-65,-63,-57,-63,-75,-77,-61,-67,-67,-67,-69,-71,-85,-85,-77,-75,-35,-63,-69
82,"(1,1)",-65,-63,-63,-67,-63,-61,-57,-63,-75,-79,-61,-67,-67,-65,-67,-81,-85,-85,-77,-61,-45,-65,-69
83,"(1,1)",-65,-63,-63,-67,-65,-65,-57,-63,-75,-79,-59,-67,-67,-65,-73,-81,-85,-85,-79,-61,-35,-63,-69
84,"(1,1)",-65,-59,-63,-67,-63,-63,-57,-63,-75,-77,-61,-67,-67,-67,-73,-81,-87,-81,-79,-61,-35,-63,-69
85,"(1,1)",-65,-59,-63,-69,-65,-63,-57,-65,-77,-77,-59,-67,-67,-67,-73,-81,-87,-83,-79,-61,-35,-65,-71
86,"(1,1)",-65,-61,-61,-63,-65,-65,-57,-63,-77,-79,-61,-65,-67,-67,-73,-81,-87,-83,-81,-61,-35,-63,-71
87,"(1,1)",-65,-61,-63,-69,-63,-63,-57,-63,-77,-77,-61,-67,-65,-65,-73,-73,-87,-81,-77,-63,-35,-65,-71
88,"(1,1)",-63,-63,-63,-67,-63,-63,-55,-63,-75,-77,-61,-67,-67,-67,-73,-73,-87,-83,-77,-61,-35,-65,-71
89,"(1,1)",-65,-59,-61,-67,-65,-61,-57,-65,-77,-77,-61,-65,-67,-65,-67,-73,-87,-83,-77,-63,-45,-61,-71
90,"(1,1)",-65,-59,-63,-65,-65,-61,-55,-65,-77,-73,-61,-65,-67,-65,-73,-73,-87,-79,-77,-61,-45,-61,-69
91,"(1,1)",-63,-59,-63,-67,-65,-61,-57,-61,-75,-75,-61,-65,-67,-65,-65,-73,-87,-75,-79,-63,-37,-61,-69
92,"(1,1)",-65,-59,-63,-67,-59,-61,-57,-67,-75,-77,-61,-67,-67,-65,-65,-71,-75,-75,-63,-45,-67,-69,-79
93,"(1,1)",-65,-63,-63,-69,-65,-63,-57,-63,-75,-77,-61,-67,-69,-65,-73,-71,-75,-75,-61,-37,-67,-71,-79
94,"(1,1)",-65,-61,-63,-67,-63,-71,-57,-65,-75,-77,-61,-77,-65,-65,-67,-79,-81,-75,-61,-35,-65,-71,-79
95,"(1,1)",-65,-59,-63,-63,-65,-61,-59,-67,-75,-79,-59,-67,-67,-67,-71,-81,-81,-77,-61,-47,-63,-69,-79
96,"(1,1)",-65,-59,-63,-61,-65,-85,-57,-65,-75,-77,-61,-67,-67,-67,-67,-81,-81,-77,-61,-35,-65,-71,-79
97,"(1,1)",-65,-61,-63,-69,-59,-63,-57,-65,-75,-75,-61,-67,-67,-67,-67,-81,-81,-77,-61,-35,-67,-71,-79
98,"(1,1)",-65,-59,-63,-63,-65,-61,-57,-65,-77,-77,-61,-67,-67,-67,-67,-83,-81,-77,-61,-37,-59,-71,-79
99,"(1,1)",-65,-63,-63,-65,-67,-61,-57,-67,-77,-73,-79,-67,-67,-67,-71,-81,-83,-77,-63,-35,-67,-71,-75
100,"(1,1)",-65,-61,-63,-65,-63,-63,-57,-65,-75,-79,-61,-67,-65,-65,-65,-81,-83,-75,-61,-35,-67,-71,-79
101,"(1,1)",-65,-63,-63,-65,-61,-65,-57,-67,-77,-79,-61,-67,-65,-65,-73,-81,-83,-75,-63,-35,-67,-71,-79
102,"(1,1)",-65,-61,-61,-67,-63,-65,-55,-63,-75,-79,-61,-69,-65,-65,-73,-81,-83,-75,-63,-45,-65,-71,-79
103,"(1,1)",-65,-63,-63,-67,-63,-65,-57,-63,-75,-79,-61,-69,-65,-67,-61,-81,-81,-75,-61,-35,-59,-71,-79
104,"(1,1)",-65,-63,-63,-67,-63,-61,-59,-63,-77,-79,-61,-67,-77,-63,-67,-81,-81,-75,-63,-45,-61,-71,-79
105,"(1,1)",-65,-59,-63,-65,-71,-65,-57,-67,-77,-77,-61,-75,-67,-67,-69,-81,-81,-75,-63,-45,-63,-71,-75
106,"(1,1)",-65,-59,-63,-65,-65,-63,-57,-63,-75,-77,-61,-75,-67,-65,-71,-81,-83,-75,-69,-45,-63,-71,-79
107,"(1,1)",-65,-61,-63,-67,-65,-63,-55,-63,-75,-77,-59,-67,-67,-67,-65,-81,-85,-75,-61,-45,-67,-71,-79
108,"(1,1)",-59,-61,-63,-67,-65,-63,-55,-63,-75,-79,-61,-65,-65,-65,-65,-81,-81,-75,-61,-37,-67,-71,-79
109,"(1,1)",-65,-77,-63,-65,-65,-65,-57,-65,-75,-77,-61,-67,-67,-65,-73,-81,-83,-75,-61,-45,-63,-71,-79
110,"(1,1)",-65,-77,-61,-67,-63,-61,-59,-65,-75,-73,-61,-67,-67,-65,-71,-81,-83,-77,-61,-37,-67,-79,-81
111,"(1,1)",-65,-59,-63,-67,-65,-63,-57,-67,-83,-79,-63,-67,-67,-65,-73,-81,-81,-75,-63,-47,-67,-79,-81
112,"(1,1)",-65,-63,-63,-69,-65,-63,-57,-65,-75,-79,-61,-67,-67,-67,-73,-81,-79,-75,-63,-35,-63,-79,-81
113,"(1,1)",-65,-63,-63,-67,-61,-63,-57,-65,-75,-77,-63,-67,-69,-75,-73,-81,-83,-75,-61,-37,-63,-81,-79
114,"(1,1)",-65,-55,-63,-67,-65,-63,-57,-63,-75,-77,-59,-65,-67,-67,-71,-81,-83,-77,-63,-35,-63,-79,-79
115,"(1,1)",-65,-61,-63,-67,-63,-63,-55,-63,-77,-77,-61,-75,-67,-67,-67,-81,-81,-75,-61,-35,-67,-77,-79
116,"(1,1)",-65,-61,-61,-67,-63,-63,-59,-61,-73,-81,-61,-67,-67,-67,-67,-79,-81,-75,-71,-35,-63,-79,-79
117,"(1,1)",-65,-59,-65,-67,-63,-65,-59,-61,-75,-79,-61,-67,-65,-67,-73,-79,-81,-77,-57,-35,-65,-75,-79
118,"(1,1)",-65,-61,-63,-67,-61,-63,-59,-65,-75,-77,-63,-65,-65,-67,-75,-79,-81,-77,-61,-37,-61,-79,-79
119,"(1,1)",-65,-63,-63,-63,-65,-65,-55,-67,-77,-77,-61,-67,-67,-67,-73,-79,-81,-79,-61,-35,-63,-73,-79
120,"(1,1)",-65,-61,-63,-65,-65,-63,-57,-61,-75,-77,-61,-67,-67,-65,-65,-79,-83,-75,-75,-37,-63,-77,-79
121,"(1,1)",-67,-61,-63,-67,-63,-63,-65,-63,-75,-79,-61,-67,-67,-69,-67,-79,-83,-75,-61,-45,-65,-81,-79
122,"(1,1)",-65,-61,-63,-69,-65,-63,-57,-65,-73,-79,-59,-67,-67,-67,-67,-79,-83,-77,-59,-45,-67,-81,-81
123,"(1,1)",-65,-61,-63,-65,-63,-63,-57,-65,-77,-79,-61,-67,-67,-67,-67,-79,-83,-77,-61,-45,-67,-77,-81
124,"(1,1)",-65,-61,-63,-67,-63,-63,-77,-63,-77,-79,-61,-67,-67,-65,-65,-79,-83,-77,-63,-45,-61,-81,-81
125,"(1,1)",-65,-59,-63,-65,-63,-61,-57,-63,-75,-75,-61,-67,-67,-65,-71,-79,-83,-77,-63,-45,-65,-79,-81
126,"(1,1)",-65,-63,-63,-65,-65,-63,-57,-65,-75,-79,-59,-67,-67,-65,-67,-79,-83,-77,-77,-37,-67,-77,-81
127,"(1,1)",-65,-59,-63,-67,-63,-63,-57,-61,-75,-77,-59,-67,-67,-67,-67,-73,-83,-77,-61,-35,-67,-77,-81
128,"(1,1)",-65,-59,-63,-65,-63,-63,-57,-63,-77,-79,-61,-77,-67,-65,-73,-73,-83,-77,-61,-45,-63,-77,-81
129,"(1,1)",-65,-57,-83,-65,-83,-63,-57,-63,-77,-77,-61,-77,-67,-65,-65,-73,-83,-77,-63,-35,-63,-77,-81
130,"(1,1)",-65,-61,-61,-67,-63,-61,-57,-63,-75,-77,-63,-77,-65,-67,-65,-73,-81,-77,-61,-35,-67,-77,-81
131,"(1,1)",-65,-59,-65,-87,-65,-63,-59,-67,-75,-79,-61,-67,-65,-67,-65,-73,-83,-77,-61,-35,-65,-81,-81
132,"(1,1)",-65,-65,-63,-65,-63,-63,-57,-65,-75,-79,-61,-67,-65,-61,-67,-73,-83,-77,-61,-35,-63,-81,-81
133,"(1,1)",-67,-59,-63,-65,-63,-63,-57,-63,-83,-81,-61,-75,-67,-67,-73,-73,-83,-77,-61,-37,-63,-73,-81
134,"(1,1)",-65,-57,-63,-67,-65,-63,-57,-63,-75,-77,-61,-67,-67,-65,-73,-73,-83,-77,-61,-33,-61,-77,-81
135,"(1,1)",-65,-61,-63,-69,-65,-61,-59,-63,-75,-77,-61,-67,-67,-63,-75,-73,-81,-77,-61,-35,-67,-77,-81
136,"(1,1)",-65,-63,-63,-63,-61,-61,-57,-67,-75,-79,-61,-67,-67,-63,-69,-73,-81,-77,-59,-35,-63,-73,-83
137,"(1,1)",-65,-63,-63,-67,-63,-63,-59,-61,-73,-77,-63,-67,-67,-65,-71,-73,-77,-77,-61,-35,-61,-79,-81
138,"(1,1)",-65,-63,-63,-65,-65,-65,-57,-63,-75,-77,-59,-67,-67,-65,-73,-73,-77,-77,-61,-35,-63,-79,-81
139,"(1,1)",-65,-59,-63,-67,-63,-63,-57,-63,-75,-77,-63,-67,-67,-65,-67,-73,-77,-75,-63,-35,-67,-75,-83
140,"(1,1)",-65,-63,-63,-67,-65,-61,-55,-63,-75,-65,-61,-67,-67,-65,-67,-77,-77,-61,-35,-67,-75,-83,-77
141,"(1,1)",-65,-61,-63,-67,-65,-63,-57,-61,-75,-79,-61,-67,-67,-67,-73,-77,-77,-63,-35,-63,-79,-83,-77
142,"(1,1)",-65,-61,-63,-67,-65,-63,-57,-63,-73,-77,-61,-67,-67,-67,-65,-81,-77,-63,-45,-61,-79,-83,-81
143,"(1,1)",-65,-61,-63,-67,-65,-61,-57,-67,-75,-79,-61,-75,-65,-67,-73,-79,-63,-61,-37,-65,-77,-83,-83
144,"(1,1)",-65,-61,-63,-67,-63,-63,-57,-61,-77,-77,-61,-67,-67,-67,-71,-79,-75,-61,-45,-65,-77,-83,-79
145,"(1,1)",-65,-61,-65,-65,-65,-61,-57,-61,-75,-79,-61,-67,-67,-65,-67,-81,-77,-61,-45,-67,-77,-83,-81
146,"(1,1)",-65,-61,-63,-67,-65,-61,-57,-65,-75,-79,-61,-67,-67,-67,-73,-81,-77,-61,-35,-65,-77,-83,-81
147,"(1,1)",-65,-59,-63,-65,-65,-61,-57,-65,-73,-79,-61,-65,-65,-71,-71,-83,-77,-61,-67,-67,-77,-81,-81
148,"(1,1)",-67,-59,-63,-61,-65,-61,-57,-65,-75,-79,-61,-67,-67,-67,-67,-83,-77,-61,-67,-67,-77,-81,-81
149,"(1,1)",-67,-57,-61,-67,-63,-63,-57,-67,-75,-79,-61,-65,-67,-67,-65,-83,-77,-61,-47,-67,-71,-81,-81
